CODIGO;DESCRIPCION;SECTOR
100011;1/2 RES PORCINO;CARNICERIA
100010;1/2 RES VACUNO;CARNICERIA
27021;3D MEGA QUESO  23G ORIGINAL;ALMACEN
21557;3D MEGA QUESO  43G ;ALMACEN
24338;3D MEGA QUESO  85G ORIGINAL;ALMACEN
19846;3D MEGA QUESO  90G ORIGINAL ;ALMACEN
19099;3D MEGA QUESO 143G ;ALMACEN
06594;ABRELATA MARIPOSA MAKE;ALMACEN
27554;ABRELATA UÑA LOEKEMEYER CROMADO ;ALMACEN
06593;ABRELATA UÑA MAKE;ALMACEN
01887;ABRELATAS LOEKEMEYER MANIJA;ALMACEN
01862;ABRELATAS LOEKEMEYER MARIPOSA;ALMACEN
01860;ABRELATAS LOEKEMEYER UNA;ALMACEN
25571;ABROCH. DELI MINI N10 EXPLORA;ALMACEN
24098;ABROCHADORA DELI MINI N10 ZOO;ALMACEN
27652;ABROCHADORA EZCO MINI N10;ALMACEN
22455;ABROCHADORA MAPED MINI NIGHTFALL;ALMACEN
27147;ABROCHADORA NUSING AZUL;ALMACEN
27148;ABROCHADORA NUSING BLANCO;ALMACEN
27149;ABROCHADORA NUSING ROSA;ALMACEN
27150;ABROCHADORA NUSING VERDE;ALMACEN
16113;ACEIT.MARVAVIC 200G NEGRAS ENTERAS;FIAMBRERIA
13576;ACEIT.MARVAVIC 200G NEGRAS RODAJAS;FIAMBRERIA
13573;ACEIT.MARVAVIC 200G RELLENAS;FIAMBRERIA
13575;ACEIT.MARVAVIC 200G RODAJAS;FIAMBRERIA
08004;ACEIT.MARVAVIC 200G VERDES BANDEJA;FIAMBRERIA
13574;ACEIT.MARVAVIC 200G VERDES DESCAROZ;FIAMBRERIA
08005;ACEIT.MARVAVIC 200GR NEGRAS DESCAROZADAS;FIAMBRERIA
08057;ACEIT.MARVAVIC 200GR TROZOS MORRON;FIAMBRERIA
10904;ACEIT.MARVAVIC 220GR GRIEGAS FRASCO;FIAMBRERIA
22378;ACEIT.MARVAVIC 2KG GRIEGAS FRASCO;FIAMBRERIA
19368;ACEIT.MARVAVIC 300GR TROZOS MORRON;FIAMBRERIA
13577;ACEIT.MARVAVIC 330G CONDIMENTADAS;FIAMBRERIA
26778;ACEIT.MARVAVIC 330G NEGRAS;FIAMBRERIA
26777;ACEIT.MARVAVIC 330G VERDES;FIAMBRERIA
26779;ACEIT.MARVAVIC 3KG NEGRAS;FIAMBRERIA
28117;ACEIT.MARVAVIC 3KG NEGRAS ;FIAMBRERIA
27435;ACEIT.MARVAVIC 3KG NEGRAS RODAJAS;FIAMBRERIA
27212;ACEIT.MARVAVIC 4KG VERDES DESCAROZADAS;FIAMBRERIA
05831;ACEIT.MERIDIANO GRIEGAS 230G F;FIAMBRERIA
06723;ACEIT.NUCETE NEGRA 100G ENTERA SACHET;FIAMBRERIA
06714;ACEIT.NUCETE NEGRA 180G LIGHT FRASCO;FIAMBRERIA
05631;ACEIT.NUCETE NEGRA 200G ENTERA FRASCO;FIAMBRERIA
08142;ACEIT.NUCETE VERDE  80G DESC.SACHET;FIAMBRERIA
16053;ACEIT.NUCETE VERDE 1.5K DESC.FRASCO;FIAMBRERIA
06715;ACEIT.NUCETE VERDE 100G ENTERA SACHET;FIAMBRERIA
14315;ACEIT.NUCETE VERDE 100G MORRON SACHET;FIAMBRERIA
08140;ACEIT.NUCETE VERDE 150G DESC.DOY;FIAMBRERIA
000611;ACEIT.NUCETE VERDE 150G RODAJAS DOY;FIAMBRERIA
10680;ACEIT.NUCETE VERDE 180G DESC.PREMIUM FRASCO;FIAMBRERIA
18439;ACEIT.NUCETE VERDE 180G ENSALADA DOY;FIAMBRERIA
000600;ACEIT.NUCETE VERDE 180G ENTERA DOY;FIAMBRERIA
07032;ACEIT.NUCETE VERDE 180G LIGHT FRASCO;FIAMBRERIA
06814;ACEIT.NUCETE VERDE 180G MORRON DOY;FIAMBRERIA
2588;ACEIT.NUCETE VERDE 200G ENTERA COMUN FRASCO;FIAMBRERIA
16614;ACEIT.NUCETE VERDE 200G ENTERA SACHET ;FIAMBRERIA
04713;ACEIT.NUCETE VERDE 220G ENTERA PREMIUM FRASCO;FIAMBRERIA
04791;ACEIT.NUCETE VERDE 220G MORRON FRASCO PREMIUM;FIAMBRERIA
02669;ACEIT.NUCETE VERDE 2K ENTERA FRASCO #7;FIAMBRERIA
16054;ACEIT.NUCETE VERDE 2K RELLENAS FRASCO;FIAMBRERIA
2597;ACEIT.NUCETE VERDE 330G DESC.COMUN FRASCO;FIAMBRERIA
14075;ACEIT.NUCETE VERDE 350G DESC.PREMIUM FRASCO ;FIAMBRERIA
13060;ACEIT.NUCETE VERDE 400G ENTERA PREMIUM FRASCO;FIAMBRERIA
14074;ACEIT.NUCETE VERDE 400G MORRON PREMIUM FRASCO;FIAMBRERIA
13061;ACEIT.NUCETE VERDE 500G ENTERA SACHET;FIAMBRERIA
08300;ACEIT.NUCETE VERDE 500G RELLENAS SACHET;FIAMBRERIA
15411;ACEIT.NUCETE VERDE.330G AJO FRASCO ;FIAMBRERIA
15413;ACEIT.NUCETE VERDE.330G CEBOLLA FRASCO;FIAMBRERIA
15412;ACEIT.NUCETE VERDE.330G JALAPEÑO FRASCO;FIAMBRERIA
15410;ACEIT.NUCETE VERDE.330G LIMON  FRASCO;FIAMBRERIA
21254;ACEIT.TOSCANA 140G DESC.D/P;FIAMBRERIA
21246;ACEIT.TOSCANA NEGRAS 160G;FIAMBRERIA
21245;ACEIT.TOSCANA VERDES 160G;FIAMBRERIA
26673;ACEIT.VANOLI NEGRA 5KG ENTERA NRO 0;FIAMBRERIA
26674;ACEIT.VANOLI VERDE 5KG RELLENAS;FIAMBRERIA
17763;ACEIT.VERDES MARIDIANO 330G ;FIAMBRERIA
13145;ACEITE ALMENDRA TABLADA 100ML DULCE;ALMACEN
01842;ACEITE ARCOR 900CC MAIZ BOTELLA;ALMACEN
03455;ACEITE CANUELAS  900CC GIRASOL;ALMACEN
01933;ACEITE CANUELAS 1.5L GIRASOL;ALMACEN
10008;ACEITE CHIAGRAAL 180CC COCO NE;ALMACEN
09951;ACEITE CHIAGRAAL 180CC COCO VI;ALMACEN
13714;ACEITE CHIAGRAAL 360ML COCO NEUTRO;ALMACEN
15336;ACEITE COCINERO 1.5L GIRASOL;ALMACEN
26571;ACEITE COCINERO 1.5LT OLIVA GIRASOL;ALMACEN
21340;ACEITE COCINERO 1L OLIVA BOT.;ALMACEN
22021;ACEITE COCINERO 250CC OLIVA PET;ALMACEN
22704;ACEITE COCINERO 500CC OLIVA ;ALMACEN
22705;ACEITE COCINERO 500CC OLIVA EXTRA VIRGEN SUAVE;ALMACEN
15335;ACEITE COCINERO 900CC GIRASOL;ALMACEN
26570;ACEITE COCINERO 900CC OLIVA GIRASOL;ALMACEN
27991;ACEITE COCO CHIAGRAAL 360ML VIRGEN;ALMACEN
26951;ACEITE COCO CHIAGRAAL 660CC NEUTRO;ALMACEN
20320;ACEITE COCO ENTRENUTS 200CC NEUTRO;ALMACEN
24195;ACEITE COCO ENTRENUTS 360CC NEUTRO ;ALMACEN
13146;ACEITE COCO TABLADA 125ML PURO;ALMACEN
26597;ACEITE DICOMERE 500CC GIRASOL ALTO OLEICO;ALMACEN
24257;ACEITE FRITOLIM 120G CLASICO ;ALMACEN
24750;ACEITE FRITOLIM 120G MANTECA ;ALMACEN
25327;ACEITE FRITOLIM 120G OLIVA;ALMACEN
08767;ACEITE FRITOLIM CLASICO 120G;ALMACEN
05078;ACEITE GRANIX 750CC GIRASOL AL;ALMACEN
23710;ACEITE JOHNSONS 200CC BABY;ALMACEN
26502;ACEITE LIRA 500CC EXTRA OLIVA LATA;ALMACEN
17568;ACEITE MENOYO 120G GIRASOL AEROSOL;ALMACEN
17569;ACEITE MENOYO 120G MANTECA AEROSOL;ALMACEN
17567;ACEITE MENOYO 120G OLIVA AEROSOL;ALMACEN
01550;ACEITE NATURA  900CC;ALMACEN
01566;ACEITE NATURA  900CC OLIVA/GIR;ALMACEN
0603;ACEITE NATURA 1.5L;ALMACEN
100609;ACEITE NATURA 3.0L;ALMACEN
11358;ACEITE NATURA 500CC GIR.OLIVA;ALMACEN
26357;ACEITE NATURA 500CC OLIVA ANDINO;ALMACEN
26356;ACEITE NATURA 500CC OLIVA FUERTE;ALMACEN
11360;ACEITE NATURA 500CC OLIVA INTE;ALMACEN
26355;ACEITE NATURA 500CC OLIVA SUAVE;ALMACEN
07591;ACEITE NUCETE 1LT OLIVA VIRGEN;ALMACEN
09410;ACEITE NUCETE 250CC OLIVA EXTRA VIRGEN BOTELLA;ALMACEN
03252;ACEITE NUCETE 500CC OLIVA VIDR;ALMACEN
15414;ACEITE NUCETE 500ML OLIVA LATA;ALMACEN
11375;ACEITE OLIOVITA 250CC CLASICO BOT;ALMACEN
18626;ACEITE OLIOVITA 250CC CLASICO PET;ALMACEN
13950;ACEITE OLIOVITA 250ML MEDITERRANEO PET;ALMACEN
11376;ACEITE OLIOVITA 500CC V.EXTRA;ALMACEN
19584;ACEITE OLIOVITA 500CC VIDRIO;ALMACEN
18627;ACEITE OLIOVITA 500ML MEDITERRANEO BOT;ALMACEN
22925;ACEITE OLIVA CEBILA 3.0LT VIRGEN ;ALMACEN
15409;ACEITE OLIVA NUCETE 2L E.V CLASICO;ALMACEN
03659;ACEITE OLIVARES 2L OLIVA;ALMACEN
23167;ACEITE OLIVARES 500CC OLIVA PET;ALMACEN
03584;ACEITE OLIVARES 500CC OLIVA VIDRIO;ALMACEN
18071;ACEITE REVIGAL 250CC LIBRICANTE ;ALMACEN
16258;ACEITE TOSCANA 250ML OLIVA C/LIMON;ALMACEN
09982;ACEITE TOSCANA OLIVA 250CC;ALMACEN
04777;ACEITE TOSCANA OLIVA 250CC AJI;ALMACEN
05638;ACEITE TOSCANA OLIVA 250CC AJO;ALMACEN
05166;ACEITE TOSCANA OLIVA 250CC ALB;ALMACEN
16905;ACEITE TOSCANA OLIVA 250CC PET;ALMACEN
09984;ACEITE TOSCANA OLIVA 500CC BOT;ALMACEN
17029;ACEITUNAS GRIEGAS MARVAVIC ;FIAMBRERIA
00623;ACEITUNAS SUELTAS NEGRAS ACEITE;FIAMBRERIA
00843;ACEITUNAS SUELTAS NEGRAS DESCAROZADAS;FIAMBRERIA
00388;ACEITUNAS SUELTAS NEGRAS ENTERAS;FIAMBRERIA
00996;ACEITUNAS SUELTAS NEGRAS GRIEGAS;FIAMBRERIA
00653;ACEITUNAS SUELTAS NEGRAS RODAJAS;FIAMBRERIA
00406;ACEITUNAS SUELTAS VERDES DESCAROZADAS;FIAMBRERIA
00266;ACEITUNAS SUELTAS VERDES ENTERAS;FIAMBRERIA
00841;ACEITUNAS SUELTAS VERDES RELLENAS;FIAMBRERIA
00878;ACEITUNAS SUELTAS VERDES RODAJAS;FIAMBRERIA
00701;ACELGA EL KG.;VERDULERIA
24125;ACELGA GRANJA DEL SOL 500G ;ALMACEN
24328;ACELGA GREEN LIFE 550G ;ALMACEN
14437;ACETO BALSAM.VANOLI 500ML;ALMACEN
09883;ACETO BALSAMICO COCINERO 250ML;ALMACEN
22415;ACETO BALSAMICO OLIOVITA 250CC RED;ALMACEN
22414;ACETO BALSAMICO OLIOVITA 250CC TRAD;ALMACEN
25533;ACETO CASALTA 250ML CLASICO;ALMACEN
15831;ACETO CASALTA 250ML GLAZE AHUMADO;ALMACEN
15833;ACETO CASALTA 250ML GLAZE CURRY;ALMACEN
15832;ACETO CASALTA 250ML GLAZE ORIGINAL;ALMACEN
25535;ACETO CASALTA 250ML REDUCCION;ALMACEN
03416;ACETO CASALTA 400CC CLASICO;ALMACEN
03496;ACETO CASALTA 400CC TIPO REDUCCION;ALMACEN
09700;ACETO CASALTA 400ML AHUMADO;ALMACEN
25532;ACETO CASALTA 400ML MANZANA;ALMACEN
25534;ACETO CASALTA 500ML CLASICO;ALMACEN
25536;ACETO CASALTA 500ML REDUCCION;ALMACEN
17565;ACETO MENOYO 250ML AHUMADO VIDRIO;ALMACEN
17563;ACETO MENOYO 250ML FRUTOS BOSQUE;ALMACEN
17790;ACETO MENOYO 250ML LIMON;ALMACEN
17789;ACETO MENOYO 250ML MANZANA;ALMACEN
17574;ACETO MENOYO 250ML REDUC.AHUMADO PET;ALMACEN
17576;ACETO MENOYO 250ML TRAD.PET;ALMACEN
25512;ACETO MENOYO 500ML REDUC VIDRIO ORIGINAL;ALMACEN
00713;ACHICORIA EL ATADO;VERDULERIA
23156;ACOND. ELVIVE 200CC RIZOS DEFINIDOS;ALMACEN
25336;ACOND. H&S 300ML ARGAN;ALMACEN
19545;ACOND. PLUSBELLE 1L ANTIOXIDANTE REVIT;ALMACEN
19548;ACOND. PLUSBELLE 1L BALANCE REPARADOR;ALMACEN
19600;ACOND. PLUSBELLE 1L BRILLO LUMINOSIDAD;ALMACEN
18513;ACOND. PLUSBELLE 1L DOCILIDAD ;ALMACEN
19601;ACOND. PLUSBELLE 1L FRESCURA VITALIDAD;ALMACEN
19603;ACOND. PLUSBELLE 1L SUAVIDAD CUIDADO;ALMACEN
27417;ACOND. PLUSBELLE 970CC ESEN.FUERZA REPARADORA;ALMACEN
20095;ACOND. SUAVE 930CC BRILLO CERAMIDAS;ALMACEN
20097;ACOND. SUAVE 930CC FUERZA NUTRITIVA;ALMACEN
04344;ACOND.DOVE 180CC RITUAL/REP.;ALMACEN
22810;ACOND.DOVE 180ML D.P RITUAL REPARACION;ALMACEN
21714;ACOND.DOVE 180ML RECONSTRUCCION COMP. D.P.;ALMACEN
09100;ACOND.DOVE 200CC HIDRATACION;ALMACEN
02059;ACOND.DOVE 200CC OLEO NUTRICIO;ALMACEN
21804;ACOND.DOVE 200CC ÓLEO NUTRICION;ALMACEN
21806;ACOND.DOVE 200CC RECONST. COMPLETA;ALMACEN
03990;ACOND.DOVE 200CC RECONSTRUCCIO;ALMACEN
09090;ACOND.DOVE 200CC RECUP.EXTREMA;ALMACEN
04034;ACOND.DOVE 200CC RECUPERACION;ALMACEN
21800;ACOND.DOVE 200CC REGENERACIÓN EXTREMA;ALMACEN
21808;ACOND.DOVE 200CC RITUAL REPARACIÓN;ALMACEN
16956;ACOND.DOVE 200ML OLEO NUTRI.C/SECO;ALMACEN
04311;ACOND.DOVE 400CC CAB.SECO;ALMACEN
21795;ACOND.DOVE 400CC LARGOS FUERTES FLEX;ALMACEN
20921;ACOND.DOVE 400CC NUTRICION MICELAR;ALMACEN
20926;ACOND.DOVE 400CC OLEO NUTRICIO;ALMACEN
20927;ACOND.DOVE 400CC RECONSTRUCCION COMPLETA;ALMACEN
20922;ACOND.DOVE 400CC RITUAL CRECIMIENTO;ALMACEN
07715;ACOND.DOVE 400CC RITUAL DETOX;ALMACEN
20924;ACOND.DOVE 400CC RITUAL FORTALECEDOR;ALMACEN
21796;ACOND.DOVE 400CC RITUAL REPARACIÓN;ALMACEN
22943;ACOND.DOVE 400ML BRILLO ;ALMACEN
22936;ACOND.DOVE 400ML HIDRATACION ;ALMACEN
22942;ACOND.DOVE 400ML LARGOS FUERTES Y FLEX;ALMACEN
24692;ACOND.DOVE 400ML REGENERACION EXT.;ALMACEN
09031;ACOND.DOVE 750CC NUTRITIVE;ALMACEN
04619;ACOND.ELVIVE 200CC ARCILLA;ALMACEN
18851;ACOND.ELVIVE 200CC ARCILLA EXT.CAB.NORMAL;ALMACEN
22537;ACOND.ELVIVE 200CC CAB. MUY DAÑADO;ALMACEN
18850;ACOND.ELVIVE 200CC CAB.DAÑADO ;ALMACEN
18852;ACOND.ELVIVE 200CC CAB.LARGO DAÑADO ;ALMACEN
18853;ACOND.ELVIVE 200CC CAB.TEÑIDO ;ALMACEN
22539;ACOND.ELVIVE 200CC CAB.TEÑIDO ;ALMACEN
20094;ACOND.ELVIVE 200CC COLOR MATIZ.VIOLETA;ALMACEN
27055;ACOND.ELVIVE 200CC DREAM LISO;ALMACEN
11980;ACOND.ELVIVE 200CC DREAM LONG;ALMACEN
17986;ACOND.ELVIVE 200CC EXTREME RECONSTRUCCION;ALMACEN
25002;ACOND.ELVIVE 200CC GLYCOGLOSS;ALMACEN
22557;ACOND.ELVIVE 200CC HIDRA EQUILIBRANTE;ALMACEN
15093;ACOND.ELVIVE 200CC HIDRA HIALUR.;ALMACEN
22549;ACOND.ELVIVE 200CC HIDRA HIALUR. COCO;ALMACEN
04429;ACOND.ELVIVE 200CC KERA LISO LACIO;ALMACEN
22551;ACOND.ELVIVE 200CC KERA LISO NUTRI;ALMACEN
20689;ACOND.ELVIVE 200CC KERA LISO PERFECC;ALMACEN
20102;ACOND.ELVIVE 200CC KERA-LISO PERFECC.;ALMACEN
20682;ACOND.ELVIVE 200CC OLEO COCO;ALMACEN
04631;ACOND.ELVIVE 200CC OLEO EXTRA;ALMACEN
22534;ACOND.ELVIVE 200CC OLEO EXTRA;ALMACEN
17990;ACOND.ELVIVE 200CC OLEO RIZOS DEF.;ALMACEN
04324;ACOND.ELVIVE 200CC RIZOS DEFIN;ALMACEN
22533;ACOND.ELVIVE 200CC RT5 REPARADOR 11%;ALMACEN
01420;ACOND.ELVIVE 200CC SUPER LISS;ALMACEN
27923;ACOND.ELVIVE 200ML GLYCOLIC CRISTAL ;ALMACEN
20715;ACOND.ELVIVE 200ML NUTRI-LISS;ALMACEN
04211;ACOND.ELVIVE 400CC ARCILLA;ALMACEN
22111;ACOND.ELVIVE 400CC CAB.ALISADO C/CALOR;ALMACEN
22110;ACOND.ELVIVE 400CC CAB.DAÑADO;ALMACEN
22117;ACOND.ELVIVE 400CC CAB.DESHIDRATADO;ALMACEN
22129;ACOND.ELVIVE 400CC CAB.TEÑIDO;ALMACEN
04118;ACOND.ELVIVE 400CC COLOR VIVE;ALMACEN
27038;ACOND.ELVIVE 400CC DREAM LISO;ALMACEN
19238;ACOND.ELVIVE 400CC DREAM LONG;ALMACEN
04566;ACOND.ELVIVE 400CC EXTREME;ALMACEN
25005;ACOND.ELVIVE 400CC GLYCOGLOSS;ALMACEN
20186;ACOND.ELVIVE 400CC KERA LISO PERF;ALMACEN
20187;ACOND.ELVIVE 400CC NUTRICIÓN INTENSA;ALMACEN
04873;ACOND.ELVIVE 400CC OLEO NUTRIC COCO;ALMACEN
17991;ACOND.ELVIVE 400CC OLEO RIZOS DEF.;ALMACEN
01450;ACOND.ELVIVE 400CC OLEO VERANO;ALMACEN
22116;ACOND.ELVIVE 400CC RAÍZ GRASA;ALMACEN
04339;ACOND.ELVIVE 400CC RIZOS DEFIN;ALMACEN
23158;ACOND.ELVIVE 400CC RIZOS EXTRAORDINARIOS;ALMACEN
22526;ACOND.ELVIVE 400CC RT5 REPARADOR 11%;ALMACEN
04124;ACOND.ELVIVE 400CC RT5+CICA REPAR.;ALMACEN
01356;ACOND.ELVIVE 400CC SUPER LISS;ALMACEN
18651;ACOND.ELVIVE 400ML DREAM LONG RECONS;ALMACEN
25136;ACOND.ELVIVE 400ML OLEO NUTR. SECO;ALMACEN
25549;ACOND.ESTRELLA 200CC CAB.CLAROS;ALMACEN
20529;ACOND.ESTRELLA 200CC CAB.SUAV.;ALMACEN
26933;ACOND.ESTRELLA BABY 250CC CAB.CLAROS;ALMACEN
26934;ACOND.ESTRELLA BABY 250CC CAB.SUAVES;ALMACEN
19351;ACOND.FRUCTIS 200CC ALOE HIDRA;ALMACEN
23380;ACOND.FRUCTIS 200CC ALOE HIDRA;ALMACEN
21435;ACOND.FRUCTIS 200CC GOODBYE DANOS;ALMACEN
22542;ACOND.FRUCTIS 200CC HYDRA LISS;ALMACEN
24476;ACOND.FRUCTIS 200CC OIL REP.LISO COCO;ALMACEN
25137;ACOND.FRUCTIS 200CC OIL RIZOS PODEROSOS;ALMACEN
22527;ACOND.FRUCTIS 200CC REC. NUTRITIVA;ALMACEN
10330;ACOND.FRUCTIS 200CC RIZOS PODEROSOS ;ALMACEN
24034;ACOND.FRUCTIS 200CC RIZOS PODEROSOS;ALMACEN
25017;ACOND.FRUCTIS 300CC CACAO RIZOS;ALMACEN
16424;ACOND.FRUCTIS 300CC COCO REPAR.;ALMACEN
22523;ACOND.FRUCTIS 350CC HYDRA LISS ;ALMACEN
22556;ACOND.FRUCTIS 350CC RECARGA NUTRITIVA;ALMACEN
10325;ACOND.FRUCTIS 350CC RIZOS;ALMACEN
20189;ACOND.FRUCTIS 350CC RIZOS PODEROSOS;ALMACEN
22555;ACOND.FRUCTIS 350CC RIZOS PODEROSOS;ALMACEN
22504;ACOND.H&S 300CC DERMO SENSITIVE;ALMACEN
14292;ACOND.H&S 300CC HUMECTACION;ALMACEN
14289;ACOND.H&S 300CC MANAZANA FRESH;ALMACEN
14290;ACOND.H&S 300CC PROTECC.CAIDA;ALMACEN
14288;ACOND.H&S 300CC SUAVE Y MANJ;ALMACEN
16976;ACOND.H&S 300ML CARBON ACT.;ALMACEN
16590;ACOND.H&S 300ML FUERZA RAIZ ;ALMACEN
05670;ACOND.H&S 300ML HIDRATACION;ALMACEN
24712;ACOND.JOHNSON 200ML ORIGINAL ;ALMACEN
25592;ACOND.JOHNSON 400ML CABELLO CLARO;ALMACEN
25591;ACOND.JOHNSON 400ML ORIGINAL;ALMACEN
24711;ACOND.JOHNSONS 200ML CAB.CLARO ;ALMACEN
17850;ACOND.PANTENE 200ML BAMBU ;ALMACEN
22780;ACOND.PANTENE 200ML BAMBU NYC;ALMACEN
20578;ACOND.PANTENE 200ML COLÁGENO;ALMACEN
26379;ACOND.PANTENE 200ML DETOX;ALMACEN
21823;ACOND.PANTENE 200ML HIDRATACION;ALMACEN
25468;ACOND.PANTENE 200ML KERATINA ;ALMACEN
25474;ACOND.PANTENE 200ML PROV.HIDRATA ;ALMACEN
25473;ACOND.PANTENE 200ML PROV.LISO INF.;ALMACEN
26972;ACOND.PANTENE 200ML PROV.LISO INF.;ALMACEN
27469;ACOND.PANTENE 200ML PROV.RESTAURACION;ALMACEN
25469;ACOND.PANTENE 200ML PROV.REVIT.;ALMACEN
25470;ACOND.PANTENE 200ML PROV.VOLUMEN ;ALMACEN
21824;ACOND.PANTENE 200ML RESTAURACIÓN;ALMACEN
27760;ACOND.PANTENE 250ML COLAGENO;ALMACEN
27761;ACOND.PANTENE 250ML KERATINA ;ALMACEN
17721;ACOND.PANTENE 400ML BAMBU;ALMACEN
17720;ACOND.PANTENE 400ML BRILLO EXTREMO;ALMACEN
20489;ACOND.PANTENE 400ML COLÁGENO;ALMACEN
25479;ACOND.PANTENE 400ML DETOX;ALMACEN
25482;ACOND.PANTENE 400ML EQUILIBRIO ;ALMACEN
17301;ACOND.PANTENE 400ML HID.EXTREMA;ALMACEN
21535;ACOND.PANTENE 400ML HIDRATA/FORTAL;ALMACEN
21440;ACOND.PANTENE 400ML HIDRATACION INTENSA;ALMACEN
25478;ACOND.PANTENE 400ML PROV.LISO INF.;ALMACEN
25476;ACOND.PANTENE 400ML PROV.VOLUMEN ;ALMACEN
21207;ACOND.PANTENE 400ML RESTAURACION;ALMACEN
25483;ACOND.PANTENE 400ML REVITAL.;ALMACEN
03973;ACOND.PANTENE FUERZA REC.200CC;ALMACEN
01372;ACOND.PANTENE LISO SED.200ML;ALMACEN
2763;ACOND.PLUSBELLE 1L ANTIQ.;ALMACEN
18232;ACOND.PLUSBELLE 1L BALANCE REPARADOR;ALMACEN
18514;ACOND.PLUSBELLE 1L BRILLO;ALMACEN
16789;ACOND.PLUSBELLE 1L DETOX ;ALMACEN
13256;ACOND.PLUSBELLE 1L DETOX PURIFICANTE;ALMACEN
18231;ACOND.PLUSBELLE 1L FRESCURA VITALIDAD;ALMACEN
25593;ACOND.PLUSBELLE 1L FUERZA ANTIOXIDANTE;ALMACEN
2751;ACOND.PLUSBELLE 1L HIDRA;ALMACEN
23652;ACOND.PLUSBELLE 1L HIDRATACION NUTRITIVA;ALMACEN
18229;ACOND.PLUSBELLE 1L NUTRICION CREMOSA;ALMACEN
20718;ACOND.PLUSBELLE 1L PROTECCION NATURAL;ALMACEN
24595;ACOND.PLUSBELLE 1L REACTIVACION;ALMACEN
2761;ACOND.PLUSBELLE 1L REVIT;ALMACEN
20865;ACOND.PLUSBELLE 1L SUAVIDAD;ALMACEN
23721;ACOND.PLUSBELLE 1L VITALIDAD;ALMACEN
23888;ACOND.PLUSBELLE 970CC LARGO;ALMACEN
09353;ACOND.PLUSBELLE FRESC. VITALID;ALMACEN
07006;ACOND.PLUSBELLE NUTRICION CREMOSA;ALMACEN
05342;ACOND.PLUSBELLE SUAVIDAD Y FRE;ALMACEN
09558;ACOND.ROUBAIX 400CC LINO;ALMACEN
08760;ACOND.ROUBAIX 400CC ORTIGA ;ALMACEN
03922;ACOND.SEDAL 190CC ARGAN;ALMACEN
21748;ACOND.SEDAL 190CC BOMBA ARGAN;ALMACEN
15059;ACOND.SEDAL 190CC BOMBA NUTRIC;ALMACEN
22078;ACOND.SEDAL 190CC CARBON PEONIAS;ALMACEN
21746;ACOND.SEDAL 190CC CERAMIDAS;ALMACEN
22074;ACOND.SEDAL 190CC COLÁGENO+VIT C;ALMACEN
01425;ACOND.SEDAL 190CC CREMA BALANC;ALMACEN
22080;ACOND.SEDAL 190CC CREMA BALANCE;ALMACEN
21747;ACOND.SEDAL 190CC HIALURÓNICO;ALMACEN
11345;ACOND.SEDAL 190CC HIDRA.MICELA;ALMACEN
22077;ACOND.SEDAL 190CC JENGIBRE RICINO;ALMACEN
22079;ACOND.SEDAL 190CC LISO PERFECTO;ALMACEN
22919;ACOND.SEDAL 190CC PREBIOTICOS Y BIOTINA;ALMACEN
21759;ACOND.SEDAL 190CC RESTAURACION INST;ALMACEN
22081;ACOND.SEDAL 190CC RIZOS DEFINIDOS;ALMACEN
14429;ACOND.SEDAL 190ML BOMBA COCO;ALMACEN
17127;ACOND.SEDAL 190ML BOMBA REST.;ALMACEN
13958;ACOND.SEDAL 190ML CABON ACT.;ALMACEN
17883;ACOND.SEDAL 190ML COLAGENO ;ALMACEN
17884;ACOND.SEDAL 190ML HIALURONICO ;ALMACEN
17885;ACOND.SEDAL 190ML JENGIBRE;ALMACEN
26242;ACOND.SEDAL 190ML LUMINOUS;ALMACEN
14730;ACOND.SEDAL 190ML PALTA;ALMACEN
17886;ACOND.SEDAL 190ML RESTAURACION;ALMACEN
20864;ACOND.SEDAL 300CC BALANCE D.P.;ALMACEN
20866;ACOND.SEDAL 300CC RESTAURACIÓN D.P;ALMACEN
18421;ACOND.SEDAL 300ML BALANCE HIDRAT;ALMACEN
15448;ACOND.SEDAL 300ML BALANCE REP;ALMACEN
09765;ACOND.SEDAL 300ML BOMBA REP.;ALMACEN
18420;ACOND.SEDAL 300ML CERAMIDAS HIDRAT;ALMACEN
19608;ACOND.SEDAL 300ML CERAMIDAS REP.;ALMACEN
22803;ACOND.SEDAL 300ML CERAMIDAS TRATAMIENTO;ALMACEN
27203;ACOND.SEDAL 300ML LUMINOUS UV;ALMACEN
15498;ACOND.SEDAL 300ML REST.REP;ALMACEN
18419;ACOND.SEDAL 300ML RESTAURACION;ALMACEN
22939;ACOND.SEDAL 340C COLAGENO Y VIT C;ALMACEN
03918;ACOND.SEDAL 340CC ARGAN;ALMACEN
21395;ACOND.SEDAL 340CC ARGAN;ALMACEN
20737;ACOND.SEDAL 340CC BALANCE;ALMACEN
10949;ACOND.SEDAL 340CC BOMBA;ALMACEN
15045;ACOND.SEDAL 340CC BOMBA;ALMACEN
18381;ACOND.SEDAL 340CC BOMBA ARGAN;ALMACEN
18619;ACOND.SEDAL 340CC BOMBA NUTRICION ;ALMACEN
15852;ACOND.SEDAL 340CC CARB.ACTIVADO;ALMACEN
18802;ACOND.SEDAL 340CC CARBON ACT. PEONIAS;ALMACEN
2940;ACOND.SEDAL 340CC CARBON ACT. PEONIAS;ALMACEN
18384;ACOND.SEDAL 340CC CERAMIDAS;ALMACEN
20738;ACOND.SEDAL 340CC CERAMIDAS;ALMACEN
18618;ACOND.SEDAL 340CC COLAGENO VIT C;ALMACEN
18000;ACOND.SEDAL 340CC CREMA BALANCE;ALMACEN
17465;ACOND.SEDAL 340CC HIALURONICO;ALMACEN
20949;ACOND.SEDAL 340CC HIALURONICO;ALMACEN
17466;ACOND.SEDAL 340CC JENG/RICINO;ALMACEN
01831;ACOND.SEDAL 340CC LISO PERFECT;ALMACEN
18803;ACOND.SEDAL 340CC LISO PERFECTO ;ALMACEN
20948;ACOND.SEDAL 340CC LISO PERFECTO;ALMACEN
22940;ACOND.SEDAL 340CC PREBIOTICOS Y BIOTINA;ALMACEN
05077;ACOND.SEDAL 340CC REST.;ALMACEN
18380;ACOND.SEDAL 340CC RESTAURACION;ALMACEN
21393;ACOND.SEDAL 340CC RESTAURACION INST.;ALMACEN
18616;ACOND.SEDAL 340CC RIZOS DEF;ALMACEN
22941;ACOND.SEDAL 340CC RIZOS DEFINIDOS;ALMACEN
24064;ACOND.SEDAL 340ML JENG/RICINO;ALMACEN
04297;ACOND.SEDAL 650 CC HIDRATACION;ALMACEN
02587;ACOND.SUAVE 930CC COCO LECHE;ALMACEN
21907;ACOND.SUAVE 930CC MANZANA;ALMACEN
04179;ACOND.SUAVE 930CC MANZANA VERD;ALMACEN
21908;ACOND.SUAVE 930CC MANZANILLA RUBIOS;ALMACEN
11292;ACOND.SUAVE 930CC PALTA Y OLEO;ALMACEN
21092;ACOND.SUAVE 930ML ALOE DETOX;ALMACEN
24075;ACOND.SUAVE 930ML BOMBA CERAMIDAS ;ALMACEN
24074;ACOND.SUAVE 930ML BOMBA DELICIOSA;ALMACEN
24076;ACOND.SUAVE 930ML BOMBA FRUTAL ;ALMACEN
23285;ACOND.SUAVE 930ML BOMBA JAZMIN;ALMACEN
13289;ACOND.SUAVE 930ML DETOX REFRE;ALMACEN
09229;ACOND.SUAVE 930ML LACIO ;ALMACEN
20902;ACOND.SUAVE 930ML LACIO ANTIFRIZZ;ALMACEN
24885;ACOND.TRESEMME 250CC KERATINA ANTIFRIZZ;ALMACEN
23131;ACOND.TRESEMME 250ML BRILLO LAMELAR;ALMACEN
23132;ACOND.TRESEMME 250ML CAUT.REPARADORA;ALMACEN
23127;ACOND.TRESEMME 250ML KERA ANTIFRIZZ;ALMACEN
23128;ACOND.TRESEMME 250ML LISO BOTOX;ALMACEN
23126;ACOND.TRESEMME 250ML ONDAS BOHO;ALMACEN
22337;ACQUA DI FIORE BOX BE GODD ;ALMACEN
22338;ACQUA DI FIORE BOX FLOR ;ALMACEN
22339;ACQUA DI FIORE BOX INSIDE ;ALMACEN
22340;ACQUA DI FIORE BOX NINI;ALMACEN
22354;ACQUA DI FIORE BOX OLIVIA ;ALMACEN
22071;ACTIMEL 100CC FRUTILLA L/SELLOS;FIAMBRERIA
22020;ACTIMEL 100CC MULTIFRUTA L/SELLOS;FIAMBRERIA
26003;ACTIMEL 100G CITRUS BOT;FIAMBRERIA
24593;ACTIMEL KIDS 100G MARVEL BOT.FRUT.;FIAMBRERIA
25425;ACTIVADOR CREMA ISSUE 120ML 20VOL;ALMACEN
24305;ACTIVIA SACHET 900G CIRUELA;FIAMBRERIA
24304;ACTIVIA SACHET 900G FRUTILLA ;FIAMBRERIA
22456;ACUARELA EZCO ESCOLAR 12COLORES;ALMACEN
25071;ACUARELA EZCO ESCOLAR 12COLORES;ALMACEN
01291;ADEREZO BENIDORM 500CC CHEDAR;ALMACEN
01308;ADEREZO BENIDORM 500CC FUGAZZETA;ALMACEN
01301;ADEREZO BENIDORM 500CC PARMESANO;ALMACEN
01275;ADEREZO BENIDORM 500CC ROQUEFORT;ALMACEN
01234;ADEREZO BENIDORM 500CC SALAME;ALMACEN
19764;ADEREZO CASALTA BARBACOA 335G;ALMACEN
09885;ADEREZO COCINERO 500C LIGHT;ALMACEN
27293;ADEREZO COCINERO 500CC ACETO/OLIVIA;ALMACEN
27571;ADEREZO COCINERO 500ML CLASICO ;ALMACEN
23176;ADHESIVO VINILICO EZCO 100 ML;ALMACEN
24946;ADHESIVO VINILICO MODEL 100 GR;ALMACEN
25072;ADHESIVO VINILICO MODEL 250 GR;ALMACEN
27659;ADHESIVO VINILICO STA 100 GR;ALMACEN
23177;ADHESIVO VOLIGOMA 50 ML;ALMACEN
25449;ADHESIVO VOLIGOMA 50 ML;ALMACEN
18940;ADITIVO LAVA PARAB.REVIGAL ;ALMACEN
01873;AFILACUCHILLOS LOEKEMEYER;ALMACEN
25225;AGENDA BIGLIFE 2025 16x16CM ANILLADA DIAxDIA;ALMACEN
25228;AGENDA BIGLIFE 2025 N8 15x21CM ANILLADA;ALMACEN
25226;AGENDA BIGLIFE 2025 N8 15x21CM ANILLADA SEMANA;ALMACEN
25229;AGENDA BIGLIFE 2025 N8 15x21CM ANILLADA SEMANA ARTE;ALMACEN
25227;AGENDA BIGLIFE 2025 N8 15x21CM COCIDA;ALMACEN
25233;AGENDA FW 2025 15X21 IMANTADA CHIC SEMANA AQUA;ALMACEN
25234;AGENDA FW 2025 15X21 IMANTADA CHIC SEMANA CREAM;ALMACEN
25235;AGENDA FW 2025 15X21 IMANTADA CHIC SEMANA ROSE;ALMACEN
25236;AGENDA FW 2025 20X24 CLASSIC SEMANA LOVE CUADROS;ALMACEN
25237;AGENDA FW 2025 20X24 CLASSIC SEMANA LOVE DOTS;ALMACEN
25232;AGENDA FW 2025 A5 DOCENTE SEMANA;ALMACEN
25231;AGENDA FW 2025 BPACK RAW A5 DIAxDIA COCIDA BLACK;ALMACEN
25230;AGENDA FW 2025 BPACK RAW A5 DIAxDIA COCIDA GREEN;ALMACEN
27155;AGENDA FW 2026 15X21 BOHO CAREY;ALMACEN
27154;AGENDA FW 2026 15X21 BPACK SEMANAL;ALMACEN
27156;AGENDA FW 2026 15X21 CUTE PRIMAVERA;ALMACEN
27159;AGENDA FW 2026 15X21 ESPECIAL TREND;ALMACEN
27160;AGENDA FW 2026 15X21 ESPECIAL TREND;ALMACEN
27157;AGENDA FW 2026 15X21 PINK GRID;ALMACEN
27158;AGENDA FW 2026 15X21 UNIVERSO B;ALMACEN
22436;AGENDA IMAGINER N8 2026 LOVELY;ALMACEN
25239;AGENDA KATANA 2025 COCIDA A5 DIAXDIA COCIDA;ALMACEN
25238;AGENDA KATANA 2026 COCIDA A5 DIAXDIA CIERRE;ALMACEN
25242;AGENDA MOOVING 2025 15x21 DIAxDIA FLOW;ALMACEN
25241;AGENDA MOOVING 2025 15x21 DIAxDIA MATELASSE;ALMACEN
25240;AGENDA MOOVING 2025 15x21 DIAxDIA URBAN;ALMACEN
25243;AGENDA MOOVING 2025 15x21 DIAxDIA VOGUE;ALMACEN
25245;AGENDA MOOVING 2025 15x21 SEMANA FLOW;ALMACEN
25246;AGENDA MOOVING 2025 15x21 SEMANA MATELASSE;ALMACEN
25247;AGENDA MOOVING 2025 15x21 SEMANA SPRING;ALMACEN
25244;AGENDA MOOVING 2025 15x21 SEMANA URBAN;ALMACEN
25248;AGENDA MOOVING 2025 15x21 SEMANA VOGUE;ALMACEN
27133;AGENDA MOOVING 2026 14X20 HARRY POTTER;ALMACEN
27134;AGENDA MOOVING 2026 14X20 PUSHEEN;ALMACEN
27152;AGENDA MOOVING 2026 14X20 SNOOPY;ALMACEN
27153;AGENDA MOOVING 2026 15X21 SEMANA;ALMACEN
27151;AGENDA MOOVING 2026 16.5X22 ESPECIAL;ALMACEN
27132;AGENDA MOOVING 2026 16.5X22 GARDEN;ALMACEN
24939;AGUA 2AGUAS 1.5LT;ALMACEN
24938;AGUA 2AGUAS 500CC CON GAS;ALMACEN
24941;AGUA 2AGUAS 500CC SIN GAS;ALMACEN
24937;AGUA 2AGUAS 6.0 LT BIDON;ALMACEN
22051;AGUA ALVURA 1.5LT;ALMACEN
22052;AGUA ALVURA 2.25LT;ALMACEN
23616;AGUA ALVURA 2.25LT;ALMACEN
10485;AGUA ALVURA 500CC;ALMACEN
14369;AGUA ALVURA 6.0LT BIDON;ALMACEN
24047;AGUA ALVURA 750CC MAX ;ALMACEN
26957;AGUA AQUARIUS 1.5L ANANA/JENGIBRE;ALMACEN
02534;AGUA AQUARIUS 1.5L CERO;ALMACEN
02369;AGUA AQUARIUS 1.5L CITRUS;ALMACEN
01852;AGUA AQUARIUS 1.5L LIMONADA;ALMACEN
01851;AGUA AQUARIUS 1.5L MANZANA;ALMACEN
06657;AGUA AQUARIUS 1.5L NARANJA;ALMACEN
06941;AGUA AQUARIUS 1.5L PERA;ALMACEN
07494;AGUA AQUARIUS 1.5L POMELO;ALMACEN
22478;AGUA AQUARIUS 1.5L POMELO ROSADO;ALMACEN
26248;AGUA AQUARIUS 1.5L UVA VERDE;ALMACEN
01738;AGUA AQUARIUS 2.25L MANZANA;ALMACEN
07637;AGUA AQUARIUS 2.25L NARANJA;ALMACEN
07608;AGUA AQUARIUS 2.25L PERA;ALMACEN
07694;AGUA AQUARIUS 2.25L POMELO;ALMACEN
26448;AGUA AQUARIUS 2.25L UVA VERDE;ALMACEN
19242;AGUA AQUARIUS 500CC LIMONADA;ALMACEN
01737;AGUA AQUARIUS 500CC MANZANA;ALMACEN
04851;AGUA AQUARIUS 500CC NARANJA;ALMACEN
01748;AGUA AQUARIUS 500CC PERA;ALMACEN
04852;AGUA AQUARIUS 500CC POMELO;ALMACEN
26367;AGUA AQUARIUS 500CC UVA VERDE;ALMACEN
20356;AGUA AWAFRUT 1.5L MANZANA ;ALMACEN
20357;AGUA AWAFRUT 1.5L POMELO;ALMACEN
20358;AGUA AWAFRUT 1.6L NAR-DUR ;ALMACEN
16935;AGUA AWAFRUT 2.25L MANZANA ;ALMACEN
18669;AGUA AWAFRUT 2.25L NAR-DUR. SA;ALMACEN
26433;AGUA AWAFRUT 500CC POMELO;ALMACEN
16207;AGUA AWAFRUT MANZANA 1.65L S/A;ALMACEN
01247;AGUA AWAFRUT NAR/DUR 1.65L;ALMACEN
07887;AGUA AWAFRUT NARAN/DURAZ.2.25L;ALMACEN
04430;AGUA AWAFRUT NARAN/DURAZ.500CC;ALMACEN
16317;AGUA AWAFRUT POMELO 1.65L S/A;ALMACEN
16840;AGUA AWAFRUT POMELO 2.25L S/AZUCAR;ALMACEN
22770;AGUA BENEDICTINO 1.5LT C/G;ALMACEN
22769;AGUA BENEDICTINO 1.5LT S/G;ALMACEN
15917;AGUA BENEDICTINO 2.25LT S/G;ALMACEN
27501;AGUA BENEDICTINO 4*1.5LT S/G;ALMACEN
26935;AGUA BENEDICTINO 500CC C/G;ALMACEN
16240;AGUA BENEDICTINO 500CC S/G;ALMACEN
08280;AGUA BON AQUA 1.5L C/G;ALMACEN
06016;AGUA BON AQUA 1.5L S/GAS;ALMACEN
05994;AGUA BON AQUA 2.0L S/GAS;ALMACEN
05997;AGUA BON AQUA 2.5L;ALMACEN
05968;AGUA BON AQUA 500CC C/GAS;ALMACEN
05998;AGUA BON AQUA 500CC S/GAS;ALMACEN
01841;AGUA BRIO 1.5L MANZANA;ALMACEN
22214;AGUA BRIO 1.5L MULTIFRUTA ;ALMACEN
01836;AGUA BRIO 1.5L NARANJA;ALMACEN
01839;AGUA BRIO 1.5L POMELO;ALMACEN
25584;AGUA BRIO 1.5L UVA ;ALMACEN
11785;AGUA LEVITE  500CC MANZANA;ALMACEN
24644;AGUA LEVITE  500CC MANZANA ;ALMACEN
11619;AGUA LEVITE  500CC NARANJA;ALMACEN
24643;AGUA LEVITE  500CC NARANJA ;ALMACEN
13202;AGUA LEVITE  500CC NARANJA CERO;ALMACEN
14562;AGUA LEVITE  500CC PERA;ALMACEN
08091;AGUA LEVITE  500CC POMELO;ALMACEN
13203;AGUA LEVITE  500CC POMELO CERO;ALMACEN
09515;AGUA LEVITE 1.5L ANANA;ALMACEN
08616;AGUA LEVITE 1.5L FRUTILLA LIMO;ALMACEN
03971;AGUA LEVITE 1.5L LIMON DULCE;ALMACEN
26651;AGUA LEVITE 1.5L LIMONADA;ALMACEN
08623;AGUA LEVITE 1.5L MANGO NARANJA;ALMACEN
03964;AGUA LEVITE 1.5L MANZANA;ALMACEN
24193;AGUA LEVITE 1.5L MANZANA ;ALMACEN
08615;AGUA LEVITE 1.5L NARANJA;ALMACEN
24404;AGUA LEVITE 1.5L NARANJA ;ALMACEN
09561;AGUA LEVITE 1.5L PERA;ALMACEN
009561;AGUA LEVITE 1.5L PERA;ALMACEN
08734;AGUA LEVITE 1.5L POMELO;ALMACEN
24437;AGUA LEVITE 1.5L POMELO ;ALMACEN
23635;AGUA LEVITE 1.5L POMELO ROSADO;ALMACEN
03968;AGUA LEVITE 1.5L.CERO MANZANA;ALMACEN
23609;AGUA LEVITE 1.5L.CERO MANZANA;ALMACEN
08630;AGUA LEVITE 1.5L.CERO NARANJA;ALMACEN
24597;AGUA LEVITE 1.5L.CERO NARANJA ;ALMACEN
03998;AGUA LEVITE 1.5L.CERO PERA;ALMACEN
08736;AGUA LEVITE 1.5L.CERO POMELO;ALMACEN
24436;AGUA LEVITE 1.5L.CERO POMELO ;ALMACEN
08626;AGUA LEVITE 1.65L FRUTILLA LIM;ALMACEN
08635;AGUA LEVITE 1.65L MANGO NARANJ;ALMACEN
08747;AGUA LEVITE 1.65L MANZANA;ALMACEN
08654;AGUA LEVITE 1.65L NARANJA;ALMACEN
08748;AGUA LEVITE 1.65L PERA;ALMACEN
08735;AGUA LEVITE 1.65L POMELO;ALMACEN
03980;AGUA LEVITE 1.65L.CERO FRUTAS;ALMACEN
08746;AGUA LEVITE 1.65L.CERO NARANJA;ALMACEN
08742;AGUA LEVITE 1.65L.CERO POMELO;ALMACEN
02049;AGUA LEVITE 2.25L ANANA;ALMACEN
23107;AGUA LEVITE 2.25L CERO MANDARINA ;ALMACEN
09249;AGUA LEVITE 2.25L FRUTILLA LIM;ALMACEN
26652;AGUA LEVITE 2.25L LIMONADA;ALMACEN
09252;AGUA LEVITE 2.25L LIMONADA FRU;ALMACEN
22974;AGUA LEVITE 2.25L MANDARINA ;ALMACEN
09246;AGUA LEVITE 2.25L MANGO NARANJ;ALMACEN
02047;AGUA LEVITE 2.25L MANZANA;ALMACEN
24438;AGUA LEVITE 2.25L MANZANA ;ALMACEN
02045;AGUA LEVITE 2.25L NARANJA;ALMACEN
24016;AGUA LEVITE 2.25L NARANJA;ALMACEN
09245;AGUA LEVITE 2.25L PERA;ALMACEN
24015;AGUA LEVITE 2.25L PERA ;ALMACEN
19930;AGUA LEVITE 2.25L POMELO;ALMACEN
24344;AGUA LEVITE 2.25L POMELO ;ALMACEN
23617;AGUA LEVITE 2.25L POMELO ROSADO;ALMACEN
000956;AGUA LEVITE 2.25L.CERO LIMON;ALMACEN
02065;AGUA LEVITE 2.25L.CERO MANZANA;ALMACEN
24439;AGUA LEVITE 2.25L.CERO MANZANA ;ALMACEN
02050;AGUA LEVITE 2.25L.CERO NARANJA;ALMACEN
23618;AGUA LEVITE 2.25L.CERO NARANJA;ALMACEN
000944;AGUA LEVITE 2.25L.CERO PERA;ALMACEN
000941;AGUA LEVITE 2.25L.CERO POMELO;ALMACEN
02129;AGUA LEVITE 2.50L.CERO FRUTAS TROPICALES;ALMACEN
02125;AGUA LEVITE 2.50L.CERO KIWI;ALMACEN
02131;AGUA LEVITE 2.50L.CERO MANZANA;ALMACEN
26780;AGUA LEVITE 500CC LIMONADA;ALMACEN
24830;AGUA LEVITE 500CC PERA;ALMACEN
24814;AGUA LEVITE 500CC POMELO;ALMACEN
26653;AGUA LEVITE 500CC POMELO ROSADO;ALMACEN
24812;AGUA LEVITE CERO 500CC NARANJA;ALMACEN
24813;AGUA LEVITE CERO 500CC POMELO;ALMACEN
20855;AGUA MICELAR ALGABO 200ML ;ALMACEN
26970;AGUA MICELAR ALGABO 200ML GLOW;ALMACEN
25578;AGUA MICELAR ALGABO 400ML;ALMACEN
26969;AGUA MICELAR ALGABO 400ML GLOW;ALMACEN
07281;AGUA MICELAR GARNIER 400ML;ALMACEN
14223;AGUA MICELAR GARNIER 400ML DESM.LIMP.;ALMACEN
26232;AGUA MICELAR GARNIER 400ML TODO EN 1;ALMACEN
19668;AGUA MICELAR NIVEA 400ML BIFASICA;ALMACEN
25527;AGUA MICELAR NIVEA 400ML ILUMINADORA;ALMACEN
08558;AGUA MINERAL ECO 1.0L S/GAS;ALMACEN
03941;AGUA MINERAL ECO 1.5L C/GAS;ALMACEN
06162;AGUA MINERAL ECO 1.5L S/GAS;ALMACEN
08528;AGUA MINERAL ECO 2.0L S/GAS;ALMACEN
06380;AGUA MINERAL ECO 500C C/GAS;ALMACEN
000730;AGUA MINERAL ECO 500C S/GAS;ALMACEN
17188;AGUA MINERAL ECO 500C S/GAS;ALMACEN
26390;AGUA MINERAL ECO 500CC C/GAS;ALMACEN
20733;AGUA MINERAL ECO 850CC ;ALMACEN
06294;AGUA MINERAL GLACIAR 1.5L C/GA;ALMACEN
06175;AGUA MINERAL GLACIAR 1.5L S/GA;ALMACEN
06182;AGUA MINERAL GLACIAR 2.0L S/GA;ALMACEN
15634;AGUA MINERAL GLACIAR 500CC;ALMACEN
15633;AGUA MINERAL GLACIAR 6.3L BIDON;ALMACEN
10966;AGUA MINERAL GLACIAR 750CC S/G;ALMACEN
17175;AGUA MINERAL NESTLE 500C S/GAS;ALMACEN
07078;AGUA NESTLE 1.5L;ALMACEN
07134;AGUA NESTLE 2.25L;ALMACEN
07056;AGUA NESTLE 6.3L;ALMACEN
27193;AGUA NESTLE 6.4L;ALMACEN
3618;AGUA OXIGENADA TABLADA 100ML 10V;ALMACEN
3619;AGUA OXIGENADA TABLADA 250ML 10V;ALMACEN
08582;AGUA SER  1.5L CITRUS;ALMACEN
08584;AGUA SER 1.5L LIMON;ALMACEN
2684;AGUA SER 2.25L LIMON;ALMACEN
21610;AGUA SER 2.25LT CITRUS ;ALMACEN
24928;AGUA TONICA SANTA QUINA 1L SIN AZUCAR;ALMACEN
02382;AGUA VILLA SUR  600CC;ALMACEN
22918;AGUA VILLA SUR 1.65L;ALMACEN
01631;AGUA VILLA SUR 2.25L;ALMACEN
08987;AGUA VILLA SUR 6.25L;ALMACEN
03406;AGUA VILLAVICENCIO  750CC SPORT;ALMACEN
23323;AGUA VILLAVICENCIO 1.5L ;ALMACEN
24815;AGUA VILLAVICENCIO 1.5L C/GAS;ALMACEN
24308;AGUA VILLAVICENCIO 2.0L ;ALMACEN
24394;AGUA VILLAVICENCIO 500CC ;ALMACEN
24306;AGUA VILLAVICENCIO 500CC C/GAS;ALMACEN
00110;AGUJA C/HUESO 1RA;CARNICERIA
00303;AGUJA C/HUESO 2DA;CARNICERIA
00281;AGUJA S/HUESO;CARNICERIA
01248;AJI BENIDORM 500CC PICANTE;ALMACEN
06923;AJI CALLIERI 250G PICANTE;ALMACEN
06339;AJI CALLIERI 25G CAYENA;ALMACEN
07107;AJI CALLIERI 25G MOLIDO;ALMACEN
07163;AJI CALLIERI 50G MOLIDO;ALMACEN
12603;AJI CAMPAG.23G TRITURADO;ALMACEN
12602;AJI CAMPAG.48G TRITURADO;ALMACEN
00705;AJI DULCE  EL KG.;VERDULERIA
00601;AJI DULCE EL KG OFERTA;VERDULERIA
07423;AJI HELLMANN'S PICANTE 240G;ALMACEN
05866;AJI MERIDIANO 330G DULCE;FIAMBRERIA
05091;AJI NUCETE 100G;FIAMBRERIA
00714;AJI PICANTE X UNIDAD;FIAMBRERIA
16013;AJI TRIT.ALICANTE 25G S/T;FIAMBRERIA
16953;AJI TRIT.ALICANTE 50G S/T;FIAMBRERIA
10581;AJIES DIDIER DULCES 115G;FIAMBRERIA
10580;AJIES DIDIER PICANTES 115G;FIAMBRERIA
05486;AJIES DULCES DIDIER 1KG;FIAMBRERIA
21630;AJIES MARVAVIC 3KG VINAGRE;FIAMBRERIA
05489;AJIES PICANTES DIDIER 1.5KG;FIAMBRERIA
00052;AJIES SUELTOS PICANTES KG;FIAMBRERIA
00826;AJIES SUELTOS VINAGRE KG;FIAMBRERIA
10450;AJO CALLIERI 25G POLVO;ALMACEN
10451;AJO CALLIERI 25G TRITURADO;ALMACEN
12601;AJO CAMPAGNOLA 48G TRITURADO;ALMACEN
00258;AJO LA CABEZA;VERDULERIA
00704;AJO PUERRO EL KG.;VERDULERIA
01757;AJO TRIT.ALICANTE 50G S/T;ALMACEN
24561;ALBAHACA ALICANTE 20G;ALMACEN
22169;ALBAHACA CALLIERI 25G;ALMACEN
19831;ALBAHACA DICOMERE 25G S/TACC;ALMACEN
06819;ALBAHACA EL ATADO;VERDULERIA
00670;ALBAHACA HIDROP.VERDE ;VERDULERIA
00737;ALBAHACA HIDROPONICA;VERDULERIA
00658;ALBAHACA MORADA ;VERDULERIA
18184;ALBUMINA HUEVO DICOMERE 120G;ALMACEN
25269;ALCAPARRAS CUMANA 100G;FIAMBRERIA
06031;ALCAPARRAS GENTLEMAN 110G;FIAMBRERIA
22678;ALCAPARRAS MARVAVIC 110G;FIAMBRERIA
05653;ALCAPARRAS MERIDIANO 110G VINA;FIAMBRERIA
00707;ALCAUCIL EL KG;VERDULERIA
22232;ALCAUCILES MARVAVIC 330GR NATURAL FRSCO;FIAMBRERIA
05304;ALCOHOL AER.REXONA 75ML;ALMACEN
13561;ALCOHOL PORTA 100CC 70% SPRAY;ALMACEN
15874;ALCOHOL PORTA 100ML ;ALMACEN
15829;ALCOHOL PORTA 1L EXTRA NEUTRO ;ALMACEN
23811;ALCOHOL PORTA 1LT 70% COSMETICO;ALMACEN
22745;ALCOHOL PORTA 1LT 70% DES;ALMACEN
09856;ALCOHOL PORTA 1LT 96% ALIMENTICIO;ALMACEN
25258;ALCOHOL PORTA 1LT 96% MEDICINAL;ALMACEN
04242;ALCOHOL PORTA 1LT QUEMAR ;ALMACEN
15773;ALCOHOL PORTA 250ML AEROSOL;ALMACEN
14687;ALCOHOL PORTA 250ML GEL C/GLICERINA;ALMACEN
13584;ALCOHOL PORTA 250ML GEL NEUTRO;ALMACEN
23810;ALCOHOL PORTA 500CC 70% COSMETICO;ALMACEN
01725;ALCOHOL PORTA 500CC 96% ALIMENTICIO;ALMACEN
01767;ALCOHOL PORTA 500CC ETILICO MEDIC.96%;ALMACEN
004242;ALCOHOL PORTA 500CC QUEMAR ;ALMACEN
25299;ALCOHOL PORTA 500ML 70% DESINFECTANTE ;ALMACEN
15844;ALCOHOL PORTA 500ML 70% GATILLO;ALMACEN
15774;ALCOHOL PORTA 500ML GEL ;ALMACEN
02904;ALCOHOL PORTA GEL 250CC;ALMACEN
04984;ALCOHOL PORTA GEL 500CC;ALMACEN
13709;ALCOHOL SMELL FRESH GEL 250ML;ALMACEN
28020;ALCOHOL VICTORY GEL 65% 5L;ALMACEN
18561;ALF.AGUILA 70.5G MINITORTA COCO;ALMACEN
07612;ALF.ARROZ LULEMUU 26G DULCE LECHE;ALMACEN
07603;ALF.ARROZ LULEMUU 26G LIMON;ALMACEN
07604;ALF.ARROZ LULEMUU 26G MARROC;ALMACEN
07593;ALF.ARROZ LULEMUU 26G YOGURT;ALMACEN
28038;ALFACHURRO 70G CHURRO RELL.;ALMACEN
22228;ALFAJ BAGLEY B&N BLANCO 50G;ALMACEN
22229;ALFAJ BAGLEY B&N NEGRO 50G;ALMACEN
06154;ALFAJ BAGLEY BLANCO 3.0 73G;ALMACEN
06261;ALFAJ BAGLEY NEGRO 3.0 73G;ALMACEN
23370;ALFAJ COFLER BLOCK 40GR;ALMACEN
23369;ALFAJ COFLER MOUSSE 40GR;ALMACEN
25995;ALFAJ VIMAR 60G CHOCOLATE TRIPLE;ALMACEN
24932;ALFAJ. MINI 114G MOUSSE;ALMACEN
18924;ALFAJ.AGUILA 50G SIMPLE;ALMACEN
18142;ALFAJ.AGUILA 72G MINIT.BROWNIE ;ALMACEN
16277;ALFAJ.AGUILA 72G MINITORTA BLANCO;ALMACEN
18392;ALFAJ.AGUILA MINI TORTA 69G CLASICO;ALMACEN
06394;ALFAJ.BON O BON 240G *6;ALMACEN
03152;ALFAJ.BON O BON BLANCO 40G;ALMACEN
03169;ALFAJ.BON O BON LECHE 40G;ALMACEN
03176;ALFAJ.BON O BON TRIPLE 60G;ALMACEN
27283;ALFAJ.BON O BON TRIPLE 60G;ALMACEN
27546;ALFAJ.BON O BON TRIPLE 60G BLANCO;ALMACEN
15717;ALFAJ.CHOCOARROZ 22G BLANCO;ALMACEN
24547;ALFAJ.CHOCOARROZ 22G BLANCO DLECHE ;ALMACEN
15838;ALFAJ.CHOCOARROZ 22G DULCE LECHE;ALMACEN
24129;ALFAJ.CHOCOARROZ 22G DULCE LECHE ;ALMACEN
17738;ALFAJ.CHOCOARROZ 22G FRUTILLA ;ALMACEN
101158;ALFAJ.CHOCOARROZ 22G LIMON;ALMACEN
26442;ALFAJ.CHOCOARROZ 22G MARROC ;ALMACEN
27124;ALFAJ.CHOCOARROZ 22G PISTACHO;ALMACEN
27191;ALFAJ.CHOCOARROZ 36G DULCE LECHE ;ALMACEN
26253;ALFAJ.CHOCOTORTA 71G TRIPLE;ALMACEN
09240;ALFAJ.COFLER BLOCK 60G;ALMACEN
25997;ALFAJ.ESCOLAR VIMAR 28G DUL.DE LECHE BLANCO;ALMACEN
25998;ALFAJ.ESCOLAR VIMAR 28G DUL.DE LECHE NEGRO;ALMACEN
28016;ALFAJ.FANTOCHE 100G SUPER TRIPLE;ALMACEN
28015;ALFAJ.FANTOCHE 100G VELVET;ALMACEN
26610;ALFAJ.FANTOCHE CUADRUPLE 100GR ;ALMACEN
11699;ALFAJ.FANTOCHE MINI 150G BLANCO;ALMACEN
11744;ALFAJ.FANTOCHE MINI 150G CHOCOLATE;ALMACEN
11696;ALFAJ.FANTOCHE SIMPLE 50G DAY ;ALMACEN
11697;ALFAJ.FANTOCHE SIMPLE 50G NIGHT;ALMACEN
11698;ALFAJ.FANTOCHE TRIPLE 85G DAY;ALMACEN
19233;ALFAJ.FANTOCHE TRIPLE 85G NIGHT;ALMACEN
11695;ALFAJ.FANTOCHE TRIPLE 85GR BLANCO;ALMACEN
11694;ALFAJ.FANTOCHE TRIPLE 85GR CHOCOLATE;ALMACEN
23553;ALFAJ.FANTOCHE TRIPLE 85GR TRES ESTRELLAS;ALMACEN
23562;ALFAJ.FANTOCHE XS 25G BLANCO;ALMACEN
023560;ALFAJ.FANTOCHE XS 25G HALLOWEEN;ALMACEN
23561;ALFAJ.FANTOCHE XS 25G NEGRO;ALMACEN
23560;ALFAJ.FANTOCHE XS 25G ROSE MTV;ALMACEN
25324;ALFAJ.HAPPY FOOD 50G DULCE DE LECHE;ALMACEN
25325;ALFAJ.HAPPY FOOD 50G DULCE DE LECHE S/AZUCAR;ALMACEN
15182;ALFAJ.MILKA 42G MOUSSE;ALMACEN
09562;ALFAJ.MILKA 55G TRIMOUSSE;ALMACEN
09523;ALFAJ.MILKA 61G TORTA OREO;ALMACEN
28102;ALFAJ.MILKA 70G EXDLL CHOC.;ALMACEN
28101;ALFAJ.MILKA 70G EXTDDL BLANCO;ALMACEN
20567;ALFAJ.MILKA MOUSSE 252G ;ALMACEN
03567;ALFAJ.MILKA TRIPLE 55G MOUSE;ALMACEN
09522;ALFAJ.MILKA TRIPLE 70G DULCE L;ALMACEN
02777;ALFAJ.OREO 56G TRIPLE ;ALMACEN
15873;ALFAJ.OREO 56G TRIPLE;ALMACEN
09236;ALFAJ.PEPITOS 57G TRIPLE ;ALMACEN
28014;ALFAJ.PESC.RAUL 50G BLANCO;ALMACEN
28013;ALFAJ.PESC.RAUL 50G NEGRO;ALMACEN
09862;ALFAJ.SER DULCE LECHE 47G;ALMACEN
23619;ALFAJ.SHOT 114G MINI;ALMACEN
26602;ALFAJ.SHOT 44G MANI;ALMACEN
06645;ALFAJ.TATIN 33G BLANCO;ALMACEN
03381;ALFAJ.TATIN 33G NEGRO;ALMACEN
06280;ALFAJ.TATIN TRIPLE 60G BLANCO;ALMACEN
02550;ALFAJ.TATIN TRIPLE 60G NEGRO;ALMACEN
05272;ALFAJ.TERRABUSI 228G GLASEADO;ALMACEN
08361;ALFAJ.TERRABUSI 38G GLASEADO;ALMACEN
08444;ALFAJ.TERRABUSI 50G CLASICO;ALMACEN
27099;ALFAJ.TERRABUSI 55G TORTA TRIPLE ;ALMACEN
28100;ALFAJ.TERRABUSI 70G BLANCO ;ALMACEN
02956;ALFAJ.TERRABUSI 70G D.LECHE TRIPLE ;ALMACEN
05303;ALFAJ.TERRABUSI 70G TORTA TRIPLE ;ALMACEN
20568;ALFAJ.TERRABUSI CLASICO 300G;ALMACEN
09767;ALFAJ.TITA 36G;ALMACEN
09235;ALFAJ.TOFI GLASEADO 44G;ALMACEN
09238;ALFAJ.TOFI NEGRO 46G;ALMACEN
19754;ALFAJ.TOFI NEGRO MINI 6*24G;ALMACEN
09227;ALFAJ.TOFI TRIPLE 78G;ALMACEN
00334;ALFAJ.TOFI TRIPLE 78G BLANCO;ALMACEN
27729;ALFAJ.TRI SHOT 60G BLANCO;ALMACEN
09234;ALFAJ.TRI SHOT 60G CLASICO;ALMACEN
25996;ALFAJ.VIMAR 60G GLASEADO TRIPLE;ALMACEN
24667;ALFAJOR AGUILA DORADO 50G CHOCOL.;ALMACEN
23460;ALFAJOR ANIMAL KIND 42G AVELLANA;ALMACEN
23458;ALFAJOR ANIMAL KIND 42G LIMON ;ALMACEN
23456;ALFAJOR ANIMAL KIND 42G MANI;ALMACEN
23461;ALFAJOR ANIMAL KIND 50G AVELLANA BAÑADO;ALMACEN
23468;ALFAJOR ANIMAL KIND 50G FRUTOS ROJOS;ALMACEN
23459;ALFAJOR ANIMAL KIND 50G LIMON BAÑADO;ALMACEN
23457;ALFAJOR ANIMAL KIND 50G MANI BAÑADO;ALMACEN
23467;ALFAJOR ANIMAL KIND 55G DULCE LECHE;ALMACEN
06389;ALFAJOR BON O BON 117G MINI*6;ALMACEN
26943;ALFAJOR CACHAFAZ 60G 72% BLANCO S/HARINA;ALMACEN
21008;ALFAJOR CACHAFAZ BLANCO ;ALMACEN
21009;ALFAJOR CACHAFAZ CHOCOLATE ;ALMACEN
21006;ALFAJOR CACHAFAZ MAICENA ;ALMACEN
21010;ALFAJOR CACHAFAZ MOUSSE ;ALMACEN
26019;ALFAJOR COFLER 60G CHOCO CREAMY;ALMACEN
28080;ALFAJOR DUBAI 70G BLANCO PISTACHO;ALMACEN
27195;ALFAJOR DUBAI 70G PISTACHO;ALMACEN
21766;ALFAJOR ENTRE DOS 60G NEGRO ;ALMACEN
26946;ALFAJOR FANTOCHE 60G BLANCO ELIXIR;ALMACEN
26947;ALFAJOR FANTOCHE 60G CACAO ELIXIR;ALMACEN
26948;ALFAJOR FANTOCHE 70G DDL ELIXIR;ALMACEN
27091;ALFAJOR FLV 60G CHOCOLATE;ALMACEN
27092;ALFAJOR FLV 60G MEMBRILLO;ALMACEN
27093;ALFAJOR FLV 60G PISTACHO;ALMACEN
00822;ALFAJOR FRANKY BANADO X UNIDAD;ALMACEN
27221;ALFAJOR FULL MANI 40G ;ALMACEN
16698;ALFAJOR FULL MANI 45G ;ALMACEN
2721;ALFAJOR GUAYMALLEN 38G BLANCO SIMPLE;ALMACEN
03815;ALFAJOR GUAYMALLEN 38G MEMBRILLO SIMPLE;ALMACEN
2725;ALFAJOR GUAYMALLEN 38G NEGRO SIMPLE;ALMACEN
20754;ALFAJOR GUAYMALLEN 70G BLANCO TRIPLE;ALMACEN
2727;ALFAJOR GUAYMALLEN 70G MEMBRILLO TRIPLE;ALMACEN
20757;ALFAJOR GUAYMALLEN 70G NEGRO TRIPLE;ALMACEN
27591;ALFAJOR LULEMUU 22G BLANCO ARROZ;ALMACEN
27590;ALFAJOR LULEMUU 22G DULCE LECHE ARROZ;ALMACEN
27592;ALFAJOR LULEMUU 22G LIMON ARROZ;ALMACEN
27593;ALFAJOR LULEMUU 22G MARROC ARROZ;ALMACEN
27594;ALFAJOR LULEMUU 22G YOGURT ARROZ;ALMACEN
25654;ALFAJOR MANON 38G DULCE DE LECHE;ALMACEN
26766;ALFAJOR MARLEY 100G BLANCO BAJONEROS;ALMACEN
26765;ALFAJOR MARLEY 100G TRIBAJON BLANCO;ALMACEN
26767;ALFAJOR MARLEY 100G TRIBAJON NEGRO;ALMACEN
24768;ALFAJOR MARLEY 75G CHOCO NEGRO ;ALMACEN
00774;ALFAJOR MIL HOJAS X UNID.;ALMACEN
27278;ALFAJOR MINI DUBAI 140G PISTACHO;ALMACEN
27289;ALFAJOR RASTA 100G TRICO;ALMACEN
27710;ALFAJOR RASTA 100G TRICO MAICENA;ALMACEN
26586;ALFAJOR RASTA 70GR BLANCO;ALMACEN
26585;ALFAJOR RASTA 70GR NEGRO;ALMACEN
28072;ALFAJOR RED VELVET 70G MAIXANAS ;ALMACEN
16380;ALFAJOR SIMPLE MANON 43GR;ALMACEN
23450;ALFAJOR TASTY CRUNCH 25G DULCE LECHE;ALMACEN
23451;ALFAJOR TASTY CRUNCH 25G LIMON;ALMACEN
27305;ALFAJOR TODDY 50G MOUSSE BLANCO;ALMACEN
26559;ALFAJOR TODDY 50G MOUSSE CHOCOLATE;ALMACEN
19634;ALFAJOR TOFI NEGRO 6*46G;ALMACEN
26750;ALFAJOR VASCONGADA 60G BLANCO;ALMACEN
26751;ALFAJOR VASCONGADA 60G NEGRO;ALMACEN
01208;ALFAJORES  MAIZENA CHICOS X UN;PANADERIA
00416;ALFAJORES FRANKY MAIZENA 1/2 D;PANADERIA
00417;ALFAJORES FRANKY MAIZENA X DOC;PANADERIA
00944;ALFAJORES FRANKY MAIZENA X UN;PANADERIA
25690;ALFILERES SIFAP GANCHOS 50U;ALMACEN
26839;ALFOMBRA HIGIENICA 34X43CM;ALMACEN
14840;ALGAS YAKI NORI 10UN P/SUSHI ;ALMACEN
15366;ALGAS YAKI NORI 10UN P/SUSHI ;ALMACEN
001224;ALGODON ESTRELLA  75G CLASICO;ALMACEN
15860;ALGODON ESTRELLA 100G PRECORTADO;ALMACEN
001225;ALGODON ESTRELLA 140G CLASICO;ALMACEN
15901;ALGODON ESTRELLA 150G PREMIUM;ALMACEN
13883;ALGODON ESTRELLA 200G SUPER;ALMACEN
13884;ALGODON ESTRELLA 300G CLASICO;ALMACEN
02485;ALGODON ESTRELLA 75G PREMIUN;ALMACEN
17354;ALIM.CAT CHOW 1.0KG ADULTO CARNE/POLLO;ALMACEN
17352;ALIM.CAT CHOW 1.0KG ADULTO PESC./POLLO;ALMACEN
14896;ALIM.CAT CHOW 1.0KG ESTERILIZADOS;ALMACEN
17353;ALIM.CAT CHOW 1.0KG GATITOS;ALMACEN
14878;ALIM.CAT CHOW 1KG ADULTO CARNE;ALMACEN
14876;ALIM.CAT CHOW 1KG GATITOS;ALMACEN
18335;ALIM.CAT CHOW 500G ADULTO CARNE/POLLO;ALMACEN
18336;ALIM.CAT CHOW 500G ADULTO PESC./POLLO;ALMACEN
09275;ALIM.CAT CHOW 500G PESCADO ADULTOS;ALMACEN
27186;ALIM.CAT CHOW 85G PESCADO;ALMACEN
14861;ALIM.CAT CHOW 85G PESCADO ESTIRILIZADO;ALMACEN
26849;ALIM.CAT SELECTION 1KG ;ALMACEN
26848;ALIM.CAT SELECTION 500G ;ALMACEN
25285;ALIM.DOG CHOW 1,5KG CACHORROS R.MED Y GRAND;ALMACEN
21331;ALIM.DOG CHOW 1.5K ADULT MED Y GRA CAR/ POLLO;ALMACEN
20212;ALIM.DOG CHOW 1.5K ADULT MINI Y PEQ CAR/ POLLO;ALMACEN
2222;ALIM.DOG CHOW 1.5K ADULTO LONGEVIDAD;ALMACEN
3092;ALIM.DOG CHOW 1.5K ADULTOS;ALMACEN
07553;ALIM.DOG CHOW 1.5K CACH.MINI/PEQ.;ALMACEN
03112;ALIM.DOG CHOW 1.5K CACHORROS;ALMACEN
3106;ALIM.DOG CHOW 1.5K MINIS Y PEQUEÑOS;ALMACEN
19034;ALIM.DOG CHOW 1.5KG ADULTO PEQUEÑO;ALMACEN
18343;ALIM.DOG CHOW 1.5KG CACHOR.MEDIANO/GRANDE;ALMACEN
23363;ALIM.DOG CHOW 1.5KG CACHOR.PEQUEÑO;ALMACEN
27472;ALIM.DOG CHOW 1.5KG TRIPLE PROTEINA;ALMACEN
26924;ALIM.DOG CHOW 100G C/PAVO;ALMACEN
14856;ALIM.DOG CHOW 100G C/SALMON;ALMACEN
26437;ALIM.DOG CHOW 1KG ADULTO ALTA PROTEINA;ALMACEN
23136;ALIM.DOG CHOW 3.0KG ADULTO MEDIANO/GRANDE;ALMACEN
23137;ALIM.DOG CHOW 3.0KG ADULTO MINIS/PEQUEÑOS;ALMACEN
23360;ALIM.DOG CHOW 3.0KG CACHOR.MEDIANO/GRANDE;ALMACEN
09342;ALIM.DOG CHOW 3K CACHO/MINI/PEQUE.;ALMACEN
3130;ALIM.DOG CHOW 3KG ADULTOS;ALMACEN
28088;ALIM.DOG CHOW 3KG ADULTOS MINIS/PEQUE.;ALMACEN
25328;ALIM.DOG CHOW 3KG CACHORROS R.MED Y GRAND;ALMACEN
27470;ALIM.DOG CHOW 3KG CARNE/POLLO;ALMACEN
26438;ALIM.DOG CHOW 3KG GRAN COMIENZO CACHORROS;ALMACEN
27471;ALIM.DOG CHOW 3KG TRIPLE PROTEINA;ALMACEN
27185;ALIM.DOG CHOW 8KG ADULTO ALTA PROTEINA;ALMACEN
26851;ALIM.DOG SELECTION 1,5K CACHORRO;ALMACEN
26853;ALIM.DOG SELECTION 1.5K ADULTO ;ALMACEN
27306;ALIM.DOG SELECTION 1.5K ADULTO LIGHT ;ALMACEN
26854;ALIM.DOG SELECTION 3K ADULTO;ALMACEN
26856;ALIM.DOG SELECTION 3K ADULTO LIGHT ;ALMACEN
26852;ALIM.DOG SELECTION 3K CACHORRO;ALMACEN
26855;ALIM.DOG SELECTION 8K ADULTO;ALMACEN
16992;ALIM.DOGUI 1.5KG ADULTO ;ALMACEN
07976;ALIM.DOGUI 1.5KG CACHORROS;ALMACEN
17639;ALIM.DOGUI 3.0KG ADULTO;ALMACEN
01315;ALIM.DOGUI 3.0KG CACHORROS;ALMACEN
20821;ALIM.GATI 1.0K CARNE/POLLO;ALMACEN
21330;ALIM.GATI 1.0K PESCADO;ALMACEN
02151;ALIM.GATI 1K POLLO C/VEGETALES;ALMACEN
04974;ALIM.PEDIGREE 1.5K ADULTO;ALMACEN
07124;ALIM.PEDIGREE 1.5K ADULTO CARN/VEGETALES;ALMACEN
09268;ALIM.PEDIGREE 1.5K CACHORROS;ALMACEN
07130;ALIM.PEDIGREE 1.5K RAZAS PEQ;ALMACEN
07303;ALIM.PEDIGREE 1.5K SENIOR 7+;ALMACEN
26810;ALIM.PEDIGREE 100G ADULTO CARNE POUCH;ALMACEN
26819;ALIM.PEDIGREE 100G ADULTO POLLO POUCH;ALMACEN
26811;ALIM.PEDIGREE 100G SENIOR CARNE POUCH;ALMACEN
26812;ALIM.PEDIGREE 100GR RAZ.PEQ.CARNE POUCH;ALMACEN
26813;ALIM.PEDIGREE 100GR RAZ.PEQ.POLLO POUCH;ALMACEN
18964;ALIM.PEDIGREE 2.7KG ADULTO HIGH PROTEIN;ALMACEN
27336;ALIM.PEDIGREE 3.3KG ADULTO CAR/POL/CEREALES;ALMACEN
26803;ALIM.PEDIGREE 340G ADULTO CARNE PATE LATA;ALMACEN
26804;ALIM.PEDIGREE 340G ADULTO POLLO PATE LATA;ALMACEN
08035;ALIM.PEDIGREE 3K ADL.CAR.VEG;ALMACEN
08039;ALIM.PEDIGREE 3K CACHORRO;ALMACEN
10531;ALIM.PEDIGREE 3K R.PEQUE;ALMACEN
09684;ALIM.PEDIGREE 3KG ADUL.NUT.COM;ALMACEN
05815;ALIM.PEDIGREE 3KG SENIOR 7+;ALMACEN
27163;ALIM.PEDIGREE 8K CACHORRO CARNE/POLLO;ALMACEN
08485;ALIM.PEDIGREE 8KG ADUL.RAZ.PEQUEÑA;ALMACEN
26807;ALIM.PEDIGREE 8KG SENIOR 7+;ALMACEN
27925;ALIM.SEREN.VEGETAL 1L ALM.CHOCOLATE ;FIAMBRERIA
08608;ALIM.SEREN.VEGETAL 1L ALMENDRA S/AZUCAR;FIAMBRERIA
08015;ALIM.SEREN.VEGETAL 1L ALMENDRAS;FIAMBRERIA
20840;ALIM.SEREN.VEGETAL 1L COCO FORT;FIAMBRERIA
27713;ALIM.TIERNITO 1.5K PERRO ADULTO ;ALMACEN
27911;ALIM.TIERNITO 1.5K PERRO CACHORRO;ALMACEN
27960;ALIM.TIERNITO 500G GATO ADULTO;ALMACEN
26568;ALIM.TIERNITOS 1.0K GATO;ALMACEN
26566;ALIM.TIERNITOS 1.5K PERRO CACHORROS;ALMACEN
26501;ALIM.TIERNITOS 1.5K PERRO CARNE;ALMACEN
26154;ALIM.TIERNITOS 1.5K PERRO CARNE VEGETALES;ALMACEN
27003;ALIM.TIERNITOS 100GR+20GR CARNE;ALMACEN
27004;ALIM.TIERNITOS 100GR+20GR CORDERO;ALMACEN
27005;ALIM.TIERNITOS 100GR+20GR PAVITA;ALMACEN
26871;ALIM.TIERNITOS 3.0K CACHORROS PERROS;ALMACEN
26657;ALIM.TIERNITOS 3.0K PERRO CARNE;ALMACEN
26565;ALIM.TIERNITOS 3.0K PERRO CARNE VEGETALES;ALMACEN
26567;ALIM.TIERNITOS 500G GATO;ALMACEN
26864;ALIM.TIERNITOS 8.0K PERRO CARNE ;ALMACEN
26873;ALIM.TIERNITOS 8.0K PERRO CARNE;ALMACEN
24470;ALIM.VEGETAL LS 1L ALMENDRA BARISTA ;FIAMBRERIA
25992;ALIM.WHISKAS 10KG MIX CARNE CASTRADOS;ALMACEN
14282;ALIM.WHISKAS 1K PESCADO;ALMACEN
16709;ALIM.WHISKAS 1KG CARNE;ALMACEN
2257;ALIM.WHISKAS 1KG CARNE LECHE GATITO;ALMACEN
16725;ALIM.WHISKAS 1KG MIX CARNE CASTRADOS;ALMACEN
2259;ALIM.WHISKAS 1KG POLLO;ALMACEN
26809;ALIM.WHISKAS 340G CARNE PATE LATA;ALMACEN
26808;ALIM.WHISKAS 340G POLLO PATE LATA;ALMACEN
3021;ALIM.WHISKAS 500G CARNE;ALMACEN
16041;ALIM.WHISKAS 500G GATITO CARNE/LECHE;ALMACEN
02255;ALIM.WHISKAS 500G PESCADO;ALMACEN
16044;ALIM.WHISKAS 500G POLLO ;ALMACEN
27254;ALIM.WHISKAS 85G CARNE GATITOS POUCH;ALMACEN
27162;ALIM.WHISKAS 85G CARNE POUCH;ALMACEN
26814;ALIM.WHISKAS 85G CARNE SOUFFLE POUCH;ALMACEN
26816;ALIM.WHISKAS 85G POLLO POUCH;ALMACEN
26815;ALIM.WHISKAS 85G SALMON POUCH;ALMACEN
27778;ALIM.WHISKAS 85G SARDINA EN SALSA;ALMACEN
00300;ALIMENTO PERRO 2 KG;ALMACEN
19643;ALIMENTO SULTAN 5KG;ALMACEN
19052;ALMENDRAS AGUILA DOR 120G C/CHOCOLATE;ALMACEN
07651;ALMENDRAS ARCOR 100G CHOCOL.BCO.;ALMACEN
01551;ALMENDRAS ARCOR BANADAS 100G;ALMACEN
04819;ALMENDRAS B.VIENTOS 100G;ALMACEN
05051;ALMENDRAS B.VIENTOS 100G AHUMADAS;ALMACEN
05165;ALMENDRAS B.VIENTOS 100G CHOCO;ALMACEN
04835;ALMENDRAS B.VIENTOS 100G DULCE;ALMACEN
03366;ALMENDRAS B.VIENTOS 100G GARRA;ALMACEN
05018;ALMENDRAS B.VIENTOS 100G OLIVA;ALMACEN
04832;ALMENDRAS B.VIENTOS 100G PICAN;ALMACEN
05129;ALMENDRAS B.VIENTOS 100G ROMER;ALMACEN
05145;ALMENDRAS B.VIENTOS 100G SALAD;ALMACEN
001178;ALMENDRAS B.VIENTOS 100G TOSTA;ALMACEN
04822;ALMENDRAS B.VIENTOS 100G WASAB;ALMACEN
26509;ALMENDRAS CANELO 130G COCO;ALMACEN
26507;ALMENDRAS CANELO 130G DULCES PICANTES;ALMACEN
26505;ALMENDRAS CANELO 130G HUMO;ALMACEN
26508;ALMENDRAS CANELO 130G MIEL;ALMACEN
26506;ALMENDRAS CANELO 130G SAL PIMIENTA LIMON;ALMACEN
26510;ALMENDRAS CANELO 130G VAINILLA CANELA;ALMACEN
26043;ALMENDRAS CANELO 180G CHOCO. FRAMBUESA;ALMACEN
27098;ALMENDRAS CANELO 180G CHOCO.AMARGO;ALMACEN
26045;ALMENDRAS CANELO 180G CHOCO.BLANCO;ALMACEN
26044;ALMENDRAS CANELO 180G CHOCOLATE C/LECHE;ALMACEN
26764;ALMENDRAS CANELO 180G FRUTILLA;ALMACEN
26511;ALMENDRAS CANELO 250G NATURALES;ALMACEN
20074;ALMENDRAS COLONIAL 100G BAÑADAS ;FIAMBRERIA
25646;ALMENDRAS FRUIT LIFE 250GR PELADAS;FIAMBRERIA
20179;ALMENDRAS GENNARI 150G S/CASCARA;FIAMBRERIA
20047;ALMENDRAS GEORGALOS 100G CHOCOLATE ;ALMACEN
20038;ALMENDRAS GEORGALOS 80G CHOCOLATE   ;ALMACEN
22643;ALMENDRAS KING  90GR CHOCOLATE;FIAMBRERIA
23548;ALMENDRAS ORQUIDEA 100G BAÑADAS;FIAMBRERIA
00101;ALMENDRAS PELADAS SUELTAS ENTE;FIAMBRERIA
10825;ALMIDON DIMAX 1K MAIZ;ALMACEN
18292;ALMIDON DIMAX 500G MAIZ ;ALMACEN
17424;ALMIDON MAIZ CADEA 400G ;ALMACEN
08199;ALMIDON MAIZ CALLIERI 400G;ALMACEN
04362;ALMOHADILLAS.ABS.BOLSTER A40*3000;FIAMBRERIA
12042;ALMOHADITAS PATAGONIA 100G FRUTILLA;FIAMBRERIA
17013;AMARGO CORMILLOT 1.5L CITRUS;ALMACEN
17012;AMARGO CORMILLOT 1.5L CORDILLERANO;ALMACEN
17011;AMARGO CORMILLOT 1.5L LIMON;ALMACEN
17010;AMARGO CORMILLOT 1.5L POMELO ;ALMACEN
17009;AMARGO CORMILLOT 1.5L SERRANO;ALMACEN
13732;AMARGO OBRERO 950CC;ALMACEN
004756;AMARGO SABOT 1.5L CITRUS;ALMACEN
23147;AMARGO SABOT 1.5L CORDILLERANO S/AZUCAR;ALMACEN
23146;AMARGO SABOT 1.5L LIMON S/AZUCAR;ALMACEN
04952;AMARGO SABOT 1.5L POMELO;ALMACEN
25617;AMARGO SABOT 1.5L POMELO ROSADO;ALMACEN
23145;AMARGO SABOT 1.5L POMELO S/AZUCAR;ALMACEN
23144;AMARGO SABOT 1.5L SERRANO S/AZUCAR;ALMACEN
05375;AMARGO TERMA 1.35L CITRUS;ALMACEN
18859;AMARGO TERMA 1.35L CITRUS CERO;ALMACEN
02723;AMARGO TERMA 1.35L CUYANO;ALMACEN
02730;AMARGO TERMA 1.35L CUYANO CERO;ALMACEN
05322;AMARGO TERMA 1.35L LIMON;ALMACEN
01321;AMARGO TERMA 1.35L LIMON;ALMACEN
05323;AMARGO TERMA 1.35L LIMON CERO;ALMACEN
05297;AMARGO TERMA 1.35L MANZANA CER;ALMACEN
02243;AMARGO TERMA 1.35L PATAGONICO;ALMACEN
16573;AMARGO TERMA 1.35L PATAGONICO CERO;ALMACEN
02240;AMARGO TERMA 1.35L POMELO;ALMACEN
19988;AMARGO TERMA 1.35L POMELO CERO;ALMACEN
05278;AMARGO TERMA 1.35L ROSADO;ALMACEN
13650;AMARGO TERMA 1.35L ROSADO CERO;ALMACEN
05280;AMARGO TERMA 1.35L SERRANO;ALMACEN
05282;AMARGO TERMA 1.35L SERRANO CERO;ALMACEN
13731;AMARO AVERNA 700CC;ALMACEN
27122;AMARULA 375CC CREAM;ALMACEN
27488;AMARULA 750CC COFFEE ;ALMACEN
03779;AMARULA 750CC CREAM;ALMACEN
01680;AMERICANO GANCIA 450CC;ALMACEN
26645;AMERICANO GANCIA 473CC;ALMACEN
26249;AMERICANO GANCIA 473CC CERO LATA;ALMACEN
27190;AMERICANO GANCIA 473CC HIBISCUS;ALMACEN
27569;AMERICANO GANCIA 6*473CC CERO LATA;ALMACEN
26577;AMERICANO GANCIA 750CC HIBISCUS;ALMACEN
000410;AMERICANO GANCIA 950CC;ALMACEN
23825;ANANA  FRUTITA 1LT MINIONS S/A;ALMACEN
27455;ANANA BAHIA 567G RODAJAS;ALMACEN
25184;ANANA BAHIA 850G RODAJAS;ALMACEN
26772;ANANA BAHIA 850G RODAJAS;ALMACEN
25678;ANANA BAHIA 850G TROZOS;ALMACEN
26771;ANANA BAHIA 850G TROZOS;ALMACEN
27447;ANANA CUMANA 836G RODAJAS;ALMACEN
00711;ANANA EL KG.;VERDULERIA
25484;ANANA FIESTITA 1L S/ALCOHOL;ALMACEN
00483;ANANA FIZZ FIESTA 1L MOÑO AMARILLO;ALMACEN
07858;ANANA FIZZ RAMA CAIDA 6*710CC;ALMACEN
19883;ANANA FIZZ RAMA CAIDA 6*710ML SIN/A;ALMACEN
06701;ANANA FIZZ RAMA CAIDA 710CC;ALMACEN
27375;ANANA FIZZ RAMA CAIDA 710ML SIN/A;ALMACEN
00350;ANANA FRACCIONADO ;FIAMBRERIA
18788;ANANA GENNARI 150G POTE CUBOS;FIAMBRERIA
04574;ANANA GENTELMAN 567G RODAJAS;ALMACEN
17064;ANANA GENTLEMAN 820G RODAJAS;ALMACEN
25318;ANANA GENTLEMAN 820G TROZOS;ALMACEN
20141;ANANA OKEY 567G RODAJAS;ALMACEN
20142;ANANA OKEY 836G RODAJAS;ALMACEN
08041;ANCHOAS CARACAS 170G FILETES;ALMACEN
11424;ANCHOAS CARACAS 50*3UN;ALMACEN
14203;ANCHOAS CARACAS 90G FILETES   ;ALMACEN
06098;ANCHOAS ESTRIBOR  90G;ALMACEN
19868;ANCHOAS MARBELLA  950G 50*3;FIAMBRERIA
15260;ANCHOAS MARBELLA 90G FILET;ALMACEN
17751;ANCHOAS MARBELLA 90G FILET CALABRESA;ALMACEN
25344;ANCHOAS PUGLISI 170G ACEITE;ALMACEN
25345;ANCHOAS PUGLISI 1K 55*3 ACEITE;ALMACEN
25343;ANCHOAS PUGLISI 90G ACEITE;ALMACEN
00325;ANCHOAS SOBRE;FIAMBRERIA
24031;ANILLAS CALAMAR BERARDI 500G;FIAMBRERIA
25621;ANILLAS CALAMAR M.PRONTO 1KG;FIAMBRERIA
15837;ANILLAS CALAMAR P.MARE 250G REBOZ.;FIAMBRERIA
26672;ANILLAS CALAMAR SUPERBE 300G;FIAMBRERIA
09091;ANILLAS DE JIBIAS 1KG;FIAMBRERIA
20792;ANILLAS DE SURIMI KRABAS 300G ;FIAMBRERIA
12041;ANILLITOS PATAGONIA 100G;ALMACEN
11316;ANIS 8 HERMANOS 1L AZUL;ALMACEN
19770;ANIS ALICANTE 25G GRANO S/T;ALMACEN
00224;ANTE MUSLO X KG;CARNICERIA
26903;ANTIHUM.AIREPUR 75G BASIC;ALMACEN
07824;ANTIPASTO DIDIER 180G PICANTE;FIAMBRERIA
11928;ANTIPASTO MARVAVIC 330G FRASCO;FIAMBRERIA
17438;ANTIPOLILLA KLOVOLN 200G;ALMACEN
24842;APERIT. SMIRNOFF 473CC NARANJA Y LIMA;ALMACEN
24843;APERIT. SMIRNOFF 473CC POMELO Y LIMA;ALMACEN
17603;APERIT.HARD SELTZER 310ML FRUTOS ROJOS;ALMACEN
17604;APERIT.HARD SELTZER 310ML LIMON;ALMACEN
17605;APERIT.MIKES HARD 355CC LIMON/VODKA;ALMACEN
19888;APERIT.MIKES HARD 355CC POMELO/VODKA ;ALMACEN
06291;APERITIVO APEROL 750CC;ALMACEN
2608;APERITIVO CARPANO BIANCO 950CC ;ALMACEN
02616;APERITIVO CARPANO DRY 950CC;ALMACEN
02604;APERITIVO CARPANO ROSSO 950CC;ALMACEN
03257;APERITIVO CYNAR 70 750CC;ALMACEN
04470;APERITIVO CYNAR 750CC;ALMACEN
26187;APERITIVO HIERROQUINA PERETTI 1L;ALMACEN
14871;APERITIVO PINERAL 750ML;ALMACEN
27073;APERITIVO RAMAZZOTTI 700CC ROSATO;ALMACEN
00702;APIO BLANCO EL KG.;VERDULERIA
17831;APRESTO DANUBIO 390CC C/SILICONA;ALMACEN
25396;APRESTO ROBIN 450CC DP;ALMACEN
04088;APRESTO ROBIN 500CC DOY PACK;ALMACEN
03902;APRESTO ROBIN 500CC GATILLO;ALMACEN
17667;APRESTO ROBIN 900ML DP;ALMACEN
24019;ARANDANOS BAHIA 520G LATA;ALMACEN
00721;ARANDANOS EL KG;VERDULERIA
25644;ARANDANOS FRUIT LIFE 250GR ;VERDULERIA
25275;ARANDANOS GREEN LIFE 300G;VERDULERIA
18944;ARANDANOS GREEN LIFE 400G ;VERDULERIA
23543;ARANDANOS ORQUIDEA 100G BAÑADO;ALMACEN
07144;ARANDANOS PATAGONIA 300G;ALMACEN
00664;ARAÑITA EL KG ;CARNICERIA
25284;ARENA AGLOMERANTE MERRY CAT 4KG;ALMACEN
15063;ARGENTIAS 670G;ALMACEN
15183;ARITOS GRANIX 130G FRUTALES;ALMACEN
05439;ARITOS GRANIX 130G MIEL ;ALMACEN
15819;ARITOS GRANIX 350G FRUTALES ;ALMACEN
17526;AROM.AIRE PUR TELAS 400ML ALGODON REP.;ALMACEN
11185;AROM.SAPHIRUS 250CC COCO VAI;ALMACEN
11179;AROM.SAPHIRUS 250CC CONY TEXTIL;ALMACEN
11186;AROM.SAPHIRUS 250CC LAVANDA TEXTIL;ALMACEN
11177;AROM.SAPHIRUS 250CC LIMON TEXTIL;ALMACEN
11194;AROM.SAPHIRUS 250CC MAG.FRESIAS TEXTIL;ALMACEN
19968;AROM.SAPHIRUS 280CC BEBE ;ALMACEN
19971;AROM.SAPHIRUS 280CC BREEZE ;ALMACEN
19967;AROM.SAPHIRUS 280CC BUBBLEGUM ;ALMACEN
19969;AROM.SAPHIRUS 280CC LIMON;ALMACEN
19970;AROM.SAPHIRUS 280CC UVA ;ALMACEN
27324;AROM.TEXTIX SMELL FRESH 200ML JAZMIN;ALMACEN
27323;AROM.TEXTIX SMELL FRESH 200ML NEW YORK;ALMACEN
25963;AROMAT. WALKER 4ML CUBO ACQUA REP.;ALMACEN
14872;AROMAT.AIR WICK 250CC LAVANDA;ALMACEN
24988;AROMAT.AIR WICK 250CC LIRIO Y SEDA;ALMACEN
13570;AROMAT.AIR WICK 250CC REP.CITRUS ;ALMACEN
000673;AROMAT.AIR WICK 250CC REP.VAINILLA;ALMACEN
27840;AROMAT.AROME FIN 250CC CARICIA ANGEL ;ALMACEN
27842;AROMAT.AROME FIN 250CC CONY;ALMACEN
27969;AROMAT.AROME FIN 250CC EUPHORIA;ALMACEN
27965;AROMAT.AROME FIN 250CC PETIT ;ALMACEN
27841;AROMAT.AROME FIN 250CC ROMANTIC;ALMACEN
27968;AROMAT.AROME FIN 250CC VAINILLA;ALMACEN
15462;AROMAT.BURBUJITAS 250CC BLUEBERRY;ALMACEN
15463;AROMAT.BURBUJITAS 250CC SPRING;ALMACEN
17185;AROMAT.GLADE 110G LAV.VAIN.REP ECON.;ALMACEN
17184;AROMAT.GLADE 110G LIMON REP.ECON.;ALMACEN
25099;AROMAT.GLADE 110G REP.ECON.FRESCURA SALVAJE;ALMACEN
25100;AROMAT.GLADE 110G REP.ECON.MANGO TROPICAL;ALMACEN
18359;AROMAT.GLADE 110G REP.ECON.SANDIA;ALMACEN
17186;AROMAT.GLADE 175G CAR.ALGODON REP.;ALMACEN
16752;AROMAT.GLADE 175G ENCANTO VAIN.REP;ALMACEN
17182;AROMAT.GLADE 175G FLORAL PERF.REP.;ALMACEN
17181;AROMAT.GLADE 175G FLORES TROP.REP;ALMACEN
16751;AROMAT.GLADE 175G HAWAIIAN REP;ALMACEN
09343;AROMAT.GLADE 175G HAWAIIAN REP. ;ALMACEN
16867;AROMAT.GLADE 175G LAVANDA VAINILLA REP;ALMACEN
09334;AROMAT.GLADE 175G LIMON REP;ALMACEN
16754;AROMAT.GLADE 175G LIMON REP;ALMACEN
09331;AROMAT.GLADE 175G MANZANA CANELA REP;ALMACEN
16881;AROMAT.GLADE 175G PARAISO AZUL REP;ALMACEN
16753;AROMAT.GLADE 175G PLACER FLORAL REP;ALMACEN
24728;AROMAT.GLADE 175G REP. FRESC.SALVAJE ;ALMACEN
27012;AROMAT.GLADE 175G REP.NARANJO/ORQ;ALMACEN
02565;AROMAT.GLADE 175G.VAINILLA FULL ;ALMACEN
27011;AROMAT.GLADE 21ML REP. NARANJO/ORQ;ALMACEN
20109;AROMAT.GLADE AUTOM.175G FULL LAVAN.VAINILLA;ALMACEN
18603;AROMAT.GLADE AUTOM.175G FULL MANZ.CANELA;ALMACEN
24727;AROMAT.GLADE AUTOM.REP.270CC MANGO TROP.;ALMACEN
13223;AROMAT.LYSOFORM 175CC AUTOM.FULL AIR MON;ALMACEN
27468;AROMAT.POETT 900CC FRESC.TROPICAL;ALMACEN
27319;AROMAT.SMELL FRESH 262ML BEBE;ALMACEN
23799;AROMAT.SMELL FRESH 262ML BRISA MARINA;ALMACEN
18841;AROMAT.SMELL FRESH 262ML COCO/VAIN.;ALMACEN
08397;AROMAT.SMELL FRESH 262ML JAZMIN;ALMACEN
18842;AROMAT.SMELL FRESH 262ML LAVANDA ;ALMACEN
18839;AROMAT.SMELL FRESH 262ML LEMON CANDY;ALMACEN
26318;AROMAT.SMELL FRESH 262ML NEW YORK REP;ALMACEN
07797;AROMAT.TELAS POETT 250ML DOSIF.SEDOSA PRIMAVERA;ALMACEN
24902;AROMAT.TELAS POETT 250ML SUAV BEBE;ALMACEN
18089;AROMATIZANTE REVY CITRUS P/AUTO;ALMACEN
18180;AROMATIZANTE REVY LAVENDER FIELDS;ALMACEN
26198;AROMATIZANTE WALKER CUBO ACQUA;ALMACEN
25965;AROMATIZANTE WALKER CUBO BLACK;ALMACEN
25966;AROMATIZANTE WALKER CUBO CITRICO;ALMACEN
26095;AROMATIZANTE WALKER CUBO CITRICO;ALMACEN
27172;AROMATIZANTE WALKER CUBO FRUTILLA;ALMACEN
25970;AROMATIZANTE WALKER CUBO LAVANDA;ALMACEN
25968;AROMATIZANTE WALKER CUBO ONE MILLION;ALMACEN
25969;AROMATIZANTE WALKER CUBO UVA;ALMACEN
25967;AROMATIZANTE WALKER CUBO VAINILLA PRIDE;ALMACEN
25954;AROMATIZANTE WALKER P/AUTO PINO;ALMACEN
26092;AROMATIZANTE WALKER SPORT 8G ACQUA;ALMACEN
25959;AROMATIZANTE WALKER SPORT 8G BLACK;ALMACEN
26094;AROMATIZANTE WALKER SPORT 8G CITRICO;ALMACEN
25961;AROMATIZANTE WALKER SPORT 8G FRUTILLA;ALMACEN
25958;AROMATIZANTE WALKER SPORT 8G LAVANDA;ALMACEN
26093;AROMATIZANTE WALKER SPORT 8G ONE MILLION;ALMACEN
25957;AROMATIZANTE WALKER SPORT 8G SENSUAL;ALMACEN
25960;AROMATIZANTE WALKER SPORT 8G UVA;ALMACEN
25962;AROMATIZANTE WALKER SPORT 8G VAINILLA;ALMACEN
00632;AROS DE CEBOLLA;VERDULERIA
26252;AROS METALICOS 35 SIFAP *3;ALMACEN
20409;AROS METALICOS BLISTER *3;ALMACEN
27318;ARRANCA MOTORES ESCUDO 225GR;ALMACEN
00917;ARROLLADITO DE FIAMBRE EL KG;FIAMBRERIA
00553;ARROLLADITO POLLOLIN KG;FIAMBRERIA
00885;ARROLLADO DE POLLO FOX;FIAMBRERIA
00064;ARROLLADO EL BIERZO POLLO;FIAMBRERIA
01035;ARROLLADO POLLO KILO;CARNICERIA
01094;ARROZ 3 KGRS. OFERTA;ALMACEN
02754;ARROZ AMANDA 1K DOBLE CAROLINA;ALMACEN
02793;ARROZ AMANDA 1K LARGO;ALMACEN
02753;ARROZ AMANDA 1K PARBOLIZADO;ALMACEN
20359;ARROZ AMANDA 500G LARGO FINO;ALMACEN
24515;ARROZ BAÑADO QUENTO 70G ;ALMACEN
20876;ARROZ C/LECHE TREGAR 180G CANELA ;FIAMBRERIA
20758;ARROZ C/LECHE TREGAR 180G CLASICO ;FIAMBRERIA
20910;ARROZ C/LECHE TREGAR 180G DLECHE ;FIAMBRERIA
25550;ARROZ CAÑUELAS 1KG LARGO FINO;ALMACEN
25551;ARROZ CAÑUELAS 500G LARGO FINO;ALMACEN
20342;ARROZ DICOMERE KOSHIHIKARI 400G;ALMACEN
17608;ARROZ DOS HERMANOS 1KG DOBLE CAJA;ALMACEN
17610;ARROZ DOS HERMANOS 1KG PARBOIL ;ALMACEN
17609;ARROZ DOS HERMANOS 1KG PARBOIL CAJA;ALMACEN
17613;ARROZ DOS HERMANOS 500G LARGO FINO;ALMACEN
17616;ARROZ DOS HERMANOS 500G PARBOIL;ALMACEN
17606;ARROZ DOS HERMANOS 500G PARBOIL CAJA;ALMACEN
22293;ARROZ GALLO 1KG DOBLE CAROLINA CAJA;ALMACEN
24875;ARROZ GALLO 1KG INTEGRAL;ALMACEN
21096;ARROZ GALLO 1KG LARGO BOLSA;ALMACEN
23266;ARROZ GALLO 1KG LARGO FINO ESTUCHE SELECCION;ALMACEN
10432;ARROZ GALLO 1KG ORO BOLSA;ALMACEN
21533;ARROZ GALLO 1KG ORO BOLSA;ALMACEN
27107;ARROZ GALLO 1KG ORO BOLSA 100G GRATIS;ALMACEN
22030;ARROZ GALLO 1KG ORO CAJA;ALMACEN
24457;ARROZ GALLO 1KG ORO CAJA;ALMACEN
27301;ARROZ GALLO 240G CHAMPIGNONES;ALMACEN
26872;ARROZ GALLO 240G MIX DE SEMILLAS;ALMACEN
21099;ARROZ GALLO 240G MIX SEMILLAS;ALMACEN
26524;ARROZ GALLO 240G MIX VEGETAL;ALMACEN
19021;ARROZ GALLO 240G RISOTTO 4 QUESOS;ALMACEN
23295;ARROZ GALLO 240G RISOTTO 4 QUESOS ;ALMACEN
26730;ARROZ GALLO 240G RISOTTO A LA ESPAÑOLA;ALMACEN
19020;ARROZ GALLO 240G RISOTTO PRIMAVERA;ALMACEN
23296;ARROZ GALLO 240G RISOTTO PRIMAVERA;ALMACEN
14864;ARROZ GALLO 240G SABOR.MIX VEGETALES;ALMACEN
22909;ARROZ GALLO 240G SABOR.MIX VEGETALES;ALMACEN
14865;ARROZ GALLO 240G SABOR.QUESO;ALMACEN
26504;ARROZ GALLO 240G VERDEO;ALMACEN
01379;ARROZ GALLO 500G CARNAROLI;ALMACEN
22180;ARROZ GALLO 500G DOBLE CAROLINA BOLSA ;ALMACEN
21788;ARROZ GALLO 500G INTEGRAL;ALMACEN
24448;ARROZ GALLO 500G INTEGRAL BOLSA;ALMACEN
21211;ARROZ GALLO 500G LARGO FINO;ALMACEN
23037;ARROZ GALLO 500G LARGO FINO;ALMACEN
23036;ARROZ GALLO 500G ORO BOLSA;ALMACEN
23711;ARROZ GALLO 500G YAMANI;ALMACEN
26732;ARROZ GRYM 250G HONGOS;ALMACEN
26733;ARROZ GRYM 250G VEGETALES;ALMACEN
14883;ARROZ KOSHIHIKARI 1KG P/SUSHI;ALMACEN
14170;ARROZ LUCCHETTI 1KG DOBLE CAROLINA;ALMACEN
22706;ARROZ LUCCHETTI 1KG INTEGRAL C/FIBRA;ALMACEN
22178;ARROZ LUCCHETTI 1KG LARGO FINO BOLSA;ALMACEN
26731;ARROZ LUCCHETTI 1KG LARGO FINO BOLSA;ALMACEN
22179;ARROZ LUCCHETTI 1KG PARB.BOLSA ;ALMACEN
23058;ARROZ LUCCHETTI 500G LARGO FINO BOLSA;ALMACEN
24718;ARROZ LUCCHETTI 500G PARB.BOLSA;ALMACEN
16176;ARROZ MARIA 1KG LARGO FINO;ALMACEN
16177;ARROZ MARIA 500G LARGO FINO ;ALMACEN
24523;ARROZ MOLINOS ALA 1KG GRANO SEL.;ALMACEN
23567;ARROZ QUIMYA 140G CANELA/TOFFEE S/TACC VEGAN;ALMACEN
23564;ARROZ QUIMYA 140G VAINILLA/CARAMEL S/TACC VEGAN;ALMACEN
01977;ARROZ SULTAN 5KG;ALMACEN
20369;ARROZ YAMANI DICOMERE 400G ;ALMACEN
07886;ARROZ YAMANI GENNARI 1KG;ALMACEN
21307;ARROZ YIN YANG 1KG KOSHIHIKARI ;ALMACEN
25814;ARVEJA CUMANA 300G;ALMACEN
27458;ARVEJAS AMARILLAS BAHIA 300G;ALMACEN
18466;ARVEJAS ARCOR 300G SECAS;ALMACEN
25679;ARVEJAS BAHIA 300G;ALMACEN
28107;ARVEJAS CADEA 400G PARTIDAS ;ALMACEN
16112;ARVEJAS CALLIERI 400G PARTIDAS;ALMACEN
04485;ARVEJAS CAMPAG.FRESCAS 300G;ALMACEN
17054;ARVEJAS CARACAS 350G SECAS;ALMACEN
00709;ARVEJAS CON VAINAS  EL KG;VERDULERIA
08574;ARVEJAS GRANJA SOL 300G;VERDULERIA
22327;ARVEJAS GRANJA SOL 300G ;VERDULERIA
25040;ARVEJAS GREEN LIFE 300G;VERDULERIA
20667;ARVEJAS INALPA 300G AMARILLAS SECAS REMOJADAS;ALMACEN
17749;ARVEJAS INALPA 300G C/CHOCLO;ALMACEN
17750;ARVEJAS INALPA 300G C/ZANAHORIA;ALMACEN
17747;ARVEJAS INALPA 300G VERDES;ALMACEN
21951;ARVEJAS INCA 350G SECAS;ALMACEN
21383;ARVEJAS MORA 340G SECAS TETRA PAK;ALMACEN
03399;ARVEJAS OKEY 350G ;ALMACEN
20827;ARVEJAS VIDA 300G SECAS REMOJADAS;ALMACEN
27062;ASADERA MARINEX OVAL OPALINE 28X17;ALMACEN
27197;ASADERA MARINEX OVAL OPALINE 28X5.2;ALMACEN
27035;ASADERA MARINEX OVAL OPALINE 31X20;ALMACEN
24956;ASADERA MARINEX VIDRIO C/T 2,2LT;ALMACEN
00177;ASADO C/HUESO EL KILO;CARNICERIA
02021;ASADO C/HUESO PREMIUM EL KG;CARNICERIA
00700;ASADO DE CERDO;CARNICERIA
00172;ASADO RUSSO DE PRIMERA;CARNICERIA
00161;ASADO SIN HUESO SELECCION EL K;CARNICERIA
26347;ATOMIZADOR WALKER 60CC 212;ALMACEN
26343;ATOMIZADOR WALKER 60CC 212 SEXY;ALMACEN
26349;ATOMIZADOR WALKER 60CC AMOR;ALMACEN
26353;ATOMIZADOR WALKER 60CC ARMANI CODE;ALMACEN
26086;ATOMIZADOR WALKER 60CC BLACK;ALMACEN
26351;ATOMIZADOR WALKER 60CC BLACK XS;ALMACEN
25971;ATOMIZADOR WALKER 60CC COCO;ALMACEN
26354;ATOMIZADOR WALKER 60CC FERRARI PASSION;ALMACEN
26091;ATOMIZADOR WALKER 60CC FRUTILLA;ALMACEN
27998;ATOMIZADOR WALKER 60CC INVICTUS;ALMACEN
26089;ATOMIZADOR WALKER 60CC KENZO;ALMACEN
26341;ATOMIZADOR WALKER 60CC LAVANDA;ALMACEN
26352;ATOMIZADOR WALKER 60CC LE VIE EST BELLE;ALMACEN
25955;ATOMIZADOR WALKER 60CC LIMON;ALMACEN
26348;ATOMIZADOR WALKER 60CC MARACUYA;ALMACEN
26686;ATOMIZADOR WALKER 60CC MARINO;ALMACEN
26350;ATOMIZADOR WALKER 60CC MILLION;ALMACEN
26344;ATOMIZADOR WALKER 60CC NINA;ALMACEN
26345;ATOMIZADOR WALKER 60CC OLYMPEA;ALMACEN
26090;ATOMIZADOR WALKER 60CC ONE MILLION;ALMACEN
26087;ATOMIZADOR WALKER 60CC PACO RABANNE;ALMACEN
26085;ATOMIZADOR WALKER 60CC POLO;ALMACEN
26687;ATOMIZADOR WALKER 60CC POLO;ALMACEN
26346;ATOMIZADOR WALKER 60CC SAUVAGE;ALMACEN
26088;ATOMIZADOR WALKER 60CC UVA;ALMACEN
25956;ATOMIZADOR WALKER 60CC VAINILLA;ALMACEN
26342;ATOMIZADOR WALKER 60CC VICTORY;ALMACEN
03388;ATUN BAHIA DESM.ACEITE 170G;ALMACEN
03387;ATUN BAHIA DESM.NATURAL 170G;ALMACEN
26622;ATUN BAHIA LOMITOS 170G ACEITE/AGUA;ALMACEN
26623;ATUN BAHIA LOMITOS 170G ACEITE/AGUA;ALMACEN
27966;ATUN BAHIA LOMITOS 170G ACEITE/AGUA ;ALMACEN
27967;ATUN BAHIA LOMITOS 170G ACEITE/AGUA;ALMACEN
08811;ATUN BAHIA LOMITOS 170G NATURAL ;ALMACEN
26722;ATUN BAHIA LOMITOS 170G NATURAL;ALMACEN
27459;ATUN BAHIA LOMITOS 170G NATURAL;ALMACEN
04705;ATUN BAHIA LOMITOS ACEITE 170G;ALMACEN
08911;ATUN CAMPAG.170G DESM.ACEITE;ALMACEN
09871;ATUN CAMPAG.170G DESM.NATURAL;ALMACEN
18769;ATUN CAMPAG.170G LOMO ACEITE ;ALMACEN
26796;ATUN CAMPAG.170G LOMO ACEITE AHUMADO;ALMACEN
17489;ATUN CAMPAG.170G LOMO NATURAL ;ALMACEN
02147;ATUN CAMPAG.300G LOMITO NATURAL;ALMACEN
22406;ATUN CAMPAG.300G LOMO ACEITE ;ALMACEN
22949;ATUN CAMPAG.300G LOMO NATURAL;ALMACEN
001249;ATUN CUMANA 170G DESM.ACEITE;ALMACEN
01597;ATUN CUMANA 170G DESM.NATURAL;ALMACEN
25264;ATUN CUMANA 170G LOMITO ACEITE;ALMACEN
25263;ATUN CUMANA 170G LOMITO NATURAL;ALMACEN
19870;ATUN MARBELLA 170G LOMITO ACEITE;ALMACEN
19869;ATUN MARBELLA 170G LOMITO NAT;ALMACEN
28086;ATUN MARECHIARE 180G C/VEGETALES ;ALMACEN
25337;ATUN PUGLISI 170G ACEITE S/SAL;ALMACEN
25338;ATUN PUGLISI 170G AGUA S/SAL;ALMACEN
16692;AUTOB.CERAMICOL 450CC INCOLORO DP;ALMACEN
07673;AUTOBRILLO COBRA 60CC BLANCO;ALMACEN
07672;AUTOBRILLO COBRA 60CC MARRON;ALMACEN
07671;AUTOBRILLO COBRA 60CC NEGRO;ALMACEN
05158;AVELLANAS B.VIENTOS 100G CHOCO;VERDULERIA
05153;AVELLANAS B.VIENTOS 100G ENTER;VERDULERIA
24892;AVELLANAS GENNARI 120G;VERDULERIA
20039;AVELLANAS GEORGALOS  80G CHOCOLATE   ;ALMACEN
20049;AVELLANAS GEORGALOS 100G CHOCOLATE   ;ALMACEN
23549;AVELLANAS ORQUIDEA 10G BAÑADAS;ALMACEN
20522;AVENA 3 ARROYOS 350G INST.;ALMACEN
19799;AVENA 3 ARROYOS 400G TRADICIONAL;ALMACEN
13069;AVENA CADEA ARROLLADA 350G;ALMACEN
13964;AVENA GRANIX 400GR EXTRA FINA ;ALMACEN
26009;AVENA GRANIX 400GR HOJUELON;ALMACEN
08533;AVENA GRANIX 400GR INSTANTANEA ;ALMACEN
08527;AVENA GRANIX 400GR TRADICIONAL ;ALMACEN
26977;AVENA GRANIX 60G MIX ALGARROBA;ALMACEN
26978;AVENA GRANIX 60G MIX ARANDANOS;ALMACEN
26975;AVENA GRANIX 60G MIX MANZANA;ALMACEN
26979;AVENA GRANIX 60G MIX PAPAYA;ALMACEN
21488;AVENA GRYM ARROLLADA 400G INSTAN.;ALMACEN
21487;AVENA GRYM ARROLLADA 400G TRAD.;ALMACEN
28034;AVENA QUAKER 280G INSTANTANEA;ALMACEN
20756;AVENA QUAKER 280G INTEGRAL INSTAN.;ALMACEN
24386;AVENA QUAKER 280G TRADICIONAL ;ALMACEN
15100;AVENA QUAKER 470G EXTRAFINA ;ALMACEN
27693;AVENA QUAKER 470G EXTRAFINA ;ALMACEN
20897;AVENA QUAKER 500G INSTANTANEA;ALMACEN
20785;AVENA QUAKER 550G TRADICIONAL ;ALMACEN
16865;AZAFRAN ALICANTE CAPSULA 2U;ALMACEN
24605;AZAFRAN CUMANA 0.2G;ALMACEN
19396;AZUCAR AZUCEL 1KG;ALMACEN
18621;AZUCAR CABRALES 800 SOBRES;ALMACEN
18007;AZUCAR DICOMERE 1KG ORGANICA;ALMACEN
19830;AZUCAR DICOMERE 500G MASCABO ;ALMACEN
21859;AZUCAR DOÑA DULCE 1KG ;ALMACEN
01679;AZUCAR EQUALSWEET 500G LIGHT;ALMACEN
27105;AZUCAR GENNARI 500G NEGRA;ALMACEN
05096;AZUCAR IMPALPABLE CALLIERI 250G;ALMACEN
22582;AZUCAR IMPALPABLE DOS ANCLAS 300GR;ALMACEN
20397;AZUCAR IMPALPABLE EMETH 250G;ALMACEN
22410;AZUCAR IMPALPABLE GENNARI 500G;ALMACEN
07105;AZUCAR LA TIKAY 1KG A;ALMACEN
02705;AZUCAR LEDESMA 1KG;ALMACEN
02601;AZUCAR LEDESMA 1KG LIBRE GLUT;ALMACEN
22890;AZUCAR LEDESMA 1KG SUPERIOR ;ALMACEN
18681;AZUCAR MASCABO 500G HERBAS DEL OASIS;ALMACEN
17969;AZUCAR MASCABO GENNARI 500G;ALMACEN
19818;AZUCAR MASCABO YIN YANG 500G;ALMACEN
26857;AZUCAR PILAR A 1KG;ALMACEN
25042;AZUCAR VIRGINIA 800 SOBRES;ALMACEN
16778;AZUFRE MAKE 5U EN BARRA;ALMACEN
21711;BAHARAT CALLIERI 90G ;ALMACEN
100008;BALDE;ALMACEN
27549;BALDE 12LTS LA PORTEÑA M/ALAMBRE;ALMACEN
04433;BALDE ACEITU NUCETE VERDE ENTERA 5K ARAUCO;FIAMBRERIA
07578;BALDE ACEITUNA MARVAVIC GRIEGAS 5KG;FIAMBRERIA
16857;BALDE ACEITUNA NEGRA 5KG;FIAMBRERIA
14330;BALDE ACEITUNA NUCETE NEGRA DESCAROZADA 4KG;FIAMBRERIA
14329;BALDE ACEITUNA NUCETE NEGRA ENTERA 5KG;FIAMBRERIA
22931;BALDE ACEITUNA NUCETE NEGRA ENTERA 5KG SALMUERA;FIAMBRERIA
04418;BALDE ACEITUNA NUCETE NEGRA RODAJA 4KG;FIAMBRERIA
12058;BALDE ACEITUNA NUCETE VERDE DESCAROZADA 4KG;FIAMBRERIA
22930;BALDE ACEITUNA NUCETE VERDE ENTERA 5KG SALMUERA;FIAMBRERIA
12064;BALDE ACEITUNA NUCETE VERDE RELLENA 5KG;FIAMBRERIA
04441;BALDE ACEITUNA NUCETE VERDE RODAJA 4KG;FIAMBRERIA
24539;BALDE CENTRIFUGO C/2 MOPAS ;ALMACEN
25599;BALDE CORONA;ALMACEN
24396;BALDE FIORENTINA ANATOM.C/ESCURRIDOR;ALMACEN
25115;BALDE FIORENTINA ANATOMICO;ALMACEN
23501;BALDE LA PORTEÑA ESCURR.16L;ALMACEN
10691;BALDE PORTENA 10L ECONOMICO;ALMACEN
16460;BALDE PORTEÑA 12LTS M/ALAMBRE;ALMACEN
25440;BALDE SAMANTHA 10LT REFORZADO;ALMACEN
17218;BALDE SAN REMO OVAL 14L LILA;ALMACEN
18739;BALDE SAN REMO OVAL 14L TURQUESA;ALMACEN
23747;BALDE VIRULANA 12LT CON ESCURRIDOR;ALMACEN
02666;BALONCITOS GRANIX CHOCOL.150G;ALMACEN
24908;BALSAMO AFTER SHAVE NIVEA 100ML SENSITIVE;ALMACEN
11161;BALSAMO ROUBAIX 400CC KERATINA;ALMACEN
11152;BALSAMO ROUBAIX 400CC LINO;ALMACEN
00715;BANANA ECUADOR  EL KG.;VERDULERIA
00116;BANANAS DE OFERTA   EL KG;VERDULERIA
26255;BANDAS ELASTICA EZCO 38MM;ALMACEN
25432;BANDAS FACIALES MILLEFIORI 16U A/G;ALMACEN
25433;BANDAS FACIALES MILLEFIORI 16U A/J;ALMACEN
25530;BANDAS VEET CERA DEP.16U FRESH FACE;ALMACEN
20296;BANDAS VEET CERA DEP.16U P.SENSIBLES;ALMACEN
25529;BANDAS VEET CERA DEP.6U BANDAS DOBLES;ALMACEN
20297;BANDAS VEET DEP.NATS 10U P.SENSIBLES ;ALMACEN
09987;BANO ROUBAIX ALMENDRAS 300G;ALMACEN
05542;BANO ROUBAIX CREMA 300G PALTA;ALMACEN
09988;BANO ROUBAIX PROVITAMINAS 300G;ALMACEN
13050;BAÑO REP.AGUILA 150G CELESTE;ALMACEN
13401;BAÑO REP.AGUILA 150G LECHE ;ALMACEN
14945;BAÑO REP.AGUILA 150G ROSA;ALMACEN
15416;BAÑO REP.AGUILA 150G SEMIAMARGO ;ALMACEN
19763;BAÑO REP.AGUILA BLANCO S/T 150G;ALMACEN
05298;BAÑO REP.GEORGALOS 150G BLANCO;ALMACEN
05301;BAÑO REP.GEORGALOS 150G LECHE;ALMACEN
05302;BAÑO REP.GEORGALOS 150G SEMIAMARGO;ALMACEN
15936;BARBIJOS MASK 10U;ALMACEN
23837;BARRA ARROZ EGRAN 20GR SLIM FRUTILLA;ALMACEN
23833;BARRA ARROZ EGRAN 60GR CHOCOLATE;ALMACEN
23835;BARRA ARROZ EGRAN 60GR COCO;ALMACEN
23836;BARRA ARROZ EGRAN 60GR TRADICIONAL;ALMACEN
18197;BARRA ARROZ GALLO YOGUBAR 6U;ALMACEN
28119;BARRA BRAVA CEREAL 40G ARGENTINA;ALMACEN
28116;BARRA BRAVA CEREAL 40G FUNGI/MELENA;ALMACEN
28111;BARRA BRAVA CEREAL 45G CHOCO COCO;ALMACEN
28112;BARRA BRAVA CEREAL 45G FRUTILLA ;ALMACEN
28113;BARRA BRAVA CEREAL 45G TROPICAL;ALMACEN
28114;BARRA BRAVA CEREAL 58G ARANDANOS;ALMACEN
28115;BARRA BRAVA CEREAL 58G DATILES;ALMACEN
26640;BARRA CEREAL KUATI 34G CACAO/ALMENDRAS/QUINOA;ALMACEN
24203;BARRA CEREAL KUATI 34G CACAO/QUINOA;ALMACEN
27210;BARRA CEREAL KUATI 34G COCO/ALM/QUINOA;ALMACEN
24204;BARRA CEREAL KUATI 34G COCO/QUINOA;ALMACEN
24202;BARRA CEREAL KUATI 34G MANI/QUINOA;ALMACEN
27211;BARRA CEREAL KUATI 34G PASTA MANI/QUINOA;ALMACEN
19391;BARRA COFLER CHOCOLINAS 40G ;ALMACEN
24128;BARRA GALLO YOGUBAR ARROZ 20G ;ALMACEN
27595;BARRA LULEMUU 12G CHOCOLATE ARROZ;ALMACEN
27596;BARRA LULEMUU 12G DULCE LECHE ARROZ;ALMACEN
17936;BARRA ROCKLETS 44G;ALMACEN
27736;BARREHOJAS DEA;ALMACEN
26528;BARREHOJAS PORTENA PROFESIONAL;ALMACEN
00371;BASTONCITOS MATEROS;PANADERIA
00538;BASTONCITOS POLLO X KG;FIAMBRERIA
04877;BASTONES POLLOLIN 400G POLLO;FIAMBRERIA
00918;BATATA OFERTA EL KG;VERDULERIA
00716;BATATAS EL KG.;VERDULERIA
18177;BATATAS QUENTO 130G ;ALMACEN
23275;BATATAS QUENTO 345G;ALMACEN
27989;BATATAS QUENTO 70G CAPRESSE;ALMACEN
27170;BATATAS QUENTO 70G CEBOLLA CARAMELIZADA;ALMACEN
27169;BATATAS QUENTO 70G CREMA ROQUEFORT;ALMACEN
27171;BATATAS QUENTO 70G MOSTAZA/MIEL;ALMACEN
27168;BATATAS QUENTO 70G PAPRIKA AHUMADA;ALMACEN
27988;BATATAS QUENTO 70G SWEET CHILLI ;ALMACEN
26251;BATATAS QUENTO 75G;ALMACEN
18059;BATATAS QUENTO 80G ;ALMACEN
27281;BATE BIFE MADERA;ALMACEN
25187;BATIDOR LOEKEMEYER PERA;ALMACEN
23330;BEB NOTCO MILK 1L CLASICA ;FIAMBRERIA
13589;BEB.LACTEA LS 1L SENSE CARAMELO;FIAMBRERIA
23016;BEB.LACTEA LS 1LT BEBIBLE FRUTILLA;FIAMBRERIA
23015;BEB.LACTEA LS 1LT BEBIBLE VAINILLA;FIAMBRERIA
27429;BEB.LACTEA LS 200ML SENSE AVELLANAS;FIAMBRERIA
20643;BEB.LACTEA LS 200ML SENSE CAPPUCCINO;FIAMBRERIA
20642;BEB.LACTEA LS 200ML SENSE CARAMEL;FIAMBRERIA
25346;BEB.LACTEA LS 200ML VAINILLA ;FIAMBRERIA
22096;BEB.LACTEA LS 250ML FRUTILLA RED.AZUCAR;FIAMBRERIA
22097;BEB.LACTEA LS 250ML VAINILLA RED.AZUCAR;FIAMBRERIA
25774;BEB.LACTEA LS 900LT BEBIBLE DURAZNO;FIAMBRERIA
22094;BEB.LACTEA LS 900ML FRUTILLA RED.AZUCAR;FIAMBRERIA
24298;BEB.LACTEA LS 900ML SACHET C/D.LECHE ;FIAMBRERIA
26845;BEB.LACTEA LS 900ML SACHET COOKIES;FIAMBRERIA
22095;BEB.LACTEA LS 900ML VAINILLA RED.AZUCAR;FIAMBRERIA
17515;BEB.LACTEA MANI ENTRE NUT 1L CHOCOLATE;FIAMBRERIA
17514;BEB.LACTEA MANI ENTRE NUT 1L NATURAL S/A;FIAMBRERIA
24536;BEB.NOTCO LECHE 1LT SIN AZUCAR ;FIAMBRERIA
26829;BEB.SANREMO AUTO.PARA GATOS 250ML AZUL;ALMACEN
26830;BEB.SANREMO AUTO.PARA GATOS 250ML ROSA;ALMACEN
26827;BEB.SANREMO AUTO.PARA PERROS 250ML AZUL;ALMACEN
26828;BEB.SANREMO AUTO.PARA PERROS 250ML ROSA;ALMACEN
26831;BEBEDERO SANREMO PORTATIL AZUL;ALMACEN
26832;BEBEDERO SANREMO PORTATIL ROSA;ALMACEN
22864;BEBIDA ARCOR MANZANA 1L;ALMACEN
22865;BEBIDA ARCOR MULTIFRUTA 1L;ALMACEN
22863;BEBIDA ARCOR NARANJA 1L;ALMACEN
06193;BEBIDA BC MANZANA 1L;ALMACEN
03518;BEBIDA BC MANZANA 200CC;ALMACEN
07952;BEBIDA BC MANZANA 500CC;ALMACEN
02301;BEBIDA BC MULTIFRUTA 1L;ALMACEN
05916;BEBIDA BC NARANJA 1L;ALMACEN
03526;BEBIDA BC NARANJA 200CC;ALMACEN
08507;BEBIDA COCOON 1L COCO;ALMACEN
24646;BEBIDA LECHE SEREN.200ML PROTEIN CACAO;FIAMBRERIA
14332;BEBIDA PROTEIN.PRISMA 1L CHOC;FIAMBRERIA
22586;BEBIDA VEGETAL BIBA 1L ALMENDRAS;ALMACEN
22587;BEBIDA VEGETAL BIBA 1L AVENA;ALMACEN
15484;BEBIDA VEGETAL BIBA 1L QUINOA;ALMACEN
26192;BEBIDA VEGETAL BIBA 500CC ALMENDRAS;ALMACEN
21520;BEBIDA VEGETAL BIBA 500ML ALMENDRAS;ALMACEN
22622;BEBIDA YACI 354CC IGUAZU;ALMACEN
22623;BEBIDA YACI 354CC PAMPA;ALMACEN
22621;BEBIDA YACI 354CC PATAGONIA;ALMACEN
01118;BERENJENA ESCABECHE KG;FIAMBRERIA
00402;BERENJENA OFERTA  EL KG;FIAMBRERIA
05473;BERENJENAS ESCABECHE DIDIER 335G;FIAMBRERIA
22376;BERENJENAS MARVAVIC 2.5 KG ESCABECHE ;FIAMBRERIA
12006;BERENJENAS MARVAVIC 250GR ACEITE ;FIAMBRERIA
00717;BERENJENAS MORADAS  EL KG;FIAMBRERIA
00725;BERRO;VERDULERIA
00474;BERRO HIDROPONICO ;VERDULERIA
25854;BETTERCREME RICHS 453G CHANTILLY;ALMACEN
25853;BETTERCREME RICHS 453G CHOCOLATE;ALMACEN
09432;BETTERCREME RICHS 907G CHANTILLY;ALMACEN
27196;BETTERCREME RICHS 907G CHANTILLY;ALMACEN
17705;BETTERCREME RICHS 907G NATA;ALMACEN
19679;BICARBONATO ALICANTE 50G S/T;ALMACEN
10452;BICARBONATO CALLIERI 50G;ALMACEN
25417;BIDON TERMICO 2L;ALMACEN
00288;BIFE ANCHO EL KILO;CARNICERIA
00295;BIFE DE CHORIZO;CARNICERIA
00136;BIFE DE CUADRIL;CARNICERIA
25869;BIFERA ANTIADHERENTE 28CM;ALMACEN
27815;BIFERA REAL CON MANGO ALUMINIO ;ALMACEN
25461;BISCUIT SMAMS 120G;ALMACEN
00169;BISCUITS FRANKY X KG;ALMACEN
05442;BISCUITS SORIANO 160G CHOCO;ALMACEN
06025;BISCUITS SORIANO 250G;ALMACEN
26184;BISCUITS SORIANO 25G;ALMACEN
26046;BIZC. 9 DE ORO 200G AGRIDULCE;ALMACEN
26048;BIZC. 9 DE ORO 200G CLASICO;ALMACEN
26049;BIZC. 9 DE ORO 210G AZUCARADOS;ALMACEN
06284;BIZC.AGUILA 425G BROWNIES;ALMACEN
25082;BIZC.AGUILA 440G MUFFINS;ALMACEN
06174;BIZC.AGUILA 450G CHOC.TORTA HUMEDA;ALMACEN
14868;BIZC.AGUILA 450G TORTA CHIPS;ALMACEN
21417;BIZC.AGUILA 530G CHOCOLATE;ALMACEN
20153;BIZC.AGUILA 540G VAINILLA;ALMACEN
21418;BIZC.AGUILA 550G MARMOLADO;ALMACEN
13023;BIZC.ARCOR 500G CHOCOL.SIN TACC;ALMACEN
13022;BIZC.ARCOR 500G VAINILLA SIN TACC;ALMACEN
2101;BIZC.EMETH 450G CHOCOLATE;ALMACEN
2130;BIZC.EMETH 450G COCO;ALMACEN
15278;BIZC.EMETH 450G DULCE LECHE;ALMACEN
15277;BIZC.EMETH 450G LIMON;ALMACEN
02424;BIZC.EMETH 450G NARANJA;ALMACEN
02134;BIZC.EMETH 450G VAINILLA;ALMACEN
2113;BIZC.EMETH 450G VAINILLA C/CHIPS;ALMACEN
000127;BIZC.EXQUISITA 540G CHOCOLATE;ALMACEN
24453;BIZC.EXQUISITA 540G CHOCOLATE ;ALMACEN
04608;BIZC.EXQUISITA 540G COCO;ALMACEN
24456;BIZC.EXQUISITA 540G COCO;ALMACEN
000126;BIZC.EXQUISITA 540G LIMON;ALMACEN
24454;BIZC.EXQUISITA 540G LIMON ;ALMACEN
000124;BIZC.EXQUISITA 540G NARANJA;ALMACEN
24624;BIZC.EXQUISITA 540G NARANJA ;ALMACEN
000125;BIZC.EXQUISITA 540G VAINILLA;ALMACEN
24455;BIZC.EXQUISITA 540G VAINILLA ;ALMACEN
01902;BIZC.GALLO  50G TORTITA NEGRA;ALMACEN
15099;BIZC.GODET 480G CHOCOLATE;ALMACEN
02027;BIZC.GODET 480G VAINILLA;ALMACEN
14758;BIZC.GODET 480G VAINILLA;ALMACEN
15415;BIZC.GODET 500G MARMOLADO;ALMACEN
02428;BIZC.GRANIX 180G GIRASOL;ALMACEN
02404;BIZC.GRANIX 180G LINO;ALMACEN
02517;BIZC.GRANIX 180G SESAMO;ALMACEN
02478;BIZC.GRANIX 180G TRADICIONAL;ALMACEN
16436;BIZC.HOJALMAR 180G MATERO AZUCARADO;ALMACEN
13397;BIZC.HOJALMAR 180G MATERO SALADO;ALMACEN
24570;BIZCOCHIPA SNACKS 100G ;ALMACEN
00200;BIZCOCHITO FRANKY OFERTA;PANADERIA
00057;BIZCOCHITOS FRANKY SABORIZADOS;PANADERIA
00336;BIZCOCHITOS FRANKY X KG;PANADERIA
18682;BIZCOCHITOS QUESO NATUZEN 180G ;ALMACEN
07429;BIZCOCHO SATUR DULCES 200G;ALMACEN
07441;BIZCOCHO SATUR NEGRITOS 200G;ALMACEN
07422;BIZCOCHO SATUR SALADOS 200G;ALMACEN
24856;BIZCOCHOS ARROZ 50G DULCES GALLOS;ALMACEN
13321;BIZCOCHOS ARROZ GALLO 100G DULCE;ALMACEN
26881;BIZCOCHOS ARROZ GALLO 100G DULCE;ALMACEN
13320;BIZCOCHOS ARROZ GALLO 100G SALADOS;ALMACEN
21851;BIZCOCHOS ARROZ GALLO 100G SALADOS ;ALMACEN
13322;BIZCOCHOS ARROZ GALLO 100G TORT.NEGRA;ALMACEN
14900;BIZCOCHOS LULEMUU 50G DULCES;ALMACEN
11542;BIZCOCHOS LULEMUU 50G GRASA;ALMACEN
18099;BIZCOCHUELO BON MASE 450G VAINILLA RECT.;ALMACEN
19402;BIZCOCHUELO BON MASE CHOCOLATE 750G;ALMACEN
19393;BIZCOCHUELO BON MASE VAINILLA 450G;ALMACEN
19405;BIZCOCHUELO BON MASE VAINILLA 750G;ALMACEN
18138;BIZCOCHUELO BON MASES 450G CHOCOL.RED;ALMACEN
16553;BIZCOCHUELO CONDESA 750G CHOCOLATE ;ALMACEN
16554;BIZCOCHUELO CONDESA 750G VAINILLA;ALMACEN
01072;BIZCOCHUELO FRANKY CASERO X KG;PANADERIA
25691;BLISTER HOJAS PARA PINTAR C/TEMPER;ALMACEN
25692;BLOCK A4 DIBUJO N5 BLANCO 1028X20;ALMACEN
25450;BLOCK A4 DIBUJO N5 COLOR 1028X20;ALMACEN
25694;BLOCK A4 DIBUJO N5 COLOR 1028X20;ALMACEN
25451;BLOCK EL NENE DIB.6 COLOR;ALMACEN
25695;BLOCK HUSARES A4 CUADRICULADO*80 HJS;ALMACEN
23178;BLOCK HUSARES A4 RAYADO*80 HJS;ALMACEN
27597;BLOCK MARATON A4 RAYADO*80 HJS;ALMACEN
27598;BLOCK TRIUNFANTE A5 LISO*80 HJS;ALMACEN
27135;BLOCK VERTICE P/COLOREAR MICKEY;ALMACEN
03109;BLOQUE HARPIC MOCHILA 2U;ALMACEN
03119;BLOQUE HARPIC MOCHILA UNIDAD;ALMACEN
25300;BLOQUE PATO 3U BRISA TROPICAL;ALMACEN
09904;BLOQUE PATO 3U CITRUS ADHESIVO;ALMACEN
20502;BLOQUE PATO 3U DURAZNO GALACTICO;ALMACEN
19933;BLOQUE PATO 3U LUNARES;ALMACEN
27241;BLOQUE PATO PURIFIC *3U FLORAL;ALMACEN
02677;BLOQUE PATO PURIFIC 40G ;ALMACEN
25681;BLOQUE PATO PURIFIC FLORAL;ALMACEN
02971;BLOQUE PATOPURIFIC MOCHILA 2UN 80G;ALMACEN
21801;BOBINA ELITE 24CM*400MT ;ALMACEN
25117;BOBINA PAPEL ELEGANTE 200 MTS *4 ;ALMACEN
25493;BOBINA PAPEL ELEGANTE 300 MTS *2;ALMACEN
21821;BOBINA SULFITO 40CM PANADERIA;ALMACEN
27194;BOCADITO BOMBA DUBAI 40G PISTACHO;ALMACEN
24917;BOCADITO CABSHA 10 GR;ALMACEN
24906;BOCADITO FELFORT 14G MARROC;ALMACEN
07619;BOCADITOS GRANIX 180G 2 SALVADOS;ALMACEN
09512;BOCADITOS GRANIX 180G AVELLANA ;ALMACEN
07617;BOCADITOS GRANIX 180G AVENA ;ALMACEN
10438;BOCADITOS GRANIX 180G CHOC.BCO;ALMACEN
07624;BOCADITOS GRANIX 180G CREMA MANI ;ALMACEN
07609;BOCADITOS GRANIX 180G FRUTILLA ;ALMACEN
10437;BOCADITOS GRANIX 180G LIMON;ALMACEN
16679;BOCADITOS SWIFT 380G CARNE;ALMACEN
16678;BOCADITOS SWIFT 380G POLLO;ALMACEN
20410;BOL GEL *5 EZCO C/AROMAS ;ALMACEN
00419;BOLA DE FRAILE FRANKY X 1/2 DO;PANADERIA
00421;BOLA DE FRAILE FRANKY X DOCEN;PANADERIA
00418;BOLA FRAILE FRANKY X UNIDAD;PANADERIA
24103;BOLIGRAFO BIC *4 ULTRAFINA;ALMACEN
25074;BOLIGRAFO BIC *5 CRISTAL UP;ALMACEN
25073;BOLIGRAFO BIC 4 EN 1 FIREWORK;ALMACEN
25211;BOLIGRAFO BIC 4 EN 1 FUN;ALMACEN
21149;BOLIGRAFO BIC CRISTAL *3 SURTIDAS;ALMACEN
24101;BOLIGRAFO EZCO GEL*10 GLITTER;ALMACEN
27648;BOLIGRAFO EZCO GEL*5 GLITTER;ALMACEN
25210;BOLIGRAFO FABER TRILUX *4U AZ-NE;ALMACEN
20414;BOLIGRAFO FABER TRILUX *4U AZULES ;ALMACEN
27660;BOLIGRAFO FABER TRILUX *4U COLORES;ALMACEN
25452;BOLIGRAFO FABER TRILUX *5U COLORES;ALMACEN
26259;BOLIGRAFO FILGO *4 CRISTAL STICK;ALMACEN
23180;BOLIGRAFO FILGO GEL*6 FLUO;ALMACEN
26256;BOLIGRAFO FILGO ROLLER FUTBOL;ALMACEN
26257;BOLIGRAFO FILGO ROLLER UNICORNIO;ALMACEN
26258;BOLIGRAFO MOOVING *4 HARRY POTTER;ALMACEN
20412;BOLIGRAFO OPACO AZUL *6U;ALMACEN
21191;BOLIGRAFO PAPER MATE 6U ROJO GEL ;ALMACEN
26260;BOLIGRAFO PAPER MATE GEL *8 SURTIDO;ALMACEN
24945;BOLIGRAFO PAPER MATE INKYOY*4;ALMACEN
23179;BOLIGRAFO PAPER MATE INKYOY*8;ALMACEN
25825;BOLIGRAFO PILOT V7 AZUL;ALMACEN
25826;BOLIGRAFO PILOT V7 NEGRO;ALMACEN
20042;BOLITA CEREAL GEORGALOS  80G CHOCOLATE   ;ALMACEN
12043;BOLITAS PATAGONIA 100G CHOCOLATE;ALMACEN
25046;BOLSA AMARILLA/VERDE 90*120 10UN;ALMACEN
21396;BOLSA BOBINA ARRANQUE AD 20*30 - OPACA;ALMACEN
19458;BOLSA BOBINA ARRANQUE AD 30*40 - OPACA;ALMACEN
19459;BOLSA BOBINA ARRANQUE AD 40*60 - OPACA;ALMACEN
19466;BOLSA BOBINA ARRANQUE AD 50*70 - OPACA;ALMACEN
21209;BOLSA BOBINA ARRANQUE AD 60*90 - OPACA;ALMACEN
21400;BOLSA BOBINA ARRANQUE BD 20*30 - CRISTAL TRANSP.;ALMACEN
21397;BOLSA BOBINA ARRANQUE BD 30*40 - CRISTAL TRANSP.;ALMACEN
21398;BOLSA BOBINA ARRANQUE BD 40*60 - CRISTAL TRANSP.;ALMACEN
21399;BOLSA BOBINA ARRANQUE BD 50*70 - CRISTAL TRANSP.;ALMACEN
21210;BOLSA BOBINA ARRANQUE BD 60*90 - CRISTAL TRANSP.;ALMACEN
17532;BOLSA BOLZIP 10U P/HIELO;ALMACEN
19529;BOLSA BOLZIP COMPR.80x100CM XG;ALMACEN
01561;BOLSA CAPRIOLO ALTERNATIVA;ALMACEN
000304;BOLSA CAPRIOLO CHICA;ALMACEN
00180;BOLSA CAPRIOLO GRANDE;ALMACEN
15210;BOLSA DISNEY  5UN LUNCHERA;ALMACEN
03372;BOLSA ESTRELLA 45*60 30UN;ALMACEN
19280;BOLSA FONDO ESTRELLA 35*45 / 40*50;ALMACEN
19277;BOLSA FROZENS TERMICA;ALMACEN
19666;BOLSA NAVIDEÑA;ALMACEN
21347;BOLSA PAPEL BAGUETTE C/VISOR 13 x 49,5 x 5,5;ALMACEN
000134;BOLSA PAPEL Nº6L 15 x 35,5 x 6;ALMACEN
000102;BOLSA PAPEL Nº8 ESP. 19 x 49,5 x 7;ALMACEN
25111;BOLSA POLIP. PASCUALINA IMPRESA 35*40;ALMACEN
21583;BOLSA POLIP. PREPIZZA IMPRESA 35*40;ALMACEN
25110;BOLSA POLIP. TAPAS FREIR IMPRESA 20*25;ALMACEN
25109;BOLSA POLIP. TAPAS HORNO IMPRESA 20*25;ALMACEN
08450;BOLSA PORTEÑA 45*60 10U;ALMACEN
07037;BOLSA PORTEÑA 50*70 10UN;ALMACEN
08950;BOLSA PORTEÑA 60*90 10UN;ALMACEN
06990;BOLSA PORTEÑA 80*110 10UN;ALMACEN
14266;BOLSA PORTEÑA 90*120 10UN ;ALMACEN
03305;BOLSA REFORZADA 45*60 10UN;ALMACEN
22042;BOLSA RESIDUOS NEGRA 85*120 (ALTERNATIVA);ALMACEN
01385;BOLSA RESIDUOS TRANSP.85*120;ALMACEN
11158;BOLSA SON BUENAS 100*110 10UN;ALMACEN
24383;BOLSA SON BUENAS 100*110 10UN CONSORCIO;ALMACEN
19189;BOLSA SON BUENAS 45*60 20UN;ALMACEN
28095;BOLSA SON BUENAS 45*60 20UN ANTIGOTEO ;ALMACEN
19434;BOLSA SON BUENAS 45*60 30UN;ALMACEN
13431;BOLSA SON BUENAS 50*70 30UN;ALMACEN
24124;BOLSA SON BUENAS 60*90 10U;ALMACEN
26018;BOLSA SON BUENAS 60*90 10UN CONSORCIO XL;ALMACEN
06116;BOLSA SON BUENAS 80*110 10UN;ALMACEN
21591;BOLSA SUPER 50*70 10U ;ALMACEN
21780;BOLSA SUPER 50*70 10U ;ALMACEN
07111;BOLSA ZIPLOC ALIM.9U MULTIPACK;ALMACEN
11432;BOLSA ZIPLOC CONSERV.10UN GRAN;ALMACEN
11804;BOLSA ZIPLOC CONSERV.12UN MEDI;ALMACEN
19177;BOLSA ZIPLOC CONSERV.24UN MEDI;ALMACEN
26070;BOLSA ZIPLOC CONSERVA MEDIANA 24U;ALMACEN
17499;BOLSA ZIPLOC FREEZER 20U MEDIANA;ALMACEN
11434;BOLSA ZIPLOC LLEVAR 14UN CHICA;ALMACEN
11837;BOLSA ZIPLOC LLEVAR 50UN CHICA;ALMACEN
11838;BOLSA ZIPLOC LLEVAR 50UN EXT.CHICAS;ALMACEN
11430;BOLSA ZIPLOC ORGANIZAR 15UN GR;ALMACEN
11832;BOLSA ZIPLOC ORGANIZAR 20UN ME;ALMACEN
19276;BOLSAS FROZENS FREEZER 15U;ALMACEN
19278;BOLSAS FROZENS FREEZER 50U;ALMACEN
05179;BOLSAS FROZENS FREEZER CHI 20U;ALMACEN
05155;BOLSAS FROZENS FREEZER GDE 8U;ALMACEN
05135;BOLSAS FROZENS FREEZER MED 15U;ALMACEN
09173;BOLSAS FROZENS HORNO 10U;ALMACEN
09150;BOLSAS FROZENS VEGETALES 10U;ALMACEN
17217;BOLSAS HIGIENICAS SANREMO;ALMACEN
21320;BOLSAS POLIPROPILENO 15 X 35;ALMACEN
21321;BOLSAS POLIPROPILENO 15 X 40;ALMACEN
21323;BOLSAS POLIPROPILENO 20 X 30;ALMACEN
21322;BOLSAS POLIPROPILENO 20 X 40;ALMACEN
21324;BOLSAS POLIPROPILENO 25 X 35;ALMACEN
21325;BOLSAS POLIPROPILENO 25 X 40;ALMACEN
21326;BOLSAS POLIPROPILENO 30 X 40;ALMACEN
21327;BOLSAS POLIPROPILENO 35 X 45;ALMACEN
26609;BOLSAS POLIPROPILENO 45 X 60;ALMACEN
21328;BOLSAS POLIPROPILENO 50 X 70;ALMACEN
21329;BOLSAS POLIPROPILENO 60 X 90;ALMACEN
28033;BOLZA ZIPLOC FREEZER 20U MEDIANA;ALMACEN
05712;BOMBILLA AMANDA ACERO INOX;ALMACEN
26246;BOMBILLA ARGENTINA COCO;ALMACEN
07161;BOMBILLA ARGENTINA FILTRO DESA;ALMACEN
19435;BOMBILLA KALYCHYA CORTA CURVA;ALMACEN
05213;BOMBILLA KALYCHYA CORTA RECTA;ALMACEN
07183;BOMBILLA KALYCHYA LARGA CURVA;ALMACEN
07165;BOMBILLA KALYCHYA LARGA RECTA;ALMACEN
23487;BOMBILLA ORGON ACERO CHATA ;ALMACEN
23690;BOMBILLA ORGON ACERO CHATA SIN RESORTE;ALMACEN
23692;BOMBILLA ORGON ACERO CON RESORTE;ALMACEN
23691;BOMBILLA ORGON ACERO ESTRIBO;ALMACEN
000935;BOMBILLA ROSAMONTE ACERO INOX.;ALMACEN
20087;BOMBILLA ROSAMONTE COMUN ACERO;ALMACEN
11449;BOMBILLA ROSAMONTE RESOR.ACERO INOX.;ALMACEN
24722;BOMBON ESCOCES SCHIETTO 16*95G;ALMACEN
05481;BOMBON FERRERO ROCHER 100G;ALMACEN
14017;BOMBON FERRERO ROCHER 150G;ALMACEN
10426;BOMBON FERRERO ROCHER 300G;ALMACEN
02787;BOMBON FERRERO ROCHER 3UN 37.5G;ALMACEN
14404;BOMBON FERRERO ROCHER 50G;ALMACEN
11495;BOMBON FERRERO ROCHER 77G SURT;ALMACEN
26447;BOMBON MILKA OREO 209G CAJA;ALMACEN
15303;BOMBON MILKA OREO CAJA 247G;ALMACEN
15324;BOMBON MILKA OREO UNIDAD 19G;ALMACEN
25619;BOMBON RAFFAELLO 30G TIRA 3U;ALMACEN
25620;BOMBON RAFFAELLO 90G ESTUCHE;ALMACEN
14850;BOMBONES ARCOR KIOSKO EN CASA 246GR ;ALMACEN
15115;BOMBONES ARCOR SELECCION 228GR;ALMACEN
27558;BOMBONES MILKA 110G FD CREMA LECHE;ALMACEN
27557;BOMBONES MILKA 110G TQS CREM.AVELLANA;ALMACEN
05910;BOMBONES MOGUL 500G FRUTA;ALMACEN
27702;BOMBONES MOGUL 80G BAÑADAS ;ALMACEN
26641;BOMBONES MOGUL 80G FRUTA;ALMACEN
28097;BON O BON 144G SUPREME CAJA;ALMACEN
10476;BON O BON 255G SURTIDO CAJA;ALMACEN
13450;BON O BON 270G AGUILA CHOCOL.INTENSO;ALMACEN
25044;BON O BON 270G COCO CAJA;ALMACEN
09109;BON O BON 270G ORIGINAL;ALMACEN
27523;BON O BON 297G COOKIE & CREAM ;ALMACEN
00387;BONDIOLA 214 RIOSMA;FIAMBRERIA
00231;BONDIOLA CASONA VACUNA ENTERA;FIAMBRERIA
00150;BONDIOLA DE CERDO  EL KILO;FIAMBRERIA
00256;BONDIOLA PALADINI;FIAMBRERIA
14762;BONDIOLA PALADINI 120G FET;FIAMBRERIA
00569;BONDIOLA SECA CALCHAQUI CERDO;FIAMBRERIA
00552;BONIATO;VERDULERIA
19054;BOTA BON O BON 160G;ALMACEN
20590;BOTELLA CON PICO 0.500L;ALMACEN
03874;BOTELLA GOLE PICO 750CC;ALMACEN
26895;BOTELLA GOLE SANREMO 630CC C/PICO;ALMACEN
03877;BOTELLA GOLE VALVULA 650CC;ALMACEN
03878;BOTELLA GOLE VALVULA 810CC;ALMACEN
20591;BOTELLA INFANTIL C/PICO 0.300L GATO;ALMACEN
18271;BOTELLA OASIS CORONA VIDRIO;ALMACEN
18844;BOTELLON VIDIRIO P/JUGO 1L;ALMACEN
25934;BOWL ACQUAMARINE 635ML FLINT;ALMACEN
27010;BOWL BATIDOR 22CM ACERO INOX;ALMACEN
27829;BOWL BATIDOR 22CM C/ASA ACERO INOX.;ALMACEN
26696;BOWL BATIDOR 22CM S/ASA ACERO INOX.;ALMACEN
17149;BOWL BATIDOR 24CM C/ASA ACERO INOX.;ALMACEN
27830;BOWL BATIDOR 24CM C/ASA ACERO INOX.;ALMACEN
17148;BOWL BATIDOR 24CM S/ASA ACERO INOX.;ALMACEN
27725;BOWL BATIDOR 24CM S/ASA ACERO INOX.;ALMACEN
27828;BOWL BATIDOR 26CM S/ASA ACERO INOX.;ALMACEN
27076;BOWL BATIDOR 29CM S/ASA ACERO INOX.;ALMACEN
27726;BOWL BATIDOR 29CM S/ASA ACERO INOX.;ALMACEN
05571;BOWL CEREALERO 14.5CM;ALMACEN
10658;BOWL CEREALERO 14.5CM AZUL;ALMACEN
23429;BOWL CEREALERO 14.5CM BLANCO;ALMACEN
17819;BOWL CEREALERO 14.5CM CELESTE;ALMACEN
17821;BOWL CEREALERO 14.5CM NARANJA ;ALMACEN
10657;BOWL CEREALERO 14.5CM NEGRO;ALMACEN
17820;BOWL CEREALERO 14.5CM ROJO;ALMACEN
14954;BOWL CEREALERO 14.5CM ROSA;ALMACEN
17801;BOWL CEREALERO 14.5CM VERDE ESMERALDA ;ALMACEN
27907;BOWL CEREALERO VERDE NARANJA;ALMACEN
14914;BOWL CONICO 500CC CENA INGLESA;ALMACEN
09710;BOWL POSTRE GALAXIA;ALMACEN
08955;BOWL RIGOLEAU APILABLE 1.1L;ALMACEN
08951;BOWL RIGOLEAU APILABLE 1.7L;ALMACEN
10627;BOWL RIGOLLEAU APILABLE 760CC;ALMACEN
25896;BOX 3 GIN ZORRO 350ML;ALMACEN
26529;BRASERO DE MESA ENLOZADO;ALMACEN
28118;BRAVITO CEREAL 22G DATILES ;ALMACEN
10803;BRILLAMETAL BRASSO 70G CRENA;ALMACEN
26261;BRILLANTINA ESC. MAGICOLOR *5;ALMACEN
25221;BRILLANTINA GIBRE SIFAP *5 SURTIDAS;ALMACEN
27666;BRILLANTINA GIBRE SIFAP *5 SURTIDO TUBOS;ALMACEN
23181;BRILLANTINA GIBRE SIFAP *6 FORMAS;ALMACEN
25212;BRILLANTINA SIFAP BLISTER*5;ALMACEN
27755;BRILLO CERAMICOL 750CC INCOLORO BT;ALMACEN
15769;BRILLO CERAMICOL 800CC INCOL.BT;ALMACEN
15767;BRILLO CERAMICOL 800CC NEGRO BT;ALMACEN
15768;BRILLO CERAMICOL 800CC ROJO BT;ALMACEN
02122;BRILLO ECHO 2L CLÁSICO BOT.;ALMACEN
16693;BRILLO ECHO 450CC CLASICO DP;ALMACEN
27566;BRILLO ECHO 750CC LAVANDA ;ALMACEN
14842;BRILLO ECHO 800CC CLASICO;ALMACEN
15082;BRILLO ECHO 800CC FLORAL;ALMACEN
14853;BRILLO ECHO LISTO 800CC LAVANDA BT;ALMACEN
03302;BRILLO SUIZA 400CC INCOLORO DOY PACK;ALMACEN
21215;BRILLO SUIZA 400CC NEGRO DOY PACK;ALMACEN
03303;BRILLO SUIZA ROJO DOY PACK 400CC;ALMACEN
02465;BROCHES DEA 12 UND. PLASTICO;ALMACEN
17700;BROCHES DEA MADERA 12U;ALMACEN
17531;BROCHES IBERIA 12U MADERA;ALMACEN
22136;BROCHES SED METAL 12U MADERA;ALMACEN
24216;BROCOLI GRANJA DEL SOL 400G ;VERDULERIA
06093;BROCOLI GRANJA SOL 400G;VERDULERIA
27358;BROCOLI GREEN LIFE 450G;VERDULERIA
00840;BROCOLI OFERTA;VERDULERIA
00720;BROCOLI X KG;VERDULERIA
06817;BROTES DE SOJA;VERDULERIA
20795;BROWNIE ARCOR 425G ;ALMACEN
27130;BROWNIES EXQUISITA 400G CHOCOLATE LIBRE GLUTEN;ALMACEN
24580;BROWNIES EXQUISITA 425G CHOCOLATE ;ALMACEN
05654;BROWNIES EXQUISITA CHOCOLATE;ALMACEN
01081;BROWNIES FRANKY KG;ALMACEN
00433;BUDIN 270GRS VAINILLA;ALMACEN
22458;BUDIN AGUILA 215G BLACK;ALMACEN
27179;BUDIN AGUILA 215G CHOCO C/CHIPS;ALMACEN
22459;BUDIN AGUILA 215G MIX;ALMACEN
13874;BUDIN ARCOR 215G C/FRUTA;ALMACEN
13813;BUDIN ARCOR 215G C/TROZ.CHOCO;ALMACEN
13814;BUDIN ARCOR 215G CHOCOLATE;ALMACEN
19625;BUDIN ARCOR 215G MARMOLADO;ALMACEN
13812;BUDIN ARCOR 215G S/FRUTA;ALMACEN
19623;BUDIN BAGLEY 215G CON FRUTA;ALMACEN
19622;BUDIN BAGLEY 215G MARMOLADO;ALMACEN
19621;BUDIN BAGLEY 215G SIN FRUTA;ALMACEN
24888;BUDIN COFLER 215G REMIX;ALMACEN
01222;BUDIN CON CHIPS DE CHOCOLATE ;ALMACEN
01223;BUDIN CON FRUTOS SECOS;ALMACEN
06105;BUDIN DIMAX 185G  VAINILLA;ALMACEN
06717;BUDIN DIMAX 185G CHOCOLATE;ALMACEN
06834;BUDIN DIMAX 185G CON FRUTAS;ALMACEN
06131;BUDIN DIMAX 185G MARMOLADO;ALMACEN
25179;BUDIN DON SATUR 190G C/FRUTAS;ALMACEN
25182;BUDIN DON SATUR 190G CHIPS CHOCOLATE;ALMACEN
25181;BUDIN DON SATUR 190G MARMOLADO;ALMACEN
25180;BUDIN DON SATUR 190G VAINILLA;ALMACEN
26878;BUDIN FANTOCHE 200GR CON FRUTA;ALMACEN
26877;BUDIN FANTOCHE 200GR MARMOLADO;ALMACEN
26876;BUDIN FANTOCHE 200GR PEPAS CHOCOLATE;ALMACEN
26879;BUDIN FANTOCHE 200GR SIN FRUTA;ALMACEN
07666;BUDIN FANTOCHE 220G CON FRUTA ;ALMACEN
07665;BUDIN FANTOCHE 220G MARMOLADO ;ALMACEN
07667;BUDIN FANTOCHE 220G PEPAS CHOCOLATE;ALMACEN
05659;BUDIN FANTOCHE 220G SIN FRUTA ;ALMACEN
25575;BUDIN FIRENZE 200G CON FRUTAS;ALMACEN
22612;BUDIN FRANCE 150G SIN FRUTAS;ALMACEN
00396;BUDIN FRANKY X 270 GRS;PANADERIA
08500;BUDIN GAONA 180G CON FRUTA;ALMACEN
27206;BUDIN GAONA 180G LIMON;ALMACEN
27205;BUDIN GAONA 180G MARMOLADO;ALMACEN
25577;BUDIN MARCOLLA 200G C/RELLENO DULC.LECHE;ALMACEN
22267;BUDIN MARCOLLA 200G CHIPS ;ALMACEN
27028;BUDIN MARCOLLA 200G CON FRUTA;ALMACEN
25576;BUDIN MARCOLLA 200G VAIN.CHOCOLATE;ALMACEN
22266;BUDIN MARCOLLA 200G VAINILLA;ALMACEN
19101;BUDIN MARCOLLA 250G C/CHIPS;ALMACEN
18980;BUDIN MARCOLLA 250G VAINILLA;ALMACEN
01221;BUDIN MARMOLADO ;ALMACEN
18981;BUDIN MUSEL 250G C/CHIPS;ALMACEN
19103;BUDIN MUSEL 250G NUEZ Y ALMENDRAS;ALMACEN
7928;BUDIN SMAMS 200G C/CHIP CHOCOL. S/A;ALMACEN
07987;BUDIN SMAMS 200G C/FRUTA;ALMACEN
7933;BUDIN SMAMS 250G LIMON;ALMACEN
7932;BUDIN SMAMS 250G MARMOLADO;ALMACEN
7931;BUDIN SMAMS 250G VAINILLA;ALMACEN
16774;BUDIN SMAMS 250G VAINILLA S/A;ALMACEN
25466;BUDIN SMAMS MARMOLADO 200G S/AZUCAR;ALMACEN
18979;BUDIN STEINHAUSER 250G CHOC C/CHIPS BAÑADO;ALMACEN
22614;BUDIN STEINHAUSER 250G NARANJA;ALMACEN
22748;BUDIN STEINHAUSER 250G NARANJA BAÑADO;ALMACEN
18978;BUDIN STEINHAUSER 250G VAINILLA;ALMACEN
22749;BUDIN STEINHAUSER 250G VAINILLA C DDL BAÑADO;ALMACEN
25507;BUDIN VALENCIANO 170G CON FRUTA ;ALMACEN
23578;BUDINERA GENESIS N° 18;ALMACEN
CECPAGAR;C.E.C. a pagar;ALMACEN
06048;CABALLA BAHIA 380G ACEITE;ALMACEN
19689;CABALLA BAHIA 380G ACEITE VEG;ALMACEN
06072;CABALLA BAHIA 380G NATURAL;ALMACEN
11692;CABALLA BAHIA 425G AGUA Y ACEI;ALMACEN
10700;CABALLA BAHIA 425G NATURAL;ALMACEN
3322;CABALLA CAMPAG.300G ACEITE;ALMACEN
23394;CABALLA CAMPAG.300G NATURAL ;ALMACEN
25266;CABALLA CUMANA 380GR ACEITE;ALMACEN
25267;CABALLA CUMANA 380GR NATURAL;ALMACEN
15264;CABALLA MARBELLA 380GR ACEITE;ALMACEN
15265;CABALLA MARBELLA 380GR NATURAL;ALMACEN
23629;CABALLA MARBELLA 380GR NATURAL SIN SAL;ALMACEN
25339;CABALLA PUGLISI 380G ACEITE S/SAL;ALMACEN
25340;CABALLA PUGLISI 380G AGUA S/SAL;ALMACEN
00247;CABEZA DE CERDO;CARNICERIA
10266;CABO DELFINA CEP.PINO C/ROSCA 1.2MT;ALMACEN
20957;CABO DELFINA CEP.PINO C/ROSCA 1.3 MT;ALMACEN
27936;CABO DELFINA MAD.1.50MT C/ROSCA;ALMACEN
22332;CABO EXTENSIBLE SAMANTHA 2.5MTS;ALMACEN
17906;CABO EXTENSIBLE SAMANTHA 2MTS;ALMACEN
20834;CABO LIMPEX EXTENSIBLE 1.50MTS ;ALMACEN
16779;CABO MADERA ROSCA 1.20MTS;ALMACEN
25006;CABO MADERA ROSCADO INDUSTRIAL;ALMACEN
03400;CABO MADERA ROSCADO SALZANO;ALMACEN
09747;CABO METALICO DEA;ALMACEN
06086;CABO METALICO ROSCADO SALZANO;ALMACEN
06088;CABO METALICO ROSCADO VIRULANA;ALMACEN
17292;CABO PORTEÑA 1.20M MADERA ROSCA BLANCO;ALMACEN
000809;CABO PORTEÑA 1.30M MADERA ROSCA ANDEN ;ALMACEN
17293;CABO PORTEÑA 1.50M MADERA ROSCA BLANCO;ALMACEN
05993;CACAO CALLIERI 90G AMARGO;ALMACEN
16377;CACAO CHOCOLINO 180G;ALMACEN
25276;CACAO CHOCOLINO 300G;ALMACEN
16182;CACAO CHOCOLINO 360G ;ALMACEN
15826;CACAO CHOCOLINO 800G ;ALMACEN
10128;CACAO GENNARI 500G AMARGO;ALMACEN
17396;CACAO NESQUIK 180G BOLSA;ALMACEN
22847;CACAO NESQUIK 180G BOLSA S/TACC FORT HIERRO;ALMACEN
18782;CACAO NESQUIK 180G CHOCOL.;ALMACEN
24489;CACAO NESQUIK 180G ORIGINAL ;ALMACEN
21413;CACAO NESQUIK 300G EXTRA;ALMACEN
17060;CACAO NESQUIK 360G BOLSA ;ALMACEN
24460;CACAO NESQUIK 360G BOLSA ;ALMACEN
23279;CACAO NESQUIK 360G BOLSA S/TACC;ALMACEN
18781;CACAO NESQUIK 360G CHOCOL.;ALMACEN
24725;CACAO NESQUIK 800G BOLSA;ALMACEN
22760;CACAO NESQUIK 800G BOLSA S/TACC;ALMACEN
16574;CACAO NESQUIK 800G DOY PACK;ALMACEN
21414;CACAO NESQUIK 800G DOY PACK;ALMACEN
17796;CACAO SUPERKAO 170G ;ALMACEN
26558;CACAO TODDY 150G AVELLANAS;ALMACEN
26557;CACAO TODDY 150GR SIN AZUCARES;ALMACEN
08438;CACAO TODDY 180G ORIGINAL;ALMACEN
18701;CACAO TODDY 180G ORIGINAL;ALMACEN
08394;CACAO TODDY 360G EXTREMO;ALMACEN
18310;CACAO TODDY 360G ORIGINAL;ALMACEN
1668;CACAO TODDY 800G EXTREMO;ALMACEN
18171;CACAO TODDY 800G ORIGINAL;ALMACEN
25859;CACEROLA ANTIADHERENTE 24CM C/TAPA VIDRIO;ALMACEN
25868;CACEROLA ANTIADHERENTE 28CM C/TAPA VIDRIO;ALMACEN
05961;CACEROLA BOMBE 18CM A.INOX;ALMACEN
06185;CACEROLA BOMBE 20CM ACERO;ALMACEN
23584;CACEROLA GENESIS N°22 BOMBE CHAROL;ALMACEN
23585;CACEROLA GENESIS N°24 BOMBE CHAROL;ALMACEN
23802;CACEROLA REAL N 14 ASA ALUMINIO;ALMACEN
23801;CACEROLA REAL N 14 MANGO ALUMINIO;ALMACEN
20700;CACEROLA REAL N 16 ASA ALUMINIO;ALMACEN
20701;CACEROLA REAL N 16 MANGO ALUMINIO;ALMACEN
11796;CACEROLA REAL N 18 ASA ALUMINIO;ALMACEN
15192;CACHACA BARREIRO 910ML;ALMACEN
23640;CACHACA CAPOERIA 1LT ;ALMACEN
08407;CAFE ARLISTAN 100G;ALMACEN
24778;CAFE ARLISTAN 100G SUAVE ;ALMACEN
24777;CAFE ARLISTAN 170G SUAVE ;ALMACEN
20631;CAFE CABRALES  125G MOLIDO SUPER ;ALMACEN
27798;CAFE CABRALES  190G MOLIDO HAPPY DAY ;ALMACEN
19124;CAFE CABRALES  250G MOLIDO BRASIL ;ALMACEN
21218;CAFE CABRALES  250G MOLIDO COLOMBIA ;ALMACEN
19118;CAFE CABRALES  250G MOLIDO HAPPY DAY ;ALMACEN
10099;CAFE CABRALES  250G MOLIDO PERU;ALMACEN
23995;CAFE CABRALES  250G MOLIDO PERU;ALMACEN
21339;CAFE CABRALES  250G MOLIDO PRESTIGE ;ALMACEN
19119;CAFE CABRALES  250G MOLIDO SUPER ;ALMACEN
23448;CAFE CABRALES  250G MOLIDO VITA;ALMACEN
19125;CAFE CABRALES  500G MOLIDO COLOMBIA ;ALMACEN
10702;CAFE CABRALES  500G MOLIDO PRESTIGE;ALMACEN
19123;CAFE CABRALES  500G MOLIDO PRESTIGE ;ALMACEN
20632;CAFE CABRALES  500G MOLIDO SUPER;ALMACEN
26313;CAFE CABRALES 10 CAPS CORTADO;ALMACEN
26314;CAFE CABRALES 10 CAPS LATTE;ALMACEN
26312;CAFE CABRALES 10 CAPS LUNGO;ALMACEN
26368;CAFE CABRALES 10 CAPS TOSTADO MOLIDO;ALMACEN
23376;CAFE CABRALES 100G INST.SUAVE FRASCO;ALMACEN
15938;CAFE CABRALES 10CAPS.NESPR.COLOMBIA;ALMACEN
25685;CAFE CABRALES 10CAPS.NESPR.DESCAFEINATO;ALMACEN
25688;CAFE CABRALES 10CAPS.NESPR.ESPRESSO;ALMACEN
25684;CAFE CABRALES 10CAPS.NESPR.LATTE MACCHIATO;ALMACEN
23378;CAFE CABRALES 110G INST.SUAVE DOY PACK;ALMACEN
16241;CAFE CABRALES 12CAPS.D.G.CAFE C/LECHE;ALMACEN
15133;CAFE CABRALES 12CAPS.D.G.CAPPUCCINO;ALMACEN
15132;CAFE CABRALES 12CAPS.D.G.CORTADO;ALMACEN
15134;CAFE CABRALES 12CAPS.D.G.ESPRESSO;ALMACEN
15135;CAFE CABRALES 12CAPS.D.G.LUNGO;ALMACEN
22912;CAFE CABRALES 160G INST.CLASICO DOYPACK;ALMACEN
23379;CAFE CABRALES 160G INST.SUAVE DOY PACK;ALMACEN
23375;CAFE CABRALES 170G INST.CLASICO FRASCO;ALMACEN
23377;CAFE CABRALES 170G INST.SUAVE FRASCO;ALMACEN
15912;CAFE CABRALES 18U SAQUITOS;ALMACEN
4668;CAFE CABRALES 250G DESC.MOLIDO;ALMACEN
13597;CAFE CABRALES 250G VITA TOST.MOLIDO;ALMACEN
24648;CAFE CABRALES 44G CAPSULAS CLASICO;ALMACEN
24647;CAFE CABRALES 44G CAPSULAS INTENSO ;ALMACEN
24649;CAFE CABRALES 44G CAPSULAS SUAVE ;ALMACEN
01943;CAFE CABRALES 500G GRANO ESPRESSO;ALMACEN
26240;CAFE CABRALES 500G MOLIDO AL GRANO;ALMACEN
26598;CAFE DICOMERE 200GR ALGARROBA;ALMACEN
19737;CAFE DOLCA  50G SUAVE FRASCO;ALMACEN
21855;CAFE DOLCA 100G ORIGINAL FRASCO;ALMACEN
24672;CAFE DOLCA 100G ORIGINAL FRASCO;ALMACEN
26466;CAFE DOLCA 100G SUAVE DP;ALMACEN
22617;CAFE DOLCA 100G SUAVE FRASCO;ALMACEN
24488;CAFE DOLCA 100G SUAVE FRASCO;ALMACEN
16870;CAFE DOLCA 170G DOYPACK ;ALMACEN
16873;CAFE DOLCA 170G FRASCO ;ALMACEN
21416;CAFE DOLCA 170G FRASCO;ALMACEN
26023;CAFE DOLCA 170G ORIGINAL DOY PACK;ALMACEN
23028;CAFE DOLCA 170G ORIGINAL FRASCO;ALMACEN
21094;CAFE DOLCA 170G SUAVE DOY PACK;ALMACEN
24302;CAFE DOLCA 170G SUAVE DOY PACK;ALMACEN
16871;CAFE DOLCA 170G SUAVE DOYPACK;ALMACEN
21415;CAFE DOLCA 170G SUAVE FRASCO;ALMACEN
25335;CAFE DOLCA 170G SUAVE FRASCO;ALMACEN
26002;CAFE DOLCA 200G SUAVE FRASCO;ALMACEN
19789;CAFE DOLCA 50G FRASCO;ALMACEN
23277;CAFE DOLCA 50G ORIGINAL FRASCO;ALMACEN
21990;CAFE DOLCA 50G ORIGINAL MAS AROMA FRASCO;ALMACEN
24001;CAFE DOLCA 50G SUAVE FCO.;ALMACEN
22038;CAFE DOLCA 50G SUAVE MAS AROMA;ALMACEN
06335;CAFE DOLCE CAPSULAS 16U CAPPUCCINO;ALMACEN
24860;CAFE DOLCE CAPSULAS 16U CHOCOCINO;ALMACEN
08797;CAFE DOLCE CAPSULAS 16U CON LECHE ;ALMACEN
08791;CAFE DOLCE CAPSULAS 16U CORTADO;ALMACEN
08725;CAFE DOLCE CAPSULAS 16U ESPRESSO;ALMACEN
08733;CAFE DOLCE CAPSULAS 16U ESPRESSO INT;ALMACEN
20290;CAFE DOLCE CAPSULAS 16U LATE MACC.;ALMACEN
06729;CAFE DOLCE CAPSULAS AMERICANO;ALMACEN
08787;CAFE DOLCE CAPSULAS CAPPUCCINO;ALMACEN
08793;CAFE DOLCE CAPSULAS CARAMEL;ALMACEN
08792;CAFE DOLCE CAPSULAS CHAI TEA L;ALMACEN
08729;CAFE DOLCE CAPSULAS CHOCOCINO;ALMACEN
08766;CAFE DOLCE CAPSULAS ESPRESSO C;ALMACEN
08281;CAFE DOLCE CAPSULAS LATTE;ALMACEN
08282;CAFE DOLCE CAPSULAS LATTE MACC;ALMACEN
06737;CAFE DOLCE CAPSULAS LUNGO DESC;ALMACEN
08706;CAFE DOLCE CAPSULAS MOCHACCINO;ALMACEN
01310;CAFE DOLCE CAPSULAS RISTRETTO;ALMACEN
01800;CAFE DOLCE CAPSULAS RISTRETTO;ALMACEN
08704;CAFE DOLCE CAPSULAS VAINILLA;ALMACEN
24538;CAFE DOLCE GUSTO 10 CAPS CAFEC/LECHE;ALMACEN
26424;CAFE DOLCE GUSTO 10 CAPS CAPPUCCINO;ALMACEN
26366;CAFE DOLCE GUSTO 10 CAPS CAPPUCCINO D.DE LECHE;ALMACEN
27161;CAFE DOLCE GUSTO 10 CAPS CHOCOCINO;ALMACEN
27374;CAFE DOLCE GUSTO 10 CAPS CORTADO;ALMACEN
24724;CAFE DOLCE GUSTO 10 CAPS ESPRESSO;ALMACEN
26365;CAFE DOLCE GUSTO 10 CAPS ESPRESSO INTENSO;ALMACEN
26364;CAFE DOLCE GUSTO 10 CAPS LUNGO;ALMACEN
26363;CAFE DOLCE GUSTO 16 CAPS LATTE MACCHIATO;ALMACEN
08703;CAFE DOLCE GUSTO 16 CAPS LUNGO;ALMACEN
26362;CAFE DOLCE GUSTO 16 CAPS MOCHA;ALMACEN
24696;CAFE DOLCE GUSTO 16CAPS AMERICANO ;ALMACEN
15797;CAFE LA PLANTA 110G INSTANT. DOY PACK;ALMACEN
19756;CAFE LA PLANTA 110G INSTANT.FRASCO;ALMACEN
17999;CAFE LA PLANTA 160G INSTANT.DOY;ALMACEN
17285;CAFE LA PLANTA 170G INSTANT.FRASCO;ALMACEN
8425;CAFE LA PLANTA 18U SAQUITOS;ALMACEN
02209;CAFE LA PLANTA. 125G MOLIDO;ALMACEN
02204;CAFE LA PLANTA. 250G MOLIDO;ALMACEN
02206;CAFE LA PLANTA. 500G MOLIDO;ALMACEN
02199;CAFE LA PLANTA.1K MOLIDO;ALMACEN
26769;CAFE LV EXPRESSO 10 CAPS DESCAFEINADO;ALMACEN
17347;CAFE LV KALMA 100G INST.FRASCO ;ALMACEN
18223;CAFE LV KALMA 170G INST.FRASCO ;ALMACEN
15942;CAFE MORENITA 100G INTENSO FCO;ALMACEN
19974;CAFE MORENITA 125G INTENSO PAQ.;ALMACEN
16440;CAFE MORENITA 170G INST.INTENSO FRASCO;ALMACEN
24887;CAFE MORENITA 170G INTENSO DOYPACK;ALMACEN
17633;CAFE MORENITA 1KG CLASICO PAQ.;ALMACEN
15947;CAFE MORENITA 1KG INTENSO PAQ.;ALMACEN
15945;CAFE MORENITA 20S INTENSO ;ALMACEN
24310;CAFE MORENITA 250G BLEND ITALIANO ;ALMACEN
26078;CAFE MORENITA 250G BLEND TIPO ITALIANO;ALMACEN
25458;CAFE MORENITA 250G COLOMBIA MOLIDO ;ALMACEN
15515;CAFE MORENITA 250G INTENSO PAQ.;ALMACEN
26083;CAFE MORENITA 250G MOLIDO TOSTADO PURO;ALMACEN
26081;CAFE MORENITA 250G TOSTADO MOLIDO BRASIL;ALMACEN
24311;CAFE MORENITA 500G GRANO COLOMBIA ;ALMACEN
15547;CAFE MORENITA 500G INTENSO PAQ.;ALMACEN
21235;CAFE MORENITA 500G MOLIDO COLOMBIA AP.;ALMACEN
18196;CAFE MORENITA CAPSULA 10U BRASIL;ALMACEN
21236;CAFE MORENITA CAPSULA 10U COLOMBIA ;ALMACEN
18410;CAFE MORENITA CAPSULA 10U ETIOPIA ;ALMACEN
17251;CAFE MORENITA CAPSULA 10U HONDURAS;ALMACEN
17252;CAFE MORENITA CAPSULA 10U ITALIANO;ALMACEN
8567;CAFE NESCAFE 100G CLASICO;ALMACEN
03758;CAFE NESCAFE 100G DECAF;ALMACEN
27926;CAFE NESCAFE 100G ESPRESSO ORIG.DP;ALMACEN
24996;CAFE NESCAFE 100G GOLD COLOMBIA;ALMACEN
17703;CAFE NESCAFE 100G GOLD COLOMBIA FRASCO;ALMACEN
08583;CAFE NESCAFE 100G GOLD ESPRESSO FRASCO;ALMACEN
23397;CAFE NESCAFE 100G GOLD FRASCO;ALMACEN
26361;CAFE NESCAFE 100G TRADICIONAL DOY;ALMACEN
24490;CAFE NESCAFE 150G CLASICO DOY;ALMACEN
000161;CAFE NESCAFE 170G CLASICO TRADICION;ALMACEN
26485;CAFE NESCAFE 95G GOLD FRASCO;ALMACEN
23547;CAFE ORQUIDEA 100G BAÑADO;ALMACEN
16813;CAFE VIRGINIA  DOYPACK 100G INST.SUAVE;ALMACEN
15870;CAFE VIRGINIA 100G CLASICO ESP. FCO.;ALMACEN
22472;CAFE VIRGINIA 100G CLASICO INST. ESPUMA D/P;ALMACEN
17250;CAFE VIRGINIA 100G INST.SELEC.TOST. FCO.;ALMACEN
16352;CAFE VIRGINIA 100G INST.SUAVE ESPUMA FCO;ALMACEN
26770;CAFE VIRGINIA 125G 10.SOB CORTADO;ALMACEN
19706;CAFE VIRGINIA 125G EQUILIBRADO PAQ.;ALMACEN
000143;CAFE VIRGINIA 125G TORRADO MOLIDO;ALMACEN
25952;CAFE VIRGINIA 150G INST.SELECCION DP;ALMACEN
22274;CAFE VIRGINIA 170G CLASICO DP;ALMACEN
19437;CAFE VIRGINIA 170G INST.CLASICO FRASCO;ALMACEN
24013;CAFE VIRGINIA 170G INST.SELECCION FRASCO;ALMACEN
15904;CAFE VIRGINIA 170G INST.SUAVE FRASCO;ALMACEN
22275;CAFE VIRGINIA 170G SUAVE DP ;ALMACEN
27072;CAFE VIRGINIA 1KG ESPRESSO GRANO AROMA;ALMACEN
24360;CAFE VIRGINIA 1KG GRANO BLEND  ITALIANO ;ALMACEN
24359;CAFE VIRGINIA 1KG GRANO BLEND CARTAGENA ;ALMACEN
01714;CAFE VIRGINIA 1KG TORRADO MOLIDO;ALMACEN
15719;CAFE VIRGINIA 1KG TORRADO MOLIDO;ALMACEN
16438;CAFE VIRGINIA 20S 7G PURO AROMA;ALMACEN
26084;CAFE VIRGINIA 250G EXPRESSO MOLIDO TOSTADO;ALMACEN
16736;CAFE VIRGINIA 250G PURO AROMA ;ALMACEN
000158;CAFE VIRGINIA 250G TORRADO MOLIDO;ALMACEN
15499;CAFE VIRGINIA 250G TORRADO MOLIDO;ALMACEN
26079;CAFE VIRGINIA 250G TOST..MOL.INTENSO;ALMACEN
25951;CAFE VIRGINIA 250G TOSTADO MOLIDO;ALMACEN
26080;CAFE VIRGINIA 250G TOSTADO MOLIDO SUTIL;ALMACEN
01720;CAFE VIRGINIA 500G GRANO  P/AROMA;ALMACEN
01688;CAFE VIRGINIA 500G TORRADO MOLIDO;ALMACEN
15539;CAFE VIRGINIA 500G TORRADO MOLIDO;ALMACEN
21234;CAFE VIRGINIA 500G TOST.ESPRESSO MOL.;ALMACEN
15665;CAFE VIRGINIA 50G INST.CLASICO FCO.;ALMACEN
15664;CAFE VIRGINIA 50G INST.SUAVE ESP.FCO.;ALMACEN
24563;CAFE VIRGINIA CAPS.10U EXTRA INTENSO ;ALMACEN
24243;CAFE VIRGINIA CAPS.20U EQUILIBRADO ;ALMACEN
17638;CAFE VIRGINIA CAPS.DOLCE  8U CH/AVELL.;ALMACEN
17635;CAFE VIRGINIA CAPS.DOLCE  8U DDL;ALMACEN
17636;CAFE VIRGINIA CAPS.DOLCE  8U TRAD CAPP;ALMACEN
17637;CAFE VIRGINIA CAPS.DOLCE 10U CORTADO;ALMACEN
17634;CAFE VIRGINIA CAPS.DOLCE 10U ESPRESSO ;ALMACEN
17351;CAFE VIRGINIA CAPS.NES.10U EQUILIBRADO LG;ALMACEN
08333;CAFE VIRGINIA CAPS.NES.10U INTENSO LG;ALMACEN
17131;CAFE VIRGINIA CAPS.NES.10U INTENSO LG;ALMACEN
16938;CAFE VIRGINIA CAPS.NES.10U SUTIL LG;ALMACEN
15419;CAFE VIRGINIA EQUIL. 20S 5G;ALMACEN
24313;CAFE VIRGINIA SOBRE 36U CLASICO ;ALMACEN
24312;CAFE VIRGINIA SOBRE 36U SUAVE ;ALMACEN
02441;CAFETERA REAL 1.0LT ASA NEGRA;ALMACEN
10191;CAFETERA REAL 1.5LT ASA NEGRA;ALMACEN
17207;CAJA ARENA P/GATO AZUL 53x35;ALMACEN
17208;CAJA ARENA P/GATO ROSA 53x35;ALMACEN
27360;CAJA VINOS H.CANALE MERLOT/MALBEC;ALMACEN
01052;CALAMAR MARE PRONTO ANILLADO 1KG;FIAMBRERIA
17752;CALAMARES MARBELLA 170G ACEITE;FIAMBRERIA
25416;CALDO KNORR 12U VERDURA;ALMACEN
26114;CALDO KNORR 12U VERDURA;ALMACEN
24504;CALDO KNORR 6U VERDURA ;ALMACEN
17838;CALDO POLLO CALLIERI 50G ;ALMACEN
15953;CALDO VERDURA  CALLIERI 50G;ALMACEN
18357;CALDO VERDURA BON WERT 10S ;ALMACEN
17734;CALDO VERDURA BON WERT 10S S/SAL;ALMACEN
17878;CALDOS KNORR 12U GALLINA;ALMACEN
22795;CALDOS KNORR 12U GALLINA BALANCE;ALMACEN
23306;CALDOS KNORR 12U GALLINA C/VEGETALES ;ALMACEN
17841;CALDOS KNORR 12U VERDURA  ;ALMACEN
20499;CALDOS KNORR 12U VERDURA ;ALMACEN
23218;CALDOS KNORR 12U VERDURA C/VEG.;ALMACEN
17879;CALDOS KNORR 6U GALLINA;ALMACEN
20717;CALDOS KNORR 6U GALLINA;ALMACEN
23217;CALDOS KNORR 6U GALLINA C/VEG.;ALMACEN
17851;CALDOS KNORR 6U VERDURA ;ALMACEN
20818;CALDOS KNORR 6U VERDURA;ALMACEN
23216;CALDOS KNORR 6U VERDURA C/VEG.;ALMACEN
17118;CALDOS MAGGI 12U VERDURAS;ALMACEN
03051;CALDOS MAGGI GALLINA  6U;ALMACEN
02566;CALDOS MAGGI GALLINA 12U;ALMACEN
19864;CALDOS MAGGI VERDURA 6U;ALMACEN
08613;CAMPARI  450CC;ALMACEN
08636;CAMPARI  750CC;ALMACEN
24826;CAMPARI 750CC;ALMACEN
02911;CANA LEGUI 750CC;ALMACEN
09156;CANA PADILLA 750CC DURAZNO;ALMACEN
11131;CANA RANCHO 950CC;ALMACEN
10677;CANA SAN VICENTE 950CC DURAZNO;ALMACEN
26055;CANASTA GLADE 27,5G REP LAVANDA;ALMACEN
26058;CANASTA GLADE 27,5G SOLIDA FULL LAVANDA;ALMACEN
27223;CANASTA LIQ. PATO 50ML FULL CITRUS;ALMACEN
25101;CANASTA LIQ. PATO 50ML FULL FLORAL;ALMACEN
24290;CANASTA LIQ.PATO PURIFIC 50ML LAVANDA;ALMACEN
24493;CANASTA LIQ.PATO PURIFIC 50ML REP.LAVANDA;ALMACEN
27915;CANASTA PATO PURIFIC 37G SOLID MARINA ;ALMACEN
01349;CANASTA PATO PURIFIC FULL MARINA;ALMACEN
25879;CANASTA PATO PURIFIC FULL SOLIDA 27,5G MARINA;ALMACEN
03732;CANASTA PATO PURIFIC REP.CITRUS;ALMACEN
01832;CANASTA PATO PURIFIC REP.MARINA;ALMACEN
26057;CANASTA PATO PURIFIC SOLIDA REP 27.5G MARINA;ALMACEN
24922;CANASTA PATO.LIQ REP FLORAL 50ML;ALMACEN
05942;CANELA ALICANTE 25G MOLIDA ST;ALMACEN
10468;CANELA CALLIERI 25G MOLIDA;ALMACEN
06004;CANELA CALLIERI 90G CEYLAN;ALMACEN
16940;CANELA RAMA ALICANTE 20G  ST;ALMACEN
00942;CANONCITOS FRANKY C/D.LECHE;PANADERIA
00906;CANTIMPALO BIERZO;FIAMBRERIA
00308;CANTIMPALO ESPUÑA ;FIAMBRERIA
00196;CANTIMPALO RIOSMA DE MAQUINA;FIAMBRERIA
3309;CAÑA ARGENTINA 1L;ALMACEN
25021;CAÑA ARGENTINA PIRAGUA 950ML;ALMACEN
17485;CAÑA OMBU PADILLA 700ML;ALMACEN
20374;CAÑA PADILLA 700ML DURAZNO ;ALMACEN
CAPAC;Capacitación Personal - Salón de Ventas;ALMACEN
15723;CAPELETTINI GIACOMO 500G CARNE ;ALMACEN
15453;CAPELETTINI GIACOMO 500G JAMON QUESO ;ALMACEN
27940;CAPELETTINI GIACOMO 500G MIX VERDURA ;ALMACEN
15724;CAPELETTINI GIACOMO 500G TRIDICCI;ALMACEN
000229;CAPELETTINI GIACOMO 500G VERDURA ;ALMACEN
24836;CAPELLETIS DON YEYO 400G CARNE Y JAMON;ALMACEN
24837;CAPELLETIS DON YEYO 400G JAMON Y QUESO;ALMACEN
13546;CAPELLETIS DON YEYO 500G JAMON;ALMACEN
00951;CAPON  LANAR EL KILO;ALMACEN
23288;CAPPUCCINO LA PLANTA 115G  DOY PACK;ALMACEN
16211;CAPPUCCINO MORENITA 125G DP;ALMACEN
25950;CAPPUCCINO VIRGINIA 125G CHOCO MOCHA DOY;ALMACEN
16860;CAPPUCCINO VIRGINIA 125G DOY TRAD;ALMACEN
16955;CAPPUCCINO VIRGINIA 155G MOUSSE CHOC.AVELLANAS;ALMACEN
19712;CAPPUCCINO VIRGINIA 210G FRASCO;ALMACEN
18583;CAPPUCCINO VIRGINIA 275G DOY;ALMACEN
21672;CAPPUCCINO VIRGINIA 9G LIGHT 10S;ALMACEN
16814;CAPPUCCINO VIRGINIA DOY DULCE LECHE;ALMACEN
00514;CAQUI EL KG ;VERDULERIA
00814;CARACU;CARNICERIA
01675;CARAM ALKA 800G ACIDOS;ALMACEN
09946;CARAM ALKA 800G CHERRY MENTOL;ALMACEN
01761;CARAM ALKA 800G CREMOSO FRUTILLA;ALMACEN
09902;CARAM ALKA 800G MENTA;ALMACEN
02436;CARAM ALKA 800G STRONG;ALMACEN
18183;CARAM ARCOR 140G MENTA CHOCOL.;ALMACEN
16448;CARAM ARCOR 140G RELLENOS FRUTALES;ALMACEN
3332;CARAM ARCOR 335G MIEL Y MENTA;ALMACEN
21606;CARAM ARCOR B.TOFFEES 822G CAFE ;ALMACEN
21605;CARAM ARCOR B.TOFFEES 822G CHOCOLATE ;ALMACEN
17263;CARAM ARCOR BUTTER 140G CHOCOL.;ALMACEN
16830;CARAM ARCOR BUTTER 140G LECHE;ALMACEN
16538;CARAM ARCOR BUTTER 140G SURTIDO;ALMACEN
06630;CARAM ARCOR BUTTER B O B 150G;ALMACEN
05700;CARAM ARCOR BUTTER LECHE 150G;ALMACEN
06591;CARAM ARCOR CREMINO SURTIDO 15;ALMACEN
16539;CARAM ARCOR FRUTALES 140G GAJOS ;ALMACEN
05526;CARAM ARCOR GAJITOS ACIDOS 150;ALMACEN
21517;CARAM ARCOR MASTIC.FRUTALES 880G;ALMACEN
07914;CARAM ARCOR MASTIC.FRUTAS 800G;ALMACEN
000988;CARAM ARCOR MENTA CHOCOL 150GR;ALMACEN
01771;CARAM ARCOR MENTA CRISTAL 140G;ALMACEN
25097;CARAM ARCOR MENTA CRISTAL 810G;ALMACEN
16379;CARAM ARCOR MIEL 140G;ALMACEN
05269;CARAM ARCOR MIEL 150G;ALMACEN
000189;CARAM ARCOR RELL.FRUTAL 150GR;ALMACEN
04604;CARAM BILLIKEN 600G YOGHURT;ALMACEN
27524;CARAM BUTTER TOFFEES 80G SURTIDO;ALMACEN
25120;CARAM MOGUL 120GR PALOTES SANDIA;ALMACEN
25121;CARAM MOGUL 120GR PALOTES SURTIDO;ALMACEN
18772;CARAM MOGUL 1KG EUCALIPTUS ;ALMACEN
27718;CARAM MOGUL 80G PALOTES;ALMACEN
09580;CARAM SUGUS 700G;ALMACEN
27087;CARAM.AGUILA 822G BUTTER TOFFEES AGUILA;ALMACEN
16984;CARAM.ARCOR 120G FRUTALES ;ALMACEN
27272;CARAM.ARCOR 465G RODAJAS CRAZY;ALMACEN
27271;CARAM.ARCOR 485G GAJOS FRUTALES;ALMACEN
26986;CARAM.ARCOR 80G MENTA CHOCOLATE;ALMACEN
27088;CARAM.ARCOR 810G BUTTER.DDL/CHOCOLATE;ALMACEN
27209;CARAM.ARCOR 81G MENTA CRISTAL;ALMACEN
27188;CARAM.ARCOR 930G RODAJAS ACIDAS;ALMACEN
26985;CARAM.ARCOR FIESTA.TERRORIFICA 396G TUTTI FRUTTI;ALMACEN
26392;CARAM.BUBBALOO 24G CONFITADOS;ALMACEN
25605;CARAM.BUBBALOO 72G CONFITADOS;ALMACEN
27559;CARAM.BUTTER TOFFEES 80G CHOCOLATE;ALMACEN
28096;CARAM.BUTTER TOFFEES 99G LECHE ;ALMACEN
15626;CARAM.FLYNN PAFF 128G FRUTILLA;ALMACEN
18719;CARAM.FLYNN PAFF 128G SURTIDOS;ALMACEN
15627;CARAM.FLYNN PAFF 128G TUTTI FRUTTI;ALMACEN
06706;CARAM.MOGUL 1100G JELLY BUTTONS;ALMACEN
27225;CARAM.MOGUL 70G MASTI CONFITADOS;ALMACEN
27227;CARAM.MOGUL EXTREME 70G MASTI CONFITADOS;ALMACEN
23480;CARAM.PALITOS SELVA 150G;ALMACEN
26554;CARAM.PALITOS SELVA 150G ANANA ACIDA;ALMACEN
26555;CARAM.PALITOS SELVA 150G BLUEBERRY ACIDA;ALMACEN
26556;CARAM.PALITOS SELVA 480G;ALMACEN
26588;CARAM.PALITOS SELVA 480G;ALMACEN
15623;CARAM.PEQ.PLACERES 450G ACIDOS;ALMACEN
24871;CARAMELO ARCOR BUTTER 140G RELLENOS;ALMACEN
000170;CARBON EL TIZON 3KG PAPEL;ALMACEN
00032;CARNE DE CERDO ;CARNICERIA
00298;CARNE PICADA COMUN;CARNICERIA
00170;CARNE PICADA DE CERDO EL KILO;CARNICERIA
00197;CARNE PICADA ESPECIAL;CARNICERIA
000035;CARNICERIA;CARNICERIA
25696;CARPETA CON FOLIOS DELI A4;ALMACEN
26275;CARPETA CON FOLIOS FW A4;ALMACEN
27661;CARPETA FOLIOS AVIOS A4 *10 NEGRO;ALMACEN
25697;CARPETA REXON C/CORDON N5 COLORES SURTIDOS;ALMACEN
00926;CARRE DE CERDO;CARNICERIA
23183;CARTUCHERA EZCO PLANA LISA;ALMACEN
25698;CARTUCHERA FW OVAL;ALMACEN
25699;CARTUCHERA FW TUBO CLASICA;ALMACEN
27649;CARTUCHERA FW TUBO COLORES;ALMACEN
25702;CARTUCHERA KING OF THE FALL TUBO;ALMACEN
23182;CARTUCHERA MODAX ESTAMPA;ALMACEN
25701;CARTUCHERA PLAY WILD TELA TRIANGULAR;ALMACEN
25700;CARTUCHERA SKORA AFELPADA;ALMACEN
10140;CASCARILLA GENNARI 200G CACAO;VERDULERIA
01022;CASTANA CAJU SUELTAS;FIAMBRERIA
13608;CASTAÑAS ALM.GENTLEMAN 90G;ALMACEN
24890;CASTAÑAS DE CAJU GENNARI 150G;FIAMBRERIA
25020;CAZALIS LEGER 950CC;ALMACEN
17753;CAZUELA MARBELLA 300G MARISCOS ;FIAMBRERIA
21432;CEBADA EL POCILLO 100G DOY PACK;ALMACEN
21433;CEBADA EL POCILLO 100G INTENSA DOY PACK;ALMACEN
24014;CEBADA EL POCILLO 115G DOY PACK;ALMACEN
27036;CEBADA EL POCILLO 115G DP INTENSA;ALMACEN
21431;CEBADA EL POCILLO 170G INTENSA;ALMACEN
03145;CEBOLLA ALICANTE DESHIDR.50G;ALMACEN
00512;CEBOLLA BLANCA EL KG ;VERDULERIA
00264;CEBOLLA CHICA X KG;VERDULERIA
00726;CEBOLLA COLOR EL KG ;VERDULERIA
00727;CEBOLLA DE VERDEO EL KG.;VERDULERIA
18221;CEBOLLA DESHID.KNORR 100G;ALMACEN
27838;CEBOLLA DOS ANCLAS DESHIDRATADA 75G;ALMACEN
000171;CEBOLLA EN BOLSA;VERDULERIA
00261;CEBOLLA FRACCIONADA;VERDULERIA
00420;CEBOLLA OFERTA EL KG;VERDULERIA
00311;CEBOLLA SUELTAS EL KG.;VERDULERIA
00242;CEBOLLAS SUELTAS GRANDES VINAG;FIAMBRERIA
24551;CEBOLLITAS DIDIER 1.5KG VINAGRE ;FIAMBRERIA
02293;CEBOLLITAS DIDIER 180G VINAGRE;FIAMBRERIA
03459;CEBOLLITAS LA TOSCANA 330G;FIAMBRERIA
08074;CEBOLLITAS MARVAVIC 200G BANDEJA;FIAMBRERIA
23760;CEBOLLITAS MARVAVIC 330G FRASCO;FIAMBRERIA
22377;CEBOLLITAS MARVAVIC 3KG VINAGRE;FIAMBRERIA
26118;CEBOLLITAS MARVAVIC 5KG VINAGRE;FIAMBRERIA
06568;CEBOLLITAS MERIDIANO 330G;FIAMBRERIA
06928;CEBOLLITAS NUCETE 150G DOY;FIAMBRERIA
00389;CEBOLLITAS SUELTAS VINAGRE;FIAMBRERIA
07479;CEP.COLGATE 2*1 EXTRA CLEAN DURO ;ALMACEN
16776;CEP.COLGATE 2*1 SLIM SOFT ULTRA SUAVE;ALMACEN
27919;CEP.COLGATE 2U BAMBOO;ALMACEN
08648;CEP.COLGATE 2U BARBIE +6AÑOS;ALMACEN
11809;CEP.COLGATE 2U BATMAN/MARAVILL;ALMACEN
09463;CEP.COLGATE 2UN SLIM SOFT;ALMACEN
15219;CEP.COLGATE 360 2*1 360 ANTIBA;ALMACEN
02133;CEP.COLGATE 360 2*1 LUMINOUS W;ALMACEN
02080;CEP.COLGATE 360 2*1 MED.;ALMACEN
5076;CEP.COLGATE BAMBOO;ALMACEN
01535;CEP.COLGATE BOB/BARBIE EX.SUA;ALMACEN
03817;CEP.COLGATE CLASSIC SUAVE ;ALMACEN
10556;CEP.COLGATE EXTRA C. 3*2;ALMACEN
02389;CEP.COLGATE EXTRA CLEAN 2*1;ALMACEN
23238;CEP.COLGATE EXTRA CLEAN MEDIO;ALMACEN
08304;CEP.COLGATE MAX WHITE 2U MED;ALMACEN
01863;CEP.COLGATE MINIONS 2UN;ALMACEN
01719;CEP.COLGATE PREMIER ADULTO;ALMACEN
001132;CEP.COLGATE SLIM SOFT 2*1;ALMACEN
05650;CEP.COLGATE SLIM SOFT 2*1 BLACK;ALMACEN
01773;CEP.COLGATE SMILES EXT.SUAVE;ALMACEN
23219;CEP.COLGATE TOTAL12 360 2X1;ALMACEN
11008;CEP.COLGATE TRIPLE ACCION 2U MEDIO;ALMACEN
15355;CEP.COLGATE TRIPLE ACCION MED.*3;ALMACEN
24990;CEP.COLGATE TWISTER 2U W.SUAVE;ALMACEN
11009;CEP.COLGATE TWISTER 3U;ALMACEN
11348;CEP.COLGATE TWISTER W 2U SUAVE;ALMACEN
27058;CEP.COLGATE WHITENING 2U SUAVE;ALMACEN
12243;CEPILLO COLGATE KIDS 2U;ALMACEN
08113;CEPILLO PARRILLERO C/CABO;ALMACEN
06888;CEPILLO SALZANO CALZADO N 18;ALMACEN
03485;CEPILLO SALZANO COCHE VIOLIN;ALMACEN
02538;CEPILLO SALZANO HIDROLAVACOCHE;ALMACEN
900850;CEPILLO SALZANO LAVAOMNIBUS;ALMACEN
03418;CEPILLO SALZANO LAVAVAJ. C/RAS;ALMACEN
05239;CEPILLO SALZANO MANO;ALMACEN
25917;CEPILLO SALZANO MANO CIRCULAR;ALMACEN
25918;CEPILLO SALZANO MANO OVALADO;ALMACEN
07223;CEPILLO SALZANO MANO RUSTICO;ALMACEN
07862;CEPILLO SALZANO PISO C/ROSCA;ALMACEN
05035;CEPILLO SALZANO PISO GIGANTE;ALMACEN
05177;CEPILLO SALZANO VAQUEROS;ALMACEN
03643;CEPILLO SALZANO ZAPATILLAS;ALMACEN
23437;CER.KELLOGGS 185G CHOCO KRISPIS;ALMACEN
22932;CER.KELLOGGS 195G FROOT LOOPS;ALMACEN
25670;CER.KELLOGGS 200G CORN FLAKES;ALMACEN
23438;CER.KELLOGGS 255G MUSLI CEREAL CHOCOLATE;ALMACEN
23439;CER.KELLOGGS 255G MUSLI MANZANA PASAS;ALMACEN
07514;CER.KELLOGGS 280G FROOT LOOPS;ALMACEN
21771;CER.KELLOG'S ZUCARITAS 150G ORIGINALES;ALMACEN
20883;CER.KELLOG'S ZUCARITAS 240G ORIGINALES;ALMACEN
27347;CERA BLEM 400CC DOY CITRUS;ALMACEN
27346;CERA BLEM 400CC DOY FLORAL;ALMACEN
18604;CERA BLEM 400ML PISOS FLOT.CITRUS DP;ALMACEN
14821;CERA BLEM 450CC CEMENTO DP;ALMACEN
16691;CERA BLEM 450CC CERAM.INCOL. DP;ALMACEN
14702;CERA BLEM 450CC CERAM.ROJO DP;ALMACEN
14854;CERA BLEM 450CC FLORAL DP;ALMACEN
16690;CERA BLEM 450CC FLOTANT. ALM. DP;ALMACEN
14822;CERA BLEM 450CC PORCELANATO DP;ALMACEN
27917;CERA BLEM 750CC INCOLORO BT ;ALMACEN
13912;CERA BLEM 800CC ACRILICA BOT.;ALMACEN
14820;CERA BLEM 800CC CEMENTO;ALMACEN
15814;CERA BLEM 800CC CERAM.INCOL.BT;ALMACEN
16689;CERA BLEM 800CC INC.PORCELANATO BT;ALMACEN
14703;CERA BLEM 800CC NEGRO BT;ALMACEN
16688;CERA BLEM 800CC ROJO BT;ALMACEN
25434;CERA DEP.MILLEFIORI 180G MICROONDAS;ALMACEN
25435;CERA DEP.MILLEFIORI 200G VEGETAL;ALMACEN
01760;CERA SUIZA 425CC LIQ.NATURAL;ALMACEN
10688;CERA SUIZA 425CC LIQ.ROBLE CLARO;ALMACEN
06557;CERA SUIZA 425CC LIQ.ROBLE OSCURO;ALMACEN
10640;CERA SUIZA 450CC PASTA NATURAL;ALMACEN
10641;CERA SUIZA 450CC PASTA ROBLE CLARO;ALMACEN
10642;CERA SUIZA 450CC PASTA ROBLE OSCURO;ALMACEN
08855;CERA SUIZA BRIL 900CC INCOLORO;ALMACEN
27987;CERA SUIZA LIQ.850ML P/PLASTIF.;ALMACEN
07954;CEREAL 3 ARROYOS 150G NATURAL;ALMACEN
17760;CEREAL 3 ARROYOS 160G ARITOS FRUTADOS;ALMACEN
07784;CEREAL 3 ARROYOS 200G AZUCARADOS;ALMACEN
19590;CEREAL 3 ARROYOS 200G MAIZ CHOCOLATE ;ALMACEN
17669;CEREAL 3 ARROYOS 210G REDOND.CHOCOL.;ALMACEN
22418;CEREAL 3 ARROYOS 350G MIX;ALMACEN
07775;CEREAL 3 ARROYOS 400G NATURAL;ALMACEN
07782;CEREAL 3 ARROYOS 500G AZUCARADOS;ALMACEN
23388;CEREAL 3 ARROYOS 700G NATURAL;ALMACEN
19047;CEREAL ARCOR CHOCOLATOSOS 70G;ALMACEN
19800;CEREAL ARITOS 3 ARROYOS 180G AVENA/MIEL;ALMACEN
19185;CEREAL CHOCOLINO 200G BOLITAS;ALMACEN
27920;CEREAL EXCLUSIVO 150G MAIZ  AZUCARADOS ;ALMACEN
09524;CEREAL GRANIX 130GR FREE ;ALMACEN
16540;CEREAL GRANIX 160G MIX ;ALMACEN
17517;CEREAL KELLOGGS 120G ZUCARITAS ;ALMACEN
20393;CEREAL KELLOGGS 260G CHURROS;ALMACEN
23322;CEREAL MIX 100G CACAO S/HARINA;ALMACEN
23321;CEREAL MIX 100G ORIGINAL S/HARINA ;ALMACEN
24740;CEREAL MIX 33G FRUTOS SECOS ;ALMACEN
24741;CEREAL MIX 38G CHOCOL.48%;ALMACEN
26768;CEREAL MIX ARCOR 138G ORIG.6U;ALMACEN
09360;CEREAL MIX ARCOR 23G CHOCO.ALMENDR;ALMACEN
100533;CEREAL MIX ARCOR 23G LIGHT MANZANA;ALMACEN
02084;CEREAL MIX ARCOR 23G ORIGINAL;ALMACEN
19742;CEREAL MIX ARCOR 26G FRUTILLA CHOCOLATE;ALMACEN
14205;CEREAL MIX ARCOR 26G YOG.FRUTI;ALMACEN
14206;CEREAL MIX ARCOR 26G YOG/FRUT.LIGHT;ALMACEN
09815;CEREAL MIX ARCOR 32G RELL MANZANA;ALMACEN
04752;CEREAL MIX ARCOR 32G RELL.FRUTILLA;ALMACEN
04795;CEREAL MIX ARCOR LIGHT FRUTILL;ALMACEN
09377;CEREAL MIX ARCOR PASION CHOCOL;ALMACEN
000532;CEREAL MIX ARCOR YOGH.FRUTILLA;ALMACEN
22156;CEREAL NESQUIK 210G MAS CROCANTE;ALMACEN
09224;CEREAL NESQUIK 230G;ALMACEN
23546;CEREAL ORQUIDEA 100G CROCANTE BAÑADO;ALMACEN
2845;CEREAL PATAGONIA 100G;ALMACEN
13218;CEREAL PATAGONIA 100G;ALMACEN
25885;CEREAL SMAMS 150G ANILLITOS DE FRUTA;ALMACEN
25886;CEREAL SMAMS 150G BOLITAS DE CHOCOLATE;ALMACEN
18590;CEREAL TRIX 230G;ALMACEN
19684;CEREAL ZOO CARTOON 350G CHOCOLATE;ALMACEN
00735;CEREZAS ;VERDULERIA
22207;CEREZAS AL MARRASQ.DULCOR LATA 3,1 KG;FIAMBRERIA
22261;CEREZAS COINCO 390G FRASCO ;ALMACEN
00137;CEREZAS EN ALMIBAR  X KILO;FIAMBRERIA
25519;CEREZAS GENTLEMAN 200G;ALMACEN
20048;CEREZAS GEORGALOS 100G CHOCOLATE RHUM ;ALMACEN
22761;CEREZAS MARVAVIC 110G FRASCO;FIAMBRERIA
03200;CEREZAS PATAGONIA 300G;ALMACEN
18314;CERVEZA 27 EAZY 473CC LATA;ALMACEN
18315;CERVEZA 27 EAZY 6*473CC LATA;ALMACEN
24186;CERVEZA AMSTEL 1L;ALMACEN
14452;CERVEZA AMSTEL 473CC LAGER;ALMACEN
23120;CERVEZA AMSTEL 473CC LAGER;ALMACEN
13689;CERVEZA AMSTEL 6*473CC LAGER;ALMACEN
24864;CERVEZA AMSTEL 6*473CC LAGER;ALMACEN
27769;CERVEZA AMSTEL 6*710CC LAGER ;ALMACEN
27728;CERVEZA AMSTEL 710CC LAGER ;ALMACEN
08106;CERVEZA ANDES 1L;ALMACEN
27802;CERVEZA ANDES 4*710CC LATA;ALMACEN
07060;CERVEZA ANDES 473CC LATA;ALMACEN
07062;CERVEZA ANDES 6*473CC LATA;ALMACEN
27801;CERVEZA ANDES 710CC LATA;ALMACEN
19949;CERVEZA ANDES ORIGEN 1L FRESQUITA ;ALMACEN
11400;CERVEZA ANDES ORIGEN 1L IPA;ALMACEN
10747;CERVEZA ANDES ORIGEN 1L NEGRA;ALMACEN
10748;CERVEZA ANDES ORIGEN 1L ROJA;ALMACEN
10750;CERVEZA ANDES ORIGEN 1L RUBIA;ALMACEN
16817;CERVEZA ANDES ORIGEN 269CC ROJITA ;ALMACEN
19948;CERVEZA ANDES ORIGEN 340CC ROJA;ALMACEN
19890;CERVEZA ANDES ORIGEN 4*473CC FRESQUITA ;ALMACEN
17617;CERVEZA ANDES ORIGEN 4*473CC IPA ROJA ;ALMACEN
16212;CERVEZA ANDES ORIGEN 4*473CC ROJA;ALMACEN
18273;CERVEZA ANDES ORIGEN 4*473CC VENDIMIA ;ALMACEN
23328;CERVEZA ANDES ORIGEN 4*710CC RUBIA;ALMACEN
19889;CERVEZA ANDES ORIGEN 473CC FRESQUITA;ALMACEN
11065;CERVEZA ANDES ORIGEN 473CC IPA;ALMACEN
24307;CERVEZA ANDES ORIGEN 473CC IPA ANDINA ;ALMACEN
16433;CERVEZA ANDES ORIGEN 473CC IPA ROJA ;ALMACEN
11062;CERVEZA ANDES ORIGEN 473CC NEGRA;ALMACEN
25567;CERVEZA ANDES ORIGEN 473CC ORO ;ALMACEN
11006;CERVEZA ANDES ORIGEN 473CC ROJA;ALMACEN
05324;CERVEZA ANDES ORIGEN 473CC RUBIA;ALMACEN
18274;CERVEZA ANDES ORIGEN 473CC VENDIMIA ;ALMACEN
11083;CERVEZA ANDES ORIGEN 6*473CC IPA ;ALMACEN
16429;CERVEZA ANDES ORIGEN 6*473CC IPA ;ALMACEN
06952;CERVEZA ANDES ORIGEN 6*473CC MIEL;ALMACEN
11063;CERVEZA ANDES ORIGEN 6*473CC NEGRA;ALMACEN
25566;CERVEZA ANDES ORIGEN 6*473CC ORO;ALMACEN
11005;CERVEZA ANDES ORIGEN 6*473CC ROJA;ALMACEN
05317;CERVEZA ANDES ORIGEN 6*473CC RUBIA;ALMACEN
19677;CERVEZA ANDES ORIGEN 6*473CC RUBIA;ALMACEN
23329;CERVEZA ANDES ORIGEN 710CC RUBIA;ALMACEN
17684;CERVEZA ANDES ORIGEN PROMO GUSTITO;ALMACEN
15343;CERVEZA ANDES ORIGEN.10*269CC ROJITA;ALMACEN
27536;CERVEZA ANTARES 473CC CARAVANA;ALMACEN
24592;CERVEZA ANTARES 473CC IPA ;ALMACEN
27537;CERVEZA ANTARES 473CC IPA S/A;ALMACEN
23626;CERVEZA ANTARES 473CC LAGER;ALMACEN
27547;CERVEZA BLUE MOON 473CC BELGIAN WHITE;ALMACEN
27719;CERVEZA BLUE MOON 6*473CC BELGIAN W;ALMACEN
17641;CERVEZA BRAHMA 1L;ALMACEN
03017;CERVEZA BRAHMA 354CC;ALMACEN
03066;CERVEZA BRAHMA 473CC;ALMACEN
18894;CERVEZA BRAHMA 473CC ;ALMACEN
26941;CERVEZA BRAHMA 473CC DORADA;ALMACEN
03068;CERVEZA BRAHMA 6*473CC;ALMACEN
26940;CERVEZA BRAHMA 6*473CC DORADA;ALMACEN
15680;CERVEZA BRAHMA 710CC DORADA;ALMACEN
26884;CERVEZA BRAHMA CHOPP 4*710CC;ALMACEN
26883;CERVEZA BRAHMA CHOPP 710CC;ALMACEN
02993;CERVEZA BRAHMA CHOPP 970CC;ALMACEN
15435;CERVEZA BRAHMA PROMO JENGA;ALMACEN
19646;CERVEZA BRAHMA.500CC;ALMACEN
19651;CERVEZA BRAHMITA CHOPP 269CC;ALMACEN
19652;CERVEZA BRAHMITA CHOPP 6*269CC;ALMACEN
05076;CERVEZA BUDWEISER 1L;ALMACEN
04292;CERVEZA BUDWEISER 1L MUSICA ;ALMACEN
10874;CERVEZA BUDWEISER 355CC ;ALMACEN
25203;CERVEZA BUDWEISER 4*710CC;ALMACEN
16713;CERVEZA BUDWEISER 410CC;ALMACEN
05379;CERVEZA BUDWEISER 473CC ;ALMACEN
24422;CERVEZA BUDWEISER 473CC MUSICA;ALMACEN
16712;CERVEZA BUDWEISER 6*410CC ;ALMACEN
24421;CERVEZA BUDWEISER 6*473C  MUSICA;ALMACEN
09717;CERVEZA BUDWEISER 6*473CC;ALMACEN
14124;CERVEZA BUDWEISER 710CC;ALMACEN
25204;CERVEZA BUDWEISER 710CC;ALMACEN
17222;CERVEZA BUDWEISER 710CC LOLLAP.;ALMACEN
22842;CERVEZA CHACHINGO 740CC BOTANIC LAGER;ALMACEN
22843;CERVEZA CHACHINGO 740CC GRAPE ALE ;ALMACEN
13332;CERVEZA CORONA 10*269CC;ALMACEN
13362;CERVEZA CORONA 269CC;ALMACEN
13331;CERVEZA CORONA 330CC;ALMACEN
13415;CERVEZA CORONA 330CC;ALMACEN
24930;CERVEZA CORONA 330CC CERO;ALMACEN
26962;CERVEZA CORONA 4*330CC CERO;ALMACEN
18564;CERVEZA CORONA 410CC LATA ;ALMACEN
26188;CERVEZA CORONA 473CC;ALMACEN
17048;CERVEZA CORONA 6*269CC;ALMACEN
13438;CERVEZA CORONA 6*330CC;ALMACEN
01644;CERVEZA CORONA 6*330CC;ALMACEN
18563;CERVEZA CORONA 6*410CC LATA;ALMACEN
26185;CERVEZA CORONA 6*473CC;ALMACEN
01988;CERVEZA CORONA 710CC;ALMACEN
101028;CERVEZA CORONA 710CC;ALMACEN
25089;CERVEZA CORONA CERO 330CC ;ALMACEN
27947;CERVEZA CORONA CERO 473CC;ALMACEN
25090;CERVEZA CORONA CERO 6*330CC;ALMACEN
27946;CERVEZA CORONA CERO 6*473CC ;ALMACEN
15434;CERVEZA CORONA PROMO.;ALMACEN
16235;CERVEZA CORONA SET TABLA+4BOT.;ALMACEN
27951;CERVEZA ESTRELLA GALICIA 473CC LAGER ;ALMACEN
27950;CERVEZA ESTRELLA GALICIA 6*473CC LAGER ;ALMACEN
14667;CERVEZA GAUTHER 473CC CLASICA;ALMACEN
18932;CERVEZA GAUTHER 473CC LUPULADA;ALMACEN
25625;CERVEZA GAUTHER 473CC MALTA S/T;ALMACEN
15839;CERVEZA GAUTHER 473ML 1%  S/T;ALMACEN
15683;CERVEZA GAUTHER 473ML DUN-KEL ;ALMACEN
08571;CERVEZA GAUTHER 473ML FRAMBUESA;ALMACEN
08559;CERVEZA GAUTHER 473ML MIEL S/T;ALMACEN
13382;CERVEZA GAUTHER 473ML ORO S/T;ALMACEN
18566;CERVEZA GOOSE ISLAND 473CC HAZY IPA;ALMACEN
15437;CERVEZA GOOSE ISLAND 473CC IPA;ALMACEN
22993;CERVEZA GOOSE ISLAND 473CC LAGER;ALMACEN
18562;CERVEZA GOOSE ISLAND 6*473CC HAZY ;ALMACEN
15436;CERVEZA GOOSE ISLAND 6*473CC IPA;ALMACEN
22992;CERVEZA GOOSE ISLAND 6*473CC LAGER;ALMACEN
21141;CERVEZA GROLSCH 473CC IPA LATA;ALMACEN
08420;CERVEZA GROLSCH 473CC LATA;ALMACEN
19341;CERVEZA GROLSCH 473CC LATA;ALMACEN
21140;CERVEZA GROLSCH 6*473CC IPA;ALMACEN
08448;CERVEZA GROLSCH 6*473CC LATA;ALMACEN
001063;CERVEZA GROLSCH 6*473CC LATA;ALMACEN
19879;CERVEZA GROLSCH 6*473CC RED ALE ;ALMACEN
11657;CERVEZA GROLSCH 925CC RETORNABLE;ALMACEN
000424;CERVEZA HEINEKEN 1L RETORNABLE;ALMACEN
22213;CERVEZA HEINEKEN 1L RETORNABLE ;ALMACEN
18961;CERVEZA HEINEKEN 330CC BOTELLA;ALMACEN
26005;CERVEZA HEINEKEN 330CC S/ALC BOT;ALMACEN
20940;CERVEZA HEINEKEN 355CC CERO ;ALMACEN
02881;CERVEZA HEINEKEN 473CC LATA;ALMACEN
22175;CERVEZA HEINEKEN 473CC LATA ;ALMACEN
27411;CERVEZA HEINEKEN 473CC S/ALC;ALMACEN
27315;CERVEZA HEINEKEN 5LT LATA;ALMACEN
18960;CERVEZA HEINEKEN 6*330 BOT;ALMACEN
26004;CERVEZA HEINEKEN 6*330CC S/ALC BOT;ALMACEN
20941;CERVEZA HEINEKEN 6*355CC CERO;ALMACEN
02884;CERVEZA HEINEKEN 6*473CC LATA;ALMACEN
17101;CERVEZA HEINEKEN 6*473CC LATA;ALMACEN
22281;CERVEZA HEINEKEN 6*473CC LATA ;ALMACEN
27410;CERVEZA HEINEKEN 6*473CC S/ALC;ALMACEN
16281;CERVEZA HEINEKEN 6*710CC;ALMACEN
13095;CERVEZA HEINEKEN 710CC LATA;ALMACEN
10557;CERVEZA HOEGAARDEN 330CC;ALMACEN
14873;CERVEZA IGUANA;ALMACEN
05372;CERVEZA IMPERIAL 1L CREAM STOUT RETORNABLE;ALMACEN
24393;CERVEZA IMPERIAL 1L EXTRA LAGER ;ALMACEN
24642;CERVEZA IMPERIAL 1L GOLDEN RET.;ALMACEN
05386;CERVEZA IMPERIAL 1L IPA RETORNABLE;ALMACEN
26612;CERVEZA IMPERIAL 355CC GOLDEN;ALMACEN
22711;CERVEZA IMPERIAL 355CC GOLDEN CERO;ALMACEN
22712;CERVEZA IMPERIAL 355CC ROJA  CERO;ALMACEN
11732;CERVEZA IMPERIAL 473CC AMBER LAGER;ALMACEN
19565;CERVEZA IMPERIAL 473CC APA;ALMACEN
4169;CERVEZA IMPERIAL 473CC GOLDEN ;ALMACEN
22866;CERVEZA IMPERIAL 473CC GOLDEN ;ALMACEN
27409;CERVEZA IMPERIAL 473CC GOLDEN S/ALC;ALMACEN
07800;CERVEZA IMPERIAL 473CC IPA;ALMACEN
05359;CERVEZA IMPERIAL 473CC LAGER ;ALMACEN
22044;CERVEZA IMPERIAL 473CC LAGER;ALMACEN
18452;CERVEZA IMPERIAL 473CC ROJA ;ALMACEN
07752;CERVEZA IMPERIAL 473CC STOUT ;ALMACEN
26613;CERVEZA IMPERIAL 6*330CC GOLDEN;ALMACEN
22709;CERVEZA IMPERIAL 6*355CC ROJA  CERO;ALMACEN
08290;CERVEZA IMPERIAL 6*473CC AMBER LAGER;ALMACEN
19713;CERVEZA IMPERIAL 6*473CC AMBER LAGER;ALMACEN
19582;CERVEZA IMPERIAL 6*473CC APA;ALMACEN
20107;CERVEZA IMPERIAL 6*473CC APA;ALMACEN
4227;CERVEZA IMPERIAL 6*473CC GOLDEN;ALMACEN
27408;CERVEZA IMPERIAL 6*473CC GOLDEN S/ALCOHOL;ALMACEN
13334;CERVEZA IMPERIAL 6*473CC IPA;ALMACEN
08288;CERVEZA IMPERIAL 6*473CC LAGER;ALMACEN
19647;CERVEZA IMPERIAL 6*473CC LAGER;ALMACEN
22070;CERVEZA IMPERIAL 6*473CC LAGER ;ALMACEN
18451;CERVEZA IMPERIAL 6*473CC ROJA;ALMACEN
13773;CERVEZA IMPERIAL 6*473CC STOUT;ALMACEN
18328;CERVEZA IMPERIAL 6*473CC STOUT;ALMACEN
27771;CERVEZA IMPERIAL 6*710CC E.LAGER ;ALMACEN
17966;CERVEZA IMPERIAL 710CC GOLDEN;ALMACEN
05360;CERVEZA IMPERIAL 710CC LAGER;ALMACEN
23608;CERVEZA ISENBECK 473CC;ALMACEN
06752;CERVEZA ISENBECK 6*473CC LATA;ALMACEN
26436;CERVEZA KUNSTMANN 4*470CC IPA;ALMACEN
26435;CERVEZA KUNSTMANN 4*470CC TOROBAYO;ALMACEN
06724;CERVEZA KUNSTMANN 470CC IPA;ALMACEN
06546;CERVEZA KUNSTMANN 470CC TOROBAYO;ALMACEN
27958;CERVEZA MICHELOB 275CC;ALMACEN
16859;CERVEZA MICHELOB 410CC LATA;ALMACEN
22959;CERVEZA MICHELOB 473CC LATA;ALMACEN
27931;CERVEZA MICHELOB 6*275CC;ALMACEN
16841;CERVEZA MICHELOB 6*410CC ;ALMACEN
22958;CERVEZA MICHELOB 6*473CC;ALMACEN
03016;CERVEZA MILLER 1L RETORNABLE;ALMACEN
23160;CERVEZA MILLER 330CC G.DRAFT;ALMACEN
001167;CERVEZA MILLER 473CC LATA;ALMACEN
22851;CERVEZA MILLER 473CC LATA;ALMACEN
23159;CERVEZA MILLER 6*330CC G.DRAFT ;ALMACEN
001157;CERVEZA MILLER 6*473CC LATA;ALMACEN
03422;CERVEZA MILLER 6*473CC LATA;ALMACEN
24219;CERVEZA MILLER 6*473CC LATA ;ALMACEN
28105;CERVEZA MILLER 600CC G.DRAFT BOT.;ALMACEN
25168;CERVEZA PALERMO 1L;ALMACEN
24529;CERVEZA PALERMO 970CC ;ALMACEN
03312;CERVEZA PATAGONIA 10*269CC HOPPY LAGER;ALMACEN
22929;CERVEZA PATAGONIA 1L AMBER LAGER ;ALMACEN
07676;CERVEZA PATAGONIA 269CC HOPPY LAGER;ALMACEN
15703;CERVEZA PATAGONIA 355CC 24.7;ALMACEN
14382;CERVEZA PATAGONIA 355CC AMBER LAGER ;ALMACEN
15520;CERVEZA PATAGONIA 4*473CC POSAVASOS;ALMACEN
16505;CERVEZA PATAGONIA 410CC 24.7 ;ALMACEN
19658;CERVEZA PATAGONIA 410CC AMBER LAGER;ALMACEN
19659;CERVEZA PATAGONIA 410CC BOHEMIAN PILS;ALMACEN
18985;CERVEZA PATAGONIA 410CC TRAV.SUREÑA ;ALMACEN
19784;CERVEZA PATAGONIA 410CC VERA IPA;ALMACEN
09825;CERVEZA PATAGONIA 473CC 24.7;ALMACEN
14086;CERVEZA PATAGONIA 473CC ABRAZO OSO;ALMACEN
09361;CERVEZA PATAGONIA 473CC AMBER LAGER;ALMACEN
14142;CERVEZA PATAGONIA 473CC BOHEMIAN;ALMACEN
22600;CERVEZA PATAGONIA 473CC IPA ESTELAR;ALMACEN
13866;CERVEZA PATAGONIA 473CC KUNE;ALMACEN
25762;CERVEZA PATAGONIA 473CC LAGER;ALMACEN
06937;CERVEZA PATAGONIA 473CC SENDERO SUR;ALMACEN
08578;CERVEZA PATAGONIA 473CC SOLCITRA;ALMACEN
13845;CERVEZA PATAGONIA 473CC VERA IPA;ALMACEN
11091;CERVEZA PATAGONIA 473CC WEISSE;ALMACEN
16431;CERVEZA PATAGONIA 6*410CC 24.7 ;ALMACEN
19645;CERVEZA PATAGONIA 6*410CC AMBER LAGER;ALMACEN
19644;CERVEZA PATAGONIA 6*410CC BOHEMIAN;ALMACEN
18931;CERVEZA PATAGONIA 6*410CC TRAV.SUREÑA ;ALMACEN
19785;CERVEZA PATAGONIA 6*410CC VERA IPA;ALMACEN
22599;CERVEZA PATAGONIA 6*473 IPA ESTELAR ;ALMACEN
04364;CERVEZA PATAGONIA 6*473CC 24.7;ALMACEN
16479;CERVEZA PATAGONIA 6*473CC ABRAZO OSO;ALMACEN
09391;CERVEZA PATAGONIA 6*473CC AMBE;ALMACEN
08779;CERVEZA PATAGONIA 6*473CC AMBER LAGER;ALMACEN
07688;CERVEZA PATAGONIA 6*473CC BOHEMIAN;ALMACEN
13106;CERVEZA PATAGONIA 6*473CC KUNE;ALMACEN
25761;CERVEZA PATAGONIA 6*473CC LAGER;ALMACEN
06954;CERVEZA PATAGONIA 6*473CC SENDERO;ALMACEN
08572;CERVEZA PATAGONIA 6*473CC SOLCITRA;ALMACEN
13846;CERVEZA PATAGONIA 6*473CC VERA;ALMACEN
14123;CERVEZA PATAGONIA 6*473CC WEISSE ;ALMACEN
06165;CERVEZA PATAGONIA 710CC KUNE;ALMACEN
19247;CERVEZA PATAGONIA 730CC 24.7;ALMACEN
19263;CERVEZA PATAGONIA 730CC AMBER;ALMACEN
19533;CERVEZA PATAGONIA 730CC BOHEM.PILSE;ALMACEN
19426;CERVEZA PATAGONIA 730CC HOPPY LARGER;ALMACEN
14143;CERVEZA PATAGONIA 730CC KUNE;ALMACEN
24929;CERVEZA PATAGONIA 730CC LAGER DEL SUR;ALMACEN
15836;CERVEZA PATAGONIA 730CC VERA IPA;ALMACEN
19549;CERVEZA PATAGONIA 730CC WEISSE;ALMACEN
03565;CERVEZA PATAGONIA 740CC BOHEMI;ALMACEN
22699;CERVEZA PATAGONIA1L BOHEMIAN ;ALMACEN
14830;CERVEZA QUILMES 1890 1L;ALMACEN
26720;CERVEZA QUILMES 1890 1L;ALMACEN
06570;CERVEZA QUILMES 1890 473CC LAT;ALMACEN
26631;CERVEZA QUILMES 1890 473CC LAT;ALMACEN
07011;CERVEZA QUILMES 1890 6*473CC L;ALMACEN
02051;CERVEZA QUILMES 1L STOUT ;ALMACEN
14969;CERVEZA QUILMES BAJO CERO 1L;ALMACEN
07127;CERVEZA QUILMES BOCK 473CC;ALMACEN
07352;CERVEZA QUILMES BOCK 6*473CC;ALMACEN
01516;CERVEZA QUILMES BOCK 970CC;ALMACEN
17404;CERVEZA QUILMES CLASICA 1L ;ALMACEN
20108;CERVEZA QUILMES CLASICA 354CC ;ALMACEN
25658;CERVEZA QUILMES CLASICA 4*710CC;ALMACEN
03719;CERVEZA QUILMES CLASICA 473CC LATA;ALMACEN
03727;CERVEZA QUILMES CLASICA 6*473CC LATA;ALMACEN
25659;CERVEZA QUILMES CLASICA 710CC;ALMACEN
1152;CERVEZA QUILMES CLASICA 970CC ;ALMACEN
17946;CERVEZA QUILMES DOBLE 1L ;ALMACEN
17960;CERVEZA QUILMES DOBLE 410CC;ALMACEN
22027;CERVEZA QUILMES DOBLE 473CC ;ALMACEN
17947;CERVEZA QUILMES DOBLE 6*410CC;ALMACEN
23017;CERVEZA QUILMES DOBLE 6*473CC;ALMACEN
21909;CERVEZA QUILMES IPA 1L ;ALMACEN
21233;CERVEZA QUILMES IPA 473CC ;ALMACEN
21232;CERVEZA QUILMES IPA 6*473CC ;ALMACEN
13350;CERVEZA QUILMES RED LAGER 1L;ALMACEN
13847;CERVEZA QUILMES RED LAGER 473C;ALMACEN
13848;CERVEZA QUILMES RED LAGER 6*473;ALMACEN
17674;CERVEZA QUILMES ROCK CLASICA  6*473CC ;ALMACEN
17961;CERVEZA QUILMES ROCK CLASICA 473CC ;ALMACEN
08809;CERVEZA QUILMES S/ALC. 473CC;ALMACEN
16999;CERVEZA QUILMES S/ALC.4*473CC ;ALMACEN
13409;CERVEZA QUILMES S/ALC.6*473CC ;ALMACEN
03746;CERVEZA QUILMES STOUT 473CC;ALMACEN
03752;CERVEZA QUILMES STOUT 6*473CC;ALMACEN
16607;CERVEZA QUILMES.PROMO KIT ASADO;ALMACEN
16233;CERVEZA QUILMES.PROMO LATA+VASO BOCA;ALMACEN
15909;CERVEZA QUILMES.PROMO.LATA+VASO MURPHY ;ALMACEN
16234;CERVEZA QUILMES.PROMO.LATA+VASO RIVER ;ALMACEN
15481;CERVEZA SALTA 1L RUBIA ;ALMACEN
27312;CERVEZA SALTA 473CC FRESH LAGER;ALMACEN
23606;CERVEZA SALTA 473CC IPA;ALMACEN
21976;CERVEZA SALTA 473CC NEGRA;ALMACEN
15532;CERVEZA SALTA 473CC ROJA ;ALMACEN
15479;CERVEZA SALTA 473CC RUBIA;ALMACEN
27313;CERVEZA SALTA 6*473CC FRESH LAGER;ALMACEN
23607;CERVEZA SALTA 6*473CC IPA;ALMACEN
15480;CERVEZA SALTA 6*473CC ROJA;ALMACEN
15478;CERVEZA SALTA 6*473CC RUBIA;ALMACEN
14729;CERVEZA SCHNEIDER 1L LAGER RETORNABLE;ALMACEN
24395;CERVEZA SCHNEIDER 1L LAGER RETORNABLE;ALMACEN
07992;CERVEZA SCHNEIDER 473CC LAGER;ALMACEN
23242;CERVEZA SCHNEIDER 473CC LAGER ;ALMACEN
27533;CERVEZA SCHNEIDER 473CC REMIX LIMON;ALMACEN
08272;CERVEZA SCHNEIDER 6*473CC LAGER;ALMACEN
15114;CERVEZA SCHNEIDER 6*473CC LAGER;ALMACEN
23067;CERVEZA SCHNEIDER 6*473CC LAGER;ALMACEN
27534;CERVEZA SCHNEIDER 6*473CC REMIX LIMON;ALMACEN
16280;CERVEZA SCHNEIDER 6*710CC RUBIA  ;ALMACEN
10916;CERVEZA SCHNEIDER 710CC RUBIA ;ALMACEN
18327;CERVEZA STELLA 4*473CC+2 CHALICE;ALMACEN
3342;CERVEZA STELLA ARTOIS  6*269CC;ALMACEN
13476;CERVEZA STELLA ARTOIS 10*269CC;ALMACEN
16312;CERVEZA STELLA ARTOIS 10*269CC NOIRE;ALMACEN
13044;CERVEZA STELLA ARTOIS 269CC;ALMACEN
16315;CERVEZA STELLA ARTOIS 269CC NOIRE;ALMACEN
22762;CERVEZA STELLA ARTOIS 330 CC S/ALCOHOL;ALMACEN
15679;CERVEZA STELLA ARTOIS 330CC BOT.;ALMACEN
22592;CERVEZA STELLA ARTOIS 330CC PORRON;ALMACEN
27852;CERVEZA STELLA ARTOIS 330CC PURE GOLD;ALMACEN
16980;CERVEZA STELLA ARTOIS 330CC S/A ;ALMACEN
23742;CERVEZA STELLA ARTOIS 4*710CC LATA;ALMACEN
21953;CERVEZA STELLA ARTOIS 410CC;ALMACEN
21593;CERVEZA STELLA ARTOIS 410CC NOIRE ;ALMACEN
04386;CERVEZA STELLA ARTOIS 473CC;ALMACEN
16316;CERVEZA STELLA ARTOIS 473CC;ALMACEN
22991;CERVEZA STELLA ARTOIS 473CC;ALMACEN
20899;CERVEZA STELLA ARTOIS 473CC BLANCHE ;ALMACEN
05532;CERVEZA STELLA ARTOIS 473CC NOIRE;ALMACEN
17193;CERVEZA STELLA ARTOIS 473CC NOIRE ;ALMACEN
22425;CERVEZA STELLA ARTOIS 473CC S/ALCOHOL;ALMACEN
22763;CERVEZA STELLA ARTOIS 6*330 CC S/ALCOHOL;ALMACEN
15519;CERVEZA STELLA ARTOIS 6*330CC;ALMACEN
24045;CERVEZA STELLA ARTOIS 6*330CC BOT.;ALMACEN
27857;CERVEZA STELLA ARTOIS 6*330CC PURE GOLD;ALMACEN
16981;CERVEZA STELLA ARTOIS 6*330CC SIN/ALCOHOL;ALMACEN
21952;CERVEZA STELLA ARTOIS 6*410CC;ALMACEN
21592;CERVEZA STELLA ARTOIS 6*410CC NOIRE ;ALMACEN
04381;CERVEZA STELLA ARTOIS 6*473CC;ALMACEN
19424;CERVEZA STELLA ARTOIS 6*473CC;ALMACEN
16213;CERVEZA STELLA ARTOIS 6*473CC ;ALMACEN
22990;CERVEZA STELLA ARTOIS 6*473CC;ALMACEN
20789;CERVEZA STELLA ARTOIS 6*473CC BLANCHE ;ALMACEN
4664;CERVEZA STELLA ARTOIS 6*473CC NOIRE;ALMACEN
23778;CERVEZA STELLA ARTOIS 6*473CC S/ALCOHOL;ALMACEN
14713;CERVEZA STELLA ARTOIS 710CC BOT;ALMACEN
17403;CERVEZA STELLA ARTOIS 710CC BOT;ALMACEN
73741;CERVEZA STELLA ARTOIS 710CC LATA;ALMACEN
23063;CERVEZA STELLA ARTOIS 975CC ;ALMACEN
21069;CERVEZA STELLA ARTOIS 975CC BLANCHE ;ALMACEN
000122;CERVEZA STELLA ARTOIS 975ML;ALMACEN
04380;CERVEZA STELLA ARTOIS NOIRE 975CC;ALMACEN
16606;CERVEZA STELLA ARTOIS PROMO;ALMACEN
13660;CERVEZA STRAUS 355CC HONEY;ALMACEN
16166;CERVEZA STRAUS 355CC MILLET;ALMACEN
13658;CERVEZA STRAUS 355CC RED ALE;ALMACEN
16428;CERVEZA TEMPLE 3*473CC+VASO;ALMACEN
16092;CERVEZA TEMPLE COSMICA 473CC;ALMACEN
16091;CERVEZA TEMPLE COSMICA 6*473CC;ALMACEN
22040;CERVEZA TEMPLE GOLDEN 473CC;ALMACEN
22041;CERVEZA TEMPLE GOLDEN 6*473CC;ALMACEN
3989;CERVEZA TEMPLE HONEY 473CC;ALMACEN
4022;CERVEZA TEMPLE HONEY 6*473CC;ALMACEN
5031;CERVEZA TEMPLE SCOTTISH 473CC;ALMACEN
5030;CERVEZA TEMPLE SCOTTISH 6*473CC;ALMACEN
21491;CERVEZA TEMPLE WOLF 1L ;ALMACEN
3533;CERVEZA TEMPLE WOLF IPA 473CC;ALMACEN
3525;CERVEZA TEMPLE WOLF IPA 6*473CC ;ALMACEN
14005;CERVEZA WARSTEINER 1L RETORNABLE;ALMACEN
26576;CERVEZA WARSTEINER 330CC BOTELLA;ALMACEN
08499;CERVEZA WARSTEINER 473CC LATA;ALMACEN
13348;CERVEZA WARSTEINER 473CC LATA;ALMACEN
22176;CERVEZA WARSTEINER 473CC LATA ;ALMACEN
27730;CERVEZA WARSTEINER 473CC LATA LIMON;ALMACEN
08525;CERVEZA WARSTEINER 6*473CC LATA;ALMACEN
07108;CERVEZA WARSTEINER 6*473CC LATA;ALMACEN
13335;CERVEZA WARSTEINER 6*473CC LATA;ALMACEN
22212;CERVEZA WARSTEINER 6*473CC LATA ;ALMACEN
26587;CHAMP.BARON B 750CC EXTRA BRUT;ALMACEN
22723;CHAMP.CHANDON 375CC EXTRA BRUT;ALMACEN
22720;CHAMP.CHANDON 375CC ROSE;ALMACEN
14608;CHAMP.CHANDON 750CC APERITF ORANGE;ALMACEN
11964;CHAMP.CHANDON 750CC APERITIF;ALMACEN
14605;CHAMP.CHANDON 750CC BRUT NATURE;ALMACEN
22718;CHAMP.CHANDON 750CC BRUT ROSE;ALMACEN
22722;CHAMP.CHANDON 750CC CUVEE BRUT NAT;ALMACEN
14616;CHAMP.CHANDON 750CC DELICE;ALMACEN
14617;CHAMP.CHANDON 750CC DELICE;ALMACEN
05984;CHAMP.CHANDON 750CC DEMI SEC;ALMACEN
14609;CHAMP.CHANDON 750CC DEMI SEC;ALMACEN
05983;CHAMP.CHANDON 750CC EXTRA BRUT;ALMACEN
14606;CHAMP.CHANDON 750CC EXTRA BRUT;ALMACEN
15921;CHAMP.CHANDON 750CC ROSE;ALMACEN
900083;CHAMPIGNON BAHIA 400G ENTERO;ALMACEN
15205;CHAMPIGNON BAHIA 800G ENTERO;ALMACEN
26172;CHAMPIGNON CUMANA 284G ENTERO;ALMACEN
26173;CHAMPIGNON CUMANA 284G LAMINADO;ALMACEN
00732;CHAMPIGNON LA BANDEJA;VERDULERIA
14980;CHAMPIGNONES BAHIA 184G ENTEROS;ALMACEN
19690;CHAMPIGNONES BAHIA 400G TROZOS;ALMACEN
21066;CHAMPIGNONES COINCO 400G ENTEROS;ALMACEN
19198;CHAMPIGNONES GENTLEMAN 180G ENTEROS;ALMACEN
24611;CHAMPIÑONES COINCO 400G TROZOS;ALMACEN
25268;CHAMPIÑONES CUMANA 400G LAMINADO;ALMACEN
24565;CHAUCHA GREEN LIFE 350G ;VERDULERIA
00729;CHAUCHA ROLLIZA;VERDULERIA
00728;CHAUCHAS ANCHAS  EL KG.;VERDULERIA
00787;CHAUCHAS OFERTA EL KG;VERDULERIA
01146;CHEESECAKE ;PANADERIA
25353;CHEETOS 23G ORIGINAL ;ALMACEN
24174;CHEETOS QUESO 140G ;ALMACEN
23175;CHEETOS QUESO 229G ;ALMACEN
21556;CHEETOS QUESO 43G ;ALMACEN
23393;CHEETOS QUESO 43G ONDULADOS;ALMACEN
23116;CHEETOS QUESO 85G ;ALMACEN
27498;CHEETOS QUESOS 80G ONDULADOS KETCHUP;ALMACEN
24435;CHEETOS QUESOS 85G ;ALMACEN
CH.P.VENC;Cheques Propios Vencidos;ALMACEN
15542;CHICLE BELDENT INFINIT 14U BLUEBERRY;ALMACEN
16118;CHICLE BELDENT INFINIT 14U CITRUS;ALMACEN
14827;CHICLE BELDENT INFINIT 14U MENTA;ALMACEN
14828;CHICLE BELDENT INFINIT 14U SPEARMINT;ALMACEN
20730;CHICLE BELDENT INFINIT 7U ;ALMACEN
23103;CHICLE BELDENT POTE EXTRA MENTA 54G;ALMACEN
23101;CHICLE BELDENT POTE FRUTILLA/LIMA 54G;ALMACEN
20176;CHICLE TOP LINE 6.7G FRUTA;ALMACEN
20174;CHICLE TOP LINE 6.7G MENTA;ALMACEN
20175;CHICLE TOP LINE 6.7G STRONG;ALMACEN
26129;CHICLE TOPLINE 12U ULTRA CITRUS/BLUEBERRY;ALMACEN
10601;CHICLE TOPLINE ULTRA CLEAN MINT12U;ALMACEN
09975;CHICLE TOPLINE ULTRA GREEN MINT12U;ALMACEN
10600;CHICLE TOPLINE ULTRA REDBERRY12U;ALMACEN
01756;CHIMICHURRI 50G ALICANTE;ALMACEN
16226;CHIMICHURRI ALICANTE 25G SIN TACC;ALMACEN
16737;CHIMICHURRI ALICANTE 50G S/T;ALMACEN
06391;CHIMICHURRI BENIDORM 500CC;ALMACEN
07086;CHIMICHURRI CALLIERI  25G;ALMACEN
07092;CHIMICHURRI CALLIERI  50G;ALMACEN
07001;CHIMICHURRI CALLIERI 250G LIQ.;ALMACEN
17287;CHIMICHURRI CALLIERI 80G PATAGONICO;ALMACEN
12608;CHIMICHURRI CAMPAG. 23G;ALMACEN
22559;CHIMICHURRI CASALTA 300G;ALMACEN
25537;CHIMICHURRI CASALTA 300G AHUMADO;ALMACEN
08033;CHIMICHURRI DOS ANCLAS 380G;ALMACEN
21525;CHIMICHURRI VANOLI 190CC AHUMADO;ALMACEN
24998;CHIMICHURRI VANOLI 190G PET ;ALMACEN
21531;CHIMICHURRI VANOLI 190G PICANTE PET;ALMACEN
11094;CHIMICHURRI VANOLI 350G AHUMAD;ALMACEN
11093;CHIMICHURRI VANOLI 350G CLASIC;ALMACEN
00257;CHINCHULINES;CARNICERIA
00815;CHINCHULINES DE CHIVITO X KILO;CARNICERIA
15166;CHIP BANANA  GENNARI 100G;VERDULERIA
00740;CHIPA PREMIUM;PANADERIA
01059;CHIPA X KILO;PANADERIA
00147;CHIQUIZUELA EL KILO;CARNICERIA
00948;CHIVITO CAPRIOLO ENTERO;CARNICERIA
00206;CHIVITO CAPRIOLO MITAD;CARNICERIA
00938;CHIVITO CONGELADO ENV. AL VACÍO;CARNICERIA
00174;CHIVITO EMBALADO;CARNICERIA
00120;CHIVITO OFERTA;CARNICERIA
17505;CHOC.CADBURY 162G INTENSE 50%CACAO;ALMACEN
17239;CHOC.CADBURY 162G YOGHURT FRUTILLA ;ALMACEN
03199;CHOC.CADBURY 82G YOGHURT FRUTILLA;ALMACEN
17631;CHOC.COFLER BLOCK 38G BLANCO;ALMACEN
09415;CHOC.COFLER BLOCK 38G ORIG.;ALMACEN
01611;CHOC.GEORGALOS 70G ALMEND S/AZUCAR;ALMACEN
03126;CHOC.GEORGALOS 70G BLANCO.S/AZUCAR;ALMACEN
03117;CHOC.GEORGALOS 70G LECHE S/AZUCAR;ALMACEN
25505;CHOCLO ARCOR 300G GRANO AMARILLO;ALMACEN
06212;CHOCLO ARCOR CREM.AMARIL.300G;ALMACEN
02873;CHOCLO ARCOR GRANO AMARIL.300G;ALMACEN
18493;CHOCLO ARCOR GRANO AMARILLO 300G;ALMACEN
17314;CHOCLO BAHIA 280G AMAR.GRANO;ALMACEN
24137;CHOCLO BAHIA 300G AMARILLO CREMOSO ;ALMACEN
20254;CHOCLO CAMPAG.300G GRANO ENTERO;ALMACEN
02976;CHOCLO CAMPAG.CREM.AMARIL.300G;ALMACEN
05582;CHOCLO CAMPAG.GRANO AMARIL.300;ALMACEN
19483;CHOCLO ENT.ARCOR 300G S/SAL;ALMACEN
03509;CHOCLO GRANJA SOL 300G GRANO;ALMACEN
14118;CHOCLO GREEN LIFE 300G;VERDULERIA
24771;CHOCLO GREEN LIFE 350G ;VERDULERIA
17748;CHOCLO INALPA 300G AMARILLO CREMOSO;ALMACEN
17741;CHOCLO INALPA 300G AMARILLO GRANO;ALMACEN
17740;CHOCLO INALPA 300G BLANCO CREMOSO;ALMACEN
06588;CHOCLO INALPA 350G AMARILLO GRANO;ALMACEN
00405;CHOCLO OFERTA;VERDULERIA
00718;CHOCLO OFERTA X 3 UNIDADES;VERDULERIA
00084;CHOCLO POR UNIDAD;VERDULERIA
20671;CHOCLO VIDA 300G AMARILLO CREMOSO;ALMACEN
21297;CHOCLO VIDA 300G AMARILLO GRANO;ALMACEN
27997;CHOCO BISCUIT BAUDUCCO 80G ;ALMACEN
22460;CHOCO CRISP ARCOR 32;ALMACEN
24318;CHOCOBAR ARROZ GALLO 20G ;ALMACEN
24340;CHOCOL.AGUILA 100G 60% CACAO C/NARANJA ;ALMACEN
27983;CHOCOL.AGUILA 70G 60% E/F AMARGO C/NAR.;ALMACEN
03159;CHOCOL.CADBURY 72G ALMENDRAS;ALMACEN
17508;CHOCOL.CADBURY 82G ALMENDRAS ;ALMACEN
17243;CHOCOL.CADBURY 82G TRES SUEÑOS ;ALMACEN
17244;CHOCOL.CADBURY 82G YOGHURT FRUTILLA;ALMACEN
22159;CHOCOL.CHOCOLATORY 90G 76% AMARGO ;ALMACEN
26195;CHOCOL.CHOCOLATORY 90G 84% AMARGO;ALMACEN
24341;CHOCOL.COFLER 100G 60% CACAO C/NARANJA;ALMACEN
27706;CHOCOL.COFLER 100G ALMENDRAS 60% CACAO;ALMACEN
25504;CHOCOL.COFLER 100G BOTONES 50%CACAO;ALMACEN
17272;CHOCOL.COLONIAL 100G CACAO 70% C/STEVIA;ALMACEN
27944;CHOCOL.COLONIAL 100G DIETETICO ;ALMACEN
26372;CHOCOL.MILKA 100G COOKIES;ALMACEN
06404;CHOCOL.MILKA 100G OREO;ALMACEN
26478;CHOCOL.MILKA 100G RASPBERRY CREME;ALMACEN
06406;CHOCOL.MILKA 135G D.LECHE;ALMACEN
11907;CHOCOL.MILKA 150G LECHE;ALMACEN
03665;CHOCOL.MILKA 155G ALMENDRAS;ALMACEN
05609;CHOCOL.MILKA 155G CAST.C/CARAM;ALMACEN
03668;CHOCOL.MILKA 155G OREO BCO.;ALMACEN
26479;CHOCOL.MILKA 250G BUBBLY CARAMEL;ALMACEN
26717;CHOCOL.MILKA 25G COMBINADO;ALMACEN
21720;CHOCOL.MILKA 270G MMMAX WHOLE NUTS;ALMACEN
26371;CHOCOL.MILKA 300G ALMOND CARAMEL;ALMACEN
02541;CHOCOL.MILKA 300G MMMAX  BISCUIT ;ALMACEN
24618;CHOCOL.MILKA 300G MMMAX CAR.Y AVELLANAS ;ALMACEN
2539;CHOCOL.MILKA 300G MMMAX OREO;ALMACEN
24423;CHOCOL.MILKA 300G STRAWB.CHEESECAKE ;ALMACEN
26716;CHOCOL.MILKA 37G OREO;ALMACEN
09777;CHOCOL.MILKA 55G ALMENDRAS;ALMACEN
02526;CHOCOL.MILKA 55G BLANCO;ALMACEN
05601;CHOCOL.MILKA 55G CASTAÑA CARAMELO;ALMACEN
03154;CHOCOL.MILKA 55G LECHE;ALMACEN
27731;CHOCOL.MILKA 55G LECHE;ALMACEN
03160;CHOCOL.MILKA 55G OREO BLANCO;ALMACEN
04329;CHOCOL.MILKA 68G DULCE LECHE;ALMACEN
04598;CHOCOL.MILKA 68G DULCE LECHE;ALMACEN
19301;CHOCOL.MILKA 90G TRIPLE CARAMEL;ALMACEN
19300;CHOCOL.MILKA 90G TRIPLE COCOA ;ALMACEN
26373;CHOCOL.MILKA 95G GANZE HASELNUSSE;ALMACEN
11096;CHOCOL.MILKA LEGER 110G ALMENDRAS;ALMACEN
17507;CHOCOL.MILKA LEGER 110G ALMENDRAS;ALMACEN
11098;CHOCOL.MILKA LEGER 110G COMBINADO;ALMACEN
17506;CHOCOL.MILKA LEGER 110G COMBINADO;ALMACEN
11097;CHOCOL.MILKA LEGER 110G LECHE;ALMACEN
18913;CHOCOL.MILKA LEGER 110G LECHE;ALMACEN
17228;CHOCOL.MILKA LEGER 50G ALMENDRAS ;ALMACEN
17229;CHOCOL.MILKA LEGER 50G COMBINADO;ALMACEN
17230;CHOCOL.MILKA LEGER 50G LECHE ;ALMACEN
15696;CHOCOL.ORG.COLONIAL 100G 60%CACAO;ALMACEN
15695;CHOCOL.ORG.COLONIAL 100G 70%CACAO;ALMACEN
15694;CHOCOL.ORG.COLONIAL 100G 80%CACAO;ALMACEN
2484;CHOCOL.TOBLERONE 100G LECHE;ALMACEN
09172;CHOCOLATE AGUILA 100G BLANCO TAZA;ALMACEN
05458;CHOCOLATE AGUILA 100G TAZA;ALMACEN
000227;CHOCOLATE AGUILA 150G 60% AMARGO;ALMACEN
19289;CHOCOLATE AGUILA 150G 70%  AMA;ALMACEN
24339;CHOCOLATE AGUILA 150G 80% CACAO ;ALMACEN
000225;CHOCOLATE AGUILA 150G TAZA;ALMACEN
27832;CHOCOLATE AGUILA 70G 80% CACAO;ALMACEN
10751;CHOCOLATE ARCOR  25G 50% CACAO;ALMACEN
05513;CHOCOLATE ARCOR  25G BLANCO;ALMACEN
05446;CHOCOLATE ARCOR  25G LECHE;ALMACEN
11118;CHOCOLATE ARCOR  25G MANI LECH;ALMACEN
10982;CHOCOLATE ARCOR 100G BLANCO/MA;ALMACEN
24579;CHOCOLATE ARCOR 100G P/TAZA;ALMACEN
26708;CHOCOLATE ARCOR 80G BLANCO/MANI;ALMACEN
26707;CHOCOLATE ARCOR 80G CACAO 50%;ALMACEN
26704;CHOCOLATE ARCOR 80G CHOCOL.CRISPY;ALMACEN
26706;CHOCOLATE ARCOR 80G DUO;ALMACEN
26709;CHOCOLATE ARCOR 80G LECHE/MANI;ALMACEN
19617;CHOCOLATE ARCOR 95G BLANCO/MANI;ALMACEN
15875;CHOCOLATE ARCOR 95G DUO ;ALMACEN
17509;CHOCOLATE ARCOR 95G LECHE MANI ;ALMACEN
28055;CHOCOLATE ARCOR 96G LECHE/MANI;ALMACEN
19377;CHOCOLATE ARCOR CACAO 50% 95G;ALMACEN
25154;CHOCOLATE COFLER  35G AVELLANA RELL;ALMACEN
09791;CHOCOLATE COFLER  55G ALMENDRA;ALMACEN
09707;CHOCOLATE COFLER  55G CHOCOLIN;ALMACEN
05970;CHOCOLATE COFLER  55G LECHE;ALMACEN
09796;CHOCOLATE COFLER  55G ROCKLETS;ALMACEN
05971;CHOCOLATE COFLER  55G TRES PLA;ALMACEN
11124;CHOCOLATE COFLER  64G YOGHURT;ALMACEN
08887;CHOCOLATE COFLER  67G BON O BON;ALMACEN
07944;CHOCOLATE COFLER  70G TOFI;ALMACEN
24317;CHOCOLATE COFLER 100G CACAO 60%;ALMACEN
06755;CHOCOLATE COFLER 140G ALM.ENTERAS;ALMACEN
26319;CHOCOLATE COFLER 140G AVELLANAS;ALMACEN
05529;CHOCOLATE COFLER 140G BLANCO C/CHOCOLINAS;ALMACEN
06751;CHOCOLATE COFLER 140G C/LECHE;ALMACEN
24765;CHOCOLATE COFLER 140G ROCKLETS ;ALMACEN
25994;CHOCOLATE COFLER 27G AIR LECHE;ALMACEN
13120;CHOCOLATE COFLER 35G YOG.FRUTI  ;ALMACEN
26244;CHOCOLATE COFLER 40G COCO;ALMACEN
26944;CHOCOLATE COFLER 45G DUBAI;ALMACEN
03854;CHOCOLATE COFLER AIR  55G BLANCO ;ALMACEN
03836;CHOCOLATE COFLER AIR 100G ALME;ALMACEN
01329;CHOCOLATE COFLER AIR 100G BLAN;ALMACEN
01294;CHOCOLATE COFLER AIR 100G LECH;ALMACEN
09715;CHOCOLATE COFLER AIR 100G MIXT;ALMACEN
09799;CHOCOLATE COFLER AIR 55G ALMEN;ALMACEN
09790;CHOCOLATE COFLER AIR 55G BCO/LECHE;ALMACEN
000118;CHOCOLATE COFLER AIR 55G LECHE;ALMACEN
19385;CHOCOLATE COFLER AIR BLANCO 27G;ALMACEN
19976;CHOCOLATE COFLER BLOCK 100G MAX LECHE ;ALMACEN
05944;CHOCOLATE COFLER BLOCK 110G;ALMACEN
05946;CHOCOLATE COFLER BLOCK 170G;ALMACEN
14929;CHOCOLATE COFLER BLOCK 170G MITI/MITI;ALMACEN
09835;CHOCOLATE COFLER BLOCK 1KG;ALMACEN
08104;CHOCOLATE COFLER BLOCK 300G;ALMACEN
26104;CHOCOLATE COFLER BLOCK 45G;ALMACEN
02732;CHOCOLATE DOS CORAZONES;ALMACEN
13718;CHOCOLATE FULL MANI 100G ;ALMACEN
27959;CHOCOLATE FULL MANI 110G;ALMACEN
27791;CHOCOLATE FULL MANI 150GR;ALMACEN
02708;CHOCOLATE FULL MANI 160G ;ALMACEN
27790;CHOCOLATE FULL MANI 90GR RELLENO;ALMACEN
18143;CHOCOLATE GODET 100G P/TAZA;ALMACEN
03064;CHOCOLATE HAMLET  40G BICOLOR;ALMACEN
03057;CHOCOLATE HAMLET  45G ALMENDRA;ALMACEN
03114;CHOCOLATE HAMLET  45G BLANCO COCKIES;ALMACEN
03153;CHOCOLATE HAMLET  45G CHOCOLATE;ALMACEN
03198;CHOCOLATE HAMLET  45G YOGHURT;ALMACEN
03150;CHOCOLATE HAMLET 45G LECHE COCKIES;ALMACEN
24349;CHOCOLATE OREO BROWNIE 100G;ALMACEN
23550;CHOCOLATE ORQUIDEA 100G CONFITADO;ALMACEN
03662;CHOCOLATE SHOT  90G;ALMACEN
02176;CHOCOLATE SHOT 170G;ALMACEN
15541;CHOCOLATE SHOT 35G ;ALMACEN
24350;CHOCOLATE SHOT 35G BLANCO;ALMACEN
10598;CHOCOLITOS AGUILA 150G BLANCO;ALMACEN
02341;CHOCOLITOS AGUILA 150G SEMI AM;ALMACEN
17232;CHOCOPAUSE MILKA 45G;ALMACEN
17233;CHOCOPAUSE MILKA 45G OREO ;ALMACEN
01533;CHOMP ALMENDRAS 335G;ALMACEN
19704;CHOMP CHOCOLATE C/ DULCE LECHE 180G;ALMACEN
01532;CHOMP CREMA TOFFEE 160G;ALMACEN
15190;CHOMP CREMA TOFFEE 180G D.LECHE;ALMACEN
01534;CHOMP DULCE LECHE 180G;ALMACEN
19702;CHOMP FRAMBUESA 180G;ALMACEN
16542;CHOMP FRIGOR 180G DULCE LECHE ;ALMACEN
18646;CHOPP BRISTOL NADIR 340ML ;ALMACEN
24017;CHOPP ESCUDO 380CC;ALMACEN
04410;CHOPP PRAGA 360CC;ALMACEN
00299;CHORIZO BIERZO CANDELARIO;FIAMBRERIA
00452;CHORIZO CANDELARIO 214;FIAMBRERIA
00901;CHORIZO CAPRIOLO CASERO;CARNICERIA
00204;CHORIZO CAPRIOLO COMUN;CARNICERIA
00277;CHORIZO CAPRIOLO ESPECIAL;CARNICERIA
00125;CHORIZO CERDO C.AUSTRAL EL KG;CARNICERIA
00946;CHORIZO COLORADO XKG;FIAMBRERIA
00071;CHORIZO PALADINI CERDO;CARNICERIA
00168;CHORIZO PICANTE EL KILO;CARNICERIA
00404;CHORIZO SECO EL GALLEGO X KG;FIAMBRERIA
16065;CHUCRUT MARVAVIC 330G PREMIUM;FIAMBRERIA
20945;CHUPETIN BABY DOLL 24G;ALMACEN
25410;CHUPETIN BABY DOLL 24G ACIDO POWER;ALMACEN
20933;CHUPETIN BABY DOLL ESTUCHE ;ALMACEN
26309;CHUPETIN LHERITIER CHUPETONCITO;ALMACEN
24839;CHUPETIN MR POPS 384G HALLOWEEN BLOODYPOPS BERRIES;ALMACEN
25045;CHUPETIN MR POPS4 432G EXTREME DUO ;ALMACEN
3747;CHUPETIN MR.POPS 432G EVOL.;ALMACEN
03337;CHUPETIN MR.POPS 550G TROMP.;ALMACEN
21585;CHUPETIN PICO DULCE *5U;ALMACEN
15629;CHUPETINES FLYNN PAFF 432G TFRUTTI;ALMACEN
24428;CHUPETINES LHERITIER 384G BOLA LOCA ;ALMACEN
24429;CHUPETINES LHERITIER 384G BOLA LOCA ;ALMACEN
13548;CHUPETINES LHERITIER 432G BOCA;ALMACEN
13549;CHUPETINES LHERITIER 432G RIVER;ALMACEN
01489;CHUPETINES MR.POPS 432G EV.CEREZA ;ALMACEN
01488;CHUPETINES MR.POPS 432G EVOLUTION;ALMACEN
01492;CHUPETINES MR.POPS 432G EXTREME;ALMACEN
11655;CHUPETINES MR.POPS 625G FRUTAL;ALMACEN
00751;CIBOULETTE;VERDULERIA
06823;CILANTRO EL ATADO;VERDULERIA
22440;CINTA ADELBRAS ADHESIVA 12X50 MTS;ALMACEN
25098;CINTA ADHESIVA IMPRESA 24MM X 50 MTS;ALMACEN
26262;CINTA CREPE SIFAP CLASICO *4 ROLLOS;ALMACEN
27662;CINTA CREPE SIFAP FLUO *4 ROLLOS;ALMACEN
20444;CINTA MOÑO KATANA COLORES VS X10;ALMACEN
26912;CINTURON DE SEGURIDAD P/AUTO;ALMACEN
1843;CINZANO 1L ROSSO;ALMACEN
19962;CINZANO 450CC BIANCO AMERICANO;ALMACEN
000098;CINZANO 450CC ROSSO;ALMACEN
00736;CIRUELA CON CAROZO SUELTA;VERDULERIA
24655;CIRUELA GENNARI 500G DESC.PRESIDENTE ;VERDULERIA
00873;CIRUELA NEGRA;VERDULERIA
00005;CIRUELA SIN CAROZO SUELTA;VERDULERIA
25766;CIRUELAS DESH. FRUIT LIFE 250G S/CAROZO;VERDULERIA
03279;CIRUELAS FLOR 250G BOMBON STANLEY;VERDULERIA
03270;CIRUELAS FLOR 500G CON CAROZO DAGEN;VERDULERIA
03269;CIRUELAS FLOR 500G DESCAROZADAS PRESIDENTE;VERDULERIA
4567;CLAVO DE OLOR A&S 10G MOLIDO;ALMACEN
22243;CLERICO FIZZ RAMA CAIDA 6*710CC;ALMACEN
07724;CLERICO FIZZ RAMA CAIDA 710CC;ALMACEN
21988;COBERT.P/PIZZA VANOLI 150GR ROD.ACEIT.MORR.;ALMACEN
16158;COC.EN BOLSA ALICANTE 27G BARBACOA ST;ALMACEN
15933;COC.EN BOLSA ALICANTE 30G ALB/AJO ST;ALMACEN
16376;COC.EN BOLSA ALICANTE 30G CRIOLLA ST;ALMACEN
15721;COC.EN BOLSA ALICANTE 30G F.HIERBAS ST;ALMACEN
16302;COC.EN BOLSA ALICANTE 30G MOSTAZA ST;ALMACEN
15903;COC.EN BOLSA ALICANTE 30G PIMENTON ST;ALMACEN
24736;COCA COLA 473CC ZERO LATA OREO;ALMACEN
22735;COCA COLA 473CC ZERO MUNDIAL;ALMACEN
13784;COCA COLA 6*220CC LATA MINI;ALMACEN
000130;COCA COLA BOTELLA 237CC ORIGINAL;ALMACEN
000131;COCA COLA BOTELLA 237CC ZERO;ALMACEN
15207;COCA COLA LATA 220CC CAFE ;ALMACEN
19403;COCA COLA LATA 220CC ORIGINAL;ALMACEN
11685;COCA COLA LATA 220CC SIN AZUCAR;ALMACEN
02555;COCA COLA LATA 310CC 1U;ALMACEN
11917;COCA COLA LATA 310CC SIN AZUCAR;ALMACEN
02262;COCA COLA LATA 354CC 1U SIN AZUCAR;ALMACEN
02553;COCA COLA LATA 354CC ORIGINAL;ALMACEN
05939;COCA COLA PET  500CC ORIGINAL;ALMACEN
09144;COCA COLA PET  500CC SIN AZUCAR;ALMACEN
04186;COCA COLA PET 1.0LT ORIGINAL;ALMACEN
12030;COCA COLA PET 1.0LT SIN AZUCAR;ALMACEN
04151;COCA COLA PET 1.50L LIGHT;ALMACEN
03370;COCA COLA PET 1.50L ORIGINAL;ALMACEN
06998;COCA COLA PET 1.50L SIN AZUCAR;ALMACEN
09517;COCA COLA PET 2.25L LIGHT;ALMACEN
06301;COCA COLA PET 2.25L ORIGINAL;ALMACEN
02213;COCA COLA PET 2.25L SIN AZUCAR;ALMACEN
05911;COCA COLA PET 3.00L ORIGINAL;ALMACEN
04432;COCA COLA PET 500CC LIGHT;ALMACEN
07859;COCA COLA RETORNABLE 2.0L LIGHT;ALMACEN
04764;COCA COLA RETORNABLE 2.0L ORIGINAL;ALMACEN
08341;COCA COLA RETORNABLE 2.0L SIN AZUCAR;ALMACEN
01345;COCA COLA RETORNABLE 2.5L ORIGINAL;ALMACEN
000094;COCA COLA VIDRIO 1.25L ORIGINAL;ALMACEN
00294;COCHINILLO X UNIDAD;CARNICERIA
18789;COCO GENNARI 150G ESCAMAS POTE;VERDULERIA
26601;COCO GENNARI 200G RALLADO ;VERDULERIA
16439;COCO RALLADO ALICANTE 50G S/T;ALMACEN
05992;COCO RALLADO CALLIERI 50G;ALMACEN
27446;COCO RALLADO CALLIERI 800G;ALMACEN
00368;COCO X UNIDAD;VERDULERIA
18880;COCTEL 4 FRUTAS LA COLINA 820G ;ALMACEN
26369;COCTEL 4 FRUTAS LA COLINA 820G;ALMACEN
23850;COCTEL ALCO 820GR 4 FRUTAS;ALMACEN
18922;COCTEL CANALE 800G 5 FRUTAS LIGHT ;ALMACEN
18921;COCTEL CANALE 850GR 5 FRUTAS ;ALMACEN
28042;COCTEL COPA DE ORO 485G 4 FRUTAS ;ALMACEN
27240;COCTEL CUMANA 820GR 5 FRUTAS ;ALMACEN
25822;COCTEL GENTLEMAN 800G BAJAS CALORIAS;ALMACEN
27115;COCTEL GENTLEMAN 820G 4 FRUTAS;ALMACEN
27192;COCTEL GENTLEMAN 820G 4 FRUTAS;ALMACEN
00398;CODILLO EL KILO;CARNICERIA
06991;COFFEE CREAM CABRALES 36U;ALMACEN
02724;COGNAC OTARD DUPUY 750CC;ALMACEN
02806;COGNAC RESERVA SAN JUAN 750CC;ALMACEN
27831;COLADOR CHINO 18CM CONICO ACERO;ALMACEN
17929;COLADOR ESCURRIDOR 24*9CM;ALMACEN
05229;COLADOR LOEKEMEYER  8CM METAL;ALMACEN
06516;COLADOR LOEKEMEYER 10CM METAL;ALMACEN
15491;COLADOR LOEKEMEYER 10CM METAL;ALMACEN
27738;COLADOR LOEKEMEYER 16CM METAL;ALMACEN
05669;COLADOR PLASTICO ACERO N 8 VER;ALMACEN
06665;COLADOR PLASTICO N10 MAKE;ALMACEN
25114;COLADOR PORTEÑA N10;ALMACEN
26697;COLAPASTA 24CM C/ASAS ACERO;ALMACEN
07186;COLAPASTA REAL N 24;ALMACEN
00733;COLIFLOR EL KG.;VERDULERIA
00292;COLITA DE CUADRIL;CARNICERIA
00585;COLITA DE CUADRIL ENV. AL VACIO;CARNICERIA
26906;COLLAR NYLON 35CM;ALMACEN
26905;COLLAR NYLON 45CM;ALMACEN
26904;COLLAR NYLON 60CM;ALMACEN
13232;COLONIA ALGABO 500CC AMBRE;ALMACEN
13233;COLONIA ALGABO 500CC INGLESA;ALMACEN
13155;COLONIA ALGABO 500CC LAVANDA;ALMACEN
26663;COLONIA ALGABO 750CC INGLESA;ALMACEN
03395;COLONIA COQUETERIAS 40CC FLOWE;ALMACEN
03530;COLONIA COQUETERIAS 80ML;ALMACEN
03531;COLONIA COQUETERIAS 80ML FLOWE;ALMACEN
03539;COLONIA MUJERCITAS 80ML;ALMACEN
26664;COLONIA PACO 60CC FUTBOL;ALMACEN
03600;COLONIA PACO 60CC TRADICIONAL;ALMACEN
05938;COLONIA PACO 90CC;ALMACEN
04495;COLONIA PIBES 80CC;ALMACEN
13466;COLORACION GARNIER 1.0 NEGRO INTEN;ALMACEN
13469;COLORACION GARNIER 11.1 RUBIO CENIZA;ALMACEN
25788;COLORACION GARNIER 2.0 NEGRO;ALMACEN
14709;COLORACION GARNIER 3.0 CASTAÑO OSCURO;ALMACEN
13465;COLORACION GARNIER 4.0 CASTAÑO;ALMACEN
25791;COLORACION GARNIER 4.15 CASTAÑO CENIZO CAOBA;ALMACEN
25790;COLORACION GARNIER 4.6 CASTAÑO ROJIZO;ALMACEN
13461;COLORACION GARNIER 5.0 CASTAÑO CLARO;ALMACEN
13462;COLORACION GARNIER 5.3 CASTAÑO DORADO;ALMACEN
13458;COLORACION GARNIER 6.0 RUBIO OSCURO;ALMACEN
14708;COLORACION GARNIER 6.1 RUBIO DORADO;ALMACEN
25789;COLORACION GARNIER 6.46 ROJO COBRIZO;ALMACEN
13463;COLORACION GARNIER 6.6 ROJO INTENSO;ALMACEN
13459;COLORACION GARNIER 6.7 CHOCOLATE;ALMACEN
25792;COLORACION GARNIER 6.75 CHOCOLATE CAOBA;ALMACEN
13464;COLORACION GARNIER 7.0 RUBIO;ALMACEN
14626;COLORACION GARNIER 7.1 RUBIO CENIZO;ALMACEN
06797;COLORACION GARNIER 7.3 RUBIO DORADO;ALMACEN
13467;COLORACION GARNIER 8.0 RUBIO CLARO;ALMACEN
14625;COLORACION GARNIER 8.1 RUBIO CLARO;ALMACEN
14624;COLORACION GARNIER 8.3 RUBIO CLARO DORADO;ALMACEN
14707;COLORACION GARNIER 9.0 RUBIO CLARO;ALMACEN
26460;COLORACION LOREAL 2U NEGRO PROFUNDO;ALMACEN
24164;COLORACION NUTRISSE KIT 10 EBANO NEGRO;ALMACEN
21885;COLORACION NUTRISSE KIT 121 AZAHAR RUB.CLA.CENI;ALMACEN
24475;COLORACION NUTRISSE KIT 121 AZAHAR RUBIO CENI.;ALMACEN
25900;COLORACION NUTRISSE KIT 20 GROSELLA NEGRA;ALMACEN
24171;COLORACION NUTRISSE KIT 20 NEGRO ULTRA PROFUNDO;ALMACEN
25899;COLORACION NUTRISSE KIT 28 ARANDANO;ALMACEN
25910;COLORACION NUTRISSE KIT 30 ESPRESSO;ALMACEN
25914;COLORACION NUTRISSE KIT 40 MOCA;ALMACEN
25902;COLORACION NUTRISSE KIT 45 TAMARINDO;ALMACEN
24168;COLORACION NUTRISSE KIT 46 GRANADA CAST.ROJIZO;ALMACEN
25908;COLORACION NUTRISSE KIT 53 NUEZ;ALMACEN
21874;COLORACION NUTRISSE KIT 55 AVELLANA;ALMACEN
25903;COLORACION NUTRISSE KIT 55 AVELLANA;ALMACEN
25909;COLORACION NUTRISSE KIT 61 CENTENO;ALMACEN
25906;COLORACION NUTRISSE KIT 63 CARAMELO DORADO;ALMACEN
25911;COLORACION NUTRISSE KIT 67P CHOCOLATE INTENSO;ALMACEN
25901;COLORACION NUTRISSE KIT 70 ALMENDRA;ALMACEN
24179;COLORACION NUTRISSE KIT 70U RUBIO PROFUNDO;ALMACEN
25912;COLORACION NUTRISSE KIT 71 VAINILLA;ALMACEN
22520;COLORACION NUTRISSE KIT 73 MIEL;ALMACEN
24170;COLORACION NUTRISSE KIT 73 MIEL RUBIO DORADO;ALMACEN
21880;COLORACION NUTRISSE KIT 734 MARGARITA;ALMACEN
24172;COLORACION NUTRISSE KIT 734 MARGARITA RUBIO DORADO;ALMACEN
24167;COLORACION NUTRISSE KIT 80 RUBIO ULTRA CLARO PROFUNDO;ALMACEN
21876;COLORACION NUTRISSE KIT 81 AVENA;ALMACEN
24178;COLORACION NUTRISSE KIT 81 AVENA RUBIO CLARO CENIZA;ALMACEN
25905;COLORACION NUTRISSE KIT 83 MIEL DE NECTAR;ALMACEN
21879;COLORACION NUTRISSE KIT 83 ORO;ALMACEN
25913;COLORACION NUTRISSE KIT 90 TRIGO;ALMACEN
24165;COLORACION NUTRISSE KIT 91 JAZMIN RUBIO CLARO;ALMACEN
21883;COLORACION NUTRISSE KIT 93 MARGARITA;ALMACEN
25907;COLORACION NUTRISSE KIT 93 MARGARITA;ALMACEN
10064;COLORACION NUTRISSE.COBERT.80;ALMACEN
000652;COLORACION ROUBAIX 1 NEGRO;ALMACEN
03924;COLORACION ROUBAIX 1/10 NEGRO AZULA;ALMACEN
09030;COLORACION ROUBAIX 10 ACLARATANTE;ALMACEN
03543;COLORACION ROUBAIX 10/1 PLATINO;ALMACEN
04946;COLORACION ROUBAIX 10/3 RUBIO ESPIG;ALMACEN
14749;COLORACION ROUBAIX 11 GRIS ACERO;ALMACEN
06798;COLORACION ROUBAIX 12 GRIS PLATA;ALMACEN
05259;COLORACION ROUBAIX 3 CAST.OSCURO;ALMACEN
05251;COLORACION ROUBAIX 4 CASTANO;ALMACEN
09151;COLORACION ROUBAIX 4/1 CAST.CENIZA;ALMACEN
08054;COLORACION ROUBAIX 4/42 CHOCOL.OSCU;ALMACEN
07054;COLORACION ROUBAIX 4/6 CAOBA OSCUR;ALMACEN
08937;COLORACION ROUBAIX 4/66 ROJO PROFUN;ALMACEN
06524;COLORACION ROUBAIX 5 CAST.CLARO;ALMACEN
05258;COLORACION ROUBAIX 5/1 CAST.CL.CEN;ALMACEN
09025;COLORACION ROUBAIX 5/20 BORGONA;ALMACEN
06235;COLORACION ROUBAIX 5/3 CAST.CL.DOR;ALMACEN
05880;COLORACION ROUBAIX 5/4 CAST.CL.TAB;ALMACEN
08938;COLORACION ROUBAIX 5/42 CHOCOLATE;ALMACEN
09026;COLORACION ROUBAIX 5/6 CAOBA;ALMACEN
09955;COLORACION ROUBAIX 5/8 COBRE;ALMACEN
09029;COLORACION ROUBAIX 6 RUBIO OSCUR;ALMACEN
08013;COLORACION ROUBAIX 6/1 RUBIO OSC.C;ALMACEN
09956;COLORACION ROUBAIX 6/23 RUBIO OSCUR;ALMACEN
09028;COLORACION ROUBAIX 6/42 CHOC.CLARO;ALMACEN
02903;COLORACION ROUBAIX 6/52 CIRUELA;ALMACEN
08063;COLORACION ROUBAIX 6/6 CAOBA CLARO;ALMACEN
08846;COLORACION ROUBAIX 6/66 ROJO BRILL.;ALMACEN
02589;COLORACION ROUBAIX 6/8 COBRE CLARO;ALMACEN
06741;COLORACION ROUBAIX 7 RUBIO;ALMACEN
08119;COLORACION ROUBAIX 7/1 RUBIO CENIZ;ALMACEN
06742;COLORACION ROUBAIX 7/3 RUBIO DORAD;ALMACEN
03644;COLORACION ROUBAIX 7/32 RUBIO MIEL;ALMACEN
09027;COLORACION ROUBAIX 7/33 RUBIO DOR.A;ALMACEN
04373;COLORACION ROUBAIX 7/4 RUBIO TABAC;ALMACEN
06285;COLORACION ROUBAIX 7/66 RUBIO ROJO;ALMACEN
000109;COLORACION ROUBAIX 8 RUBIO CLARO;ALMACEN
07686;COLORACION ROUBAIX 8/1 RUBIO CL.CE;ALMACEN
000498;COLORACION ROUBAIX 8/3 RUBIO CLARO;ALMACEN
04945;COLORACION ROUBAIX 8/32 RUBIO CL.MI;ALMACEN
05881;COLORACION ROUBAIX 8/33 RUBIO CL.AV;ALMACEN
00546;COLORACION ROUBAIX 8/4 RUBIO CL.TA;ALMACEN
000511;COLORACION ROUBAIX 9 RUBIO CLARO;ALMACEN
01330;COLORACION ROUBAIX 9/1 RUBIO CL.CE;ALMACEN
30000;COMBO QUILMES KING;ALMACEN
02752;COMINO ALICANTE  25G MOLIDO S/T;ALMACEN
16930;COMINO ALICANTE 50G MOLIDO S/TACC;ALMACEN
10465;COMINO CALLIERI 25G;ALMACEN
12612;COMINO CAMPAG. 23G MOLIDO;ALMACEN
23184;COMPAS EZCO METALICO ESTUCHE;ALMACEN
20417;COMPAS MAPED STUDY BLISTER ;ALMACEN
27663;COMPAS MAPED STUDY ESTUCHE;ALMACEN
25931;COMPOTERA FIRENZE;ALMACEN
27541;COMUNACHOS 72G QUESO RUSO ;ALMACEN
26024;COND.ALICANTE 10G TOMILLO;ALMACEN
22558;COND.ALICANTE 25G CARNES BLANCAS;ALMACEN
26193;COND.ALICANTE 25G MIX CURRY;ALMACEN
16209;COND.ALICANTE 25G P/AVES S/T;ALMACEN
16210;COND.ALICANTE 25G P/PIZZA;ALMACEN
16639;COND.ALICANTE ARROZ 25G S/T;ALMACEN
16683;COND.ALICANTE EMPANADAS Y RELL 25G;ALMACEN
16351;COND.ALICANTE MILAN. 25G S/T;ALMACEN
03949;COND.ALICANTE MILAN.SUPR.25G;ALMACEN
16474;COND.ALICANTE TUCO GUISO 25g;ALMACEN
16475;COND.ALICANTE VEGETALES 25G;ALMACEN
16738;COND.P/CARNE ALICANTE 25G S/T;ALMACEN
18771;COND.P/CARNE CAMPAG.23G ;ALMACEN
16934;COND.PIZZA ALICANTE 50G S/T;ALMACEN
12618;CONDIM.CAMPAG.23G P/ARROZ;ALMACEN
12616;CONDIM.CAMPAGNOLA 23G PIZZA;ALMACEN
27200;CONDIMENTO CALLIERI 25G FINAS HIERBAS;ALMACEN
27131;CONDIMENTO CALLIERI 90G CARNES ROJAS;ALMACEN
10469;CONDIMENTO CALLIERI ARROZ 25G;ALMACEN
06334;CONDIMENTO CALLIERI HAMBURGUES;ALMACEN
10470;CONDIMENTO CALLIERI PIZZA 25G;ALMACEN
06506;CONDIMENTO CALLIERI PIZZA 50G;ALMACEN
15458;CONDIMENTO EMP.CALLIERI 50G;ALMACEN
24091;CONEJO B O B 50G LECHE;ALMACEN
06472;CONEJO B O B CHOC.C/L 100G;ALMACEN
07929;CONEJO BON O BON 110G LECHE ;ALMACEN
16390;CONF.TRASSENS 80G ALMENDRAS 70% CACAO;ALMACEN
19055;CONFITE BON O BON 80G SUPERBOLLS;ALMACEN
20051;CONFITES GEORGALOS  80G CHOCOLATE INF.;ALMACEN
18768;CONFITES GEORGALOS  80G MANI;ALMACEN
01705;CONFITES PLATEADOS AROMAS 50G;ALMACEN
10247;CONJ.SAN REMO HERM.CUAD.200/800/1.9;ALMACEN
10242;CONJ.SAN REMO HERM.CUADR.800CC;ALMACEN
25360;CONJ.SAN REMO HERM.JUEGO L3P2;ALMACEN
10248;CONJ.SAN REMO HERM.RECT.300/800/1.8;ALMACEN
10249;CONJ.SAN REMO HERM.RECT.600/1.4/3.2;ALMACEN
26913;CONJUNTO PRETAL Y CORREA CHICO;ALMACEN
26914;CONJUNTO PRETAL Y CORREA MEDIANO;ALMACEN
25158;CONOS QUENTO 80G QUESO;ALMACEN
17034;CONSERVADORA CORONA;ALMACEN
18269;COOKIES AGUILA 300G C/CHIP CHOCOLATE ;ALMACEN
03276;COPA BAIRES CHAMPAGNE 6 UN;ALMACEN
18951;COPA BARONE NADIR AGUA ;ALMACEN
11592;COPA BOUQUET AGUA 250CC;ALMACEN
03462;COPA BOUQUET AGUA 6 UN;ALMACEN
17400;COPA GALLANT NADIR CHAMPAGNE 180ML;ALMACEN
23775;COPA NADIR BARONE ;ALMACEN
23776;COPA NADIR GIN;ALMACEN
11355;COPA NORUEGA 6UN POSTRE;ALMACEN
09753;COPA NORUEGA AGUA 6UN;ALMACEN
09748;COPA NORUEGA AGUA UNIDAD;ALMACEN
09750;COPA NORUEGA CERVEZA UNIDAD;ALMACEN
09756;COPA NORUEGA POSTRE;ALMACEN
21231;COPA STELLA ARTOIS *2U ;ALMACEN
21425;COPA STELLA ARTOIS *2U 330CC;ALMACEN
17854;COPA STELLA ARTOIS 2U ;ALMACEN
06011;COPA VINO EMOTIONS;ALMACEN
17402;COPA WINDSOR NADIR AGUA 300ML;ALMACEN
18647;COPA WINDSOR NADIR VINO 250ML;ALMACEN
24879;COPAS ANDES ORIGEN *2U;ALMACEN
24878;COPAS TULIPA PATAGONIA *2U;ALMACEN
25148;COPON ACONCAGUA AZUL;ALMACEN
25150;COPON ACONCAGUA BLANCO;ALMACEN
25147;COPON ACONCAGUA ORIGINAL;ALMACEN
25151;COPON ACONCAGUA ROSA;ALMACEN
25149;COPON ACONCAGUA VERDE;ALMACEN
07217;COPON GOURMET FLINT 450ML;ALMACEN
27046;COPON GOURMET FLINT 450ML COLORES;ALMACEN
27465;COPON GOURMET FLINT 450ML NEGRO;ALMACEN
28012;COPON MINI GOURMET FLINT 380ML;ALMACEN
100980;COPOS GRANIX CHOCO FLAKES 240G;ALMACEN
05508;COPOS GRANIX MAIZ 160G;ALMACEN
04740;COPOS GRANIX MAIZ 400G;ALMACEN
02523;COPOS.GRANIX SKARCHITOS 240G;ALMACEN
02530;COPOS.GRANIX SKARCHITOS 500G;ALMACEN
00201;COQUITOS FRANKY X KG;PANADERIA
00189;CORAZON DE CHIVITO EL KG;CARNICERIA
00109;CORAZON EL KG;CARNICERIA
05463;CORAZONES ALCAUCIL DIDIER 180G;FIAMBRERIA
00155;CORDERO CONGELADO ENV. AL VACÍO;CARNICERIA
00395;CORDERO LA UNIDAD;CARNICERIA
00100;CORDERO X KILO;CARNICERIA
26908;CORREA NYLON FINA 100CM;ALMACEN
26907;CORREA NYLON GRUESA 100CM;ALMACEN
27136;CORRECTOR CINTA PAPER MATE;ALMACEN
21104;CORRECTOR FILGO 6 MTS CINTA;ALMACEN
25703;CORRECTOR FILGO LAPIZ;ALMACEN
27137;CORRECTOR LAPIZ FABER CASTELL;ALMACEN
CORREO;Correo y Encomiendas;ALMACEN
00254;COSTELETAS DE CERDO;CARNICERIA
00215;COSTELETAS DE NOVILLO;CARNICERIA
15652;CRANBERRIES GENNARI 150G ;VERDULERIA
25075;CRAYONES CERA EZCO *12;ALMACEN
26263;CRAYONES CERA EZCO *6 COLORES;ALMACEN
20067;CREMA ARMONIA 200CC TETRA TOP ;FIAMBRERIA
05083;CREMA CHANTILLY CALLIERI 100G;ALMACEN
19823;CREMA CHANTILLY CALLIERI 50G ;ALMACEN
23830;CREMA CHANTILLY DORLOT 250GR;ALMACEN
21636;CREMA CHANTILLY ROYAL 50G ;ALMACEN
20131;CREMA CORP.NIVEA 250ML MANT.KARITE ;ALMACEN
22565;CREMA DE LECHE ILOLAY 350GR;FIAMBRERIA
27214;CREMA DE LECHE NC 200CC PASTEURIZADA;FIAMBRERIA
27213;CREMA DE LECHE NC 400CC PASTEURIZADA;FIAMBRERIA
01648;CREMA DE ORDEÑO ROUBAIX 300CC;ALMACEN
7113;CREMA DEP.VEET 103G PIEL SENSIBLE;ALMACEN
17026;CREMA DEP.VEET 150G CORPORAL P/DUCHA;ALMACEN
17025;CREMA DEP.VEET 200ML MEN ;ALMACEN
26647;CREMA ELVIVE 250CC DREAM LISO PEINAR;ALMACEN
27045;CREMA ELVIVE 250CC PEINAR CAB.RIZADO;ALMACEN
05250;CREMA ELVIVE 250CC PEINAR COLO;ALMACEN
10967;CREMA ELVIVE 250CC PEINAR OLEO;ALMACEN
05228;CREMA ELVIVE 250CC PEINAR REPA;ALMACEN
24474;CREMA ELVIVE 250ML P/PEINAR C/KERATINA ;ALMACEN
23372;CREMA ELVIVE 250ML PEINAR HIDRA.HIAL.;ALMACEN
20683;CREMA ELVIVE 300G KERA LISO MASC. PERFEC;ALMACEN
22146;CREMA ELVIVE EXT.300G TRATAMIENTO ;ALMACEN
25028;CREMA FRUCTIS 250CC PEINAR CACAO RIZOS;ALMACEN
25785;CREMA HIDRAT. GARNIER EXPRESS ACLARA;ALMACEN
18207;CREMA HINDS 125CC ROSA PLUS ;ALMACEN
04962;CREMA HINDS 250CC ROSA BEAUTY;ALMACEN
18208;CREMA HINDS 250CC ROSA PLUS;ALMACEN
21817;CREMA HINDS 350CC ROSA BEAUTY;ALMACEN
18209;CREMA HINDS 350CC ROSA PLUS;ALMACEN
13093;CREMA LECHE ILOLAY 200CC DOBLE;FIAMBRERIA
06636;CREMA LECHE ILOLAY 200CC SIMPLE;FIAMBRERIA
06530;CREMA LECHE ILOLAY 350CC DOBLE;FIAMBRERIA
22837;CREMA LECHE MILKAUT 200CC ;FIAMBRERIA
23559;CREMA LECHE MILKAUT 200CC;FIAMBRERIA
24008;CREMA LECHE MILKAUT 330CC ;FIAMBRERIA
08614;CREMA LECHE SANCOR 200CC MULTI;FIAMBRERIA
02430;CREMA LECHE SANCOR 360CC MULTI;FIAMBRERIA
20571;CREMA LECHE TREGAR 350CC DOBLE;FIAMBRERIA
18507;CREMA LEDEVIT 450G NO LACTEA ;FIAMBRERIA
15193;CREMA LOREAL 50ML ANTI-ARR.+35;ALMACEN
25012;CREMA LOREAL 50ML ANTI-ARR.+55;ALMACEN
25013;CREMA LOREAL 50ML ANTI-ARR.HUMECTANTE;ALMACEN
16605;CREMA LOREAL FACIAL 40G FPS50+ ANT.BRILLO ;ALMACEN
16603;CREMA LOREAL FACIAL 40G FPS50+ ANT/BRILLO COLOR;ALMACEN
16604;CREMA LOREAL FACIAL 40G FPS50+ HIDRA INT;ALMACEN
16602;CREMA LOREAL FACIAL 40G FPS50+ANT.BRILLO;ALMACEN
25305;CREMA LOREAL REVITALIF ANIT ARRUGAS ;ALMACEN
28066;CREMA NIVEA 100ML CARA/CUERPO/MANOS;ALMACEN
24913;CREMA NIVEA 100ML CUIDADO LIMPIADORA;ALMACEN
24093;CREMA NIVEA 100ML FACIAL;ALMACEN
28075;CREMA NIVEA 100ML FACIAL 7 NUTRITIVA;ALMACEN
16892;CREMA NIVEA 100ML HAND CUID.INTENSIVO;ALMACEN
25289;CREMA NIVEA 100ML P/MANOS ;ALMACEN
24912;CREMA NIVEA 125ML BODY Q10+COLLAGEN;ALMACEN
24569;CREMA NIVEA 125ML MILK NUTRITIVA 5EN1;ALMACEN
24407;CREMA NIVEA 125ML SOFT MILK 5en1;ALMACEN
04189;CREMA NIVEA 150ML LATA;ALMACEN
22947;CREMA NIVEA 150ML MEN LATA ;ALMACEN
17130;CREMA NIVEA 200ML SOFT POTE ;ALMACEN
04195;CREMA NIVEA 242G DUCHA ALOE;ALMACEN
21642;CREMA NIVEA 250ML BODY Q10+COLLAGEN;ALMACEN
24288;CREMA NIVEA 250ML HIDR.EXPRESS ;ALMACEN
20960;CREMA NIVEA 250ML MILK NUTRITIVA 5EN1;ALMACEN
25528;CREMA NIVEA 250ML REP.INTENSIVA 7 EN 1;ALMACEN
23315;CREMA NIVEA 250ML SOFT MILK 5EN1;ALMACEN
23314;CREMA NIVEA 394G SOFT MILK 5EN1;ALMACEN
07125;CREMA NIVEA 400CC MILK NUTRI;ALMACEN
24911;CREMA NIVEA 400ML ANTICELULITIS;ALMACEN
24289;CREMA NIVEA 400ML HIDRA.EXPRESS ;ALMACEN
20132;CREMA NIVEA 400ML MANT.KARITE ;ALMACEN
20972;CREMA NIVEA 400ML MILK NUTRITIVA 5EN1;ALMACEN
23316;CREMA NIVEA 405G BODY Q10 COLLAG.6EN1;ALMACEN
22694;CREMA NIVEA 60ML LATA;ALMACEN
28065;CREMA NIVEA 97G MILK NUTRITIVA ;ALMACEN
03045;CREMA NIVEA PIEL EXT.SECA 250M;ALMACEN
23831;CREMA PASTELERA DORLOT 250GR;ALMACEN
16033;CREMA PAULINA 350CC TRADICIONAL ;FIAMBRERIA
25007;CREMA PEINAR ELVIVE 250CC GLYCOGLOSS;ALMACEN
21929;CREMA PEINAR SEDAL 300CC JENGIBRE RICINO;ALMACEN
24886;CREMA PEINAR SEDAL 300ML JENGIBRE RICINO;ALMACEN
25349;CREMA PEINAR SEDAL 300ML LISO PERFECTO ;ALMACEN
07284;CREMA PEINAR SEDAL LISO PERFEC;ALMACEN
08959;CREMA ROUBAIX 300CC PEINAR BUCLES ;ALMACEN
900864;CREMA ROUBAIX 300CC PEINAR EXTRA LACIO;ALMACEN
08963;CREMA ROUBAIX 300CC PEINAR SIN ENJUAGUE;ALMACEN
05374;CREMA ROUBAIX 300G ALOE ;ALMACEN
03704;CREMA ROUBAIX 300G GINSENG;ALMACEN
08783;CREMA ROUBAIX 300G MULTIDERMIS;ALMACEN
07534;CREMA ROUBAIX 300G NUTRIDERMIS ;ALMACEN
02871;CREMA ROUBAIX DEPILATORIA 200G;ALMACEN
14469;CREMA SEREN.200ML P/BATIR;FIAMBRERIA
14392;CREMA SEREN.330ML CLASICA;FIAMBRERIA
14391;CREMA SEREN.330ML P/COCINAR;FIAMBRERIA
11470;CREMA SERENISIMA 200CC;FIAMBRERIA
19158;CREMA SERENISIMA 200CC ;FIAMBRERIA
13338;CREMA SERENISIMA 200CC CULINARIA;FIAMBRERIA
12053;CREMA SERENISIMA 200CC LIGHT;FIAMBRERIA
13834;CREMA SERENISIMA 200ML CULINARIA;FIAMBRERIA
22019;CREMA SERENISIMA 200ML ZERO LACT.TETRA;FIAMBRERIA
11604;CREMA SERENISIMA 330CC;FIAMBRERIA
13337;CREMA SERENISIMA 330CC CULINARIA;FIAMBRERIA
24616;CREMA SERENISIMA 520CC CULINARIA ;FIAMBRERIA
09936;CREMA SERENISIMA 520ML P/BATIR;FIAMBRERIA
07406;CREMA ST IVES 350CC HUMEC.PROF;ALMACEN
13982;CREMA TONADITA 200CC;FIAMBRERIA
13981;CREMA TONADITA 200CC DESLACT.;FIAMBRERIA
13980;CREMA TONADITA 200CC LIGHT;FIAMBRERIA
16478;CREMA TONADITA 250G CHANTILLY ;FIAMBRERIA
26882;CREMA TONADITA 250G CHANTILLY;FIAMBRERIA
13983;CREMA TONADITA 350CC;FIAMBRERIA
17978;CREMA TRAT.ELVIVE 300G RT5 C/KERATINA ;ALMACEN
26490;CREMA TREGAR 200CC DOBLE ;FIAMBRERIA
25531;CREMA VEET 50ML DEPILATORIA PIEL NORMAL;ALMACEN
08821;CREMA VEET DEPIL.100G P.SENS;ALMACEN
08823;CREMA VEET DEPIL.100G SILKY FRESH P/N;ALMACEN
02086;CREMA VERONICA 200CC;FIAMBRERIA
25355;CREMA VERONICA 350CC POTE;FIAMBRERIA
02087;CREMA VERONICA 360CC;FIAMBRERIA
01066;CREMONA FRANKY X KG;PANADERIA
00979;CREMONA FRANKY X KG OFERTA;PANADERIA
07175;CROCANTE ARCOR MANI 80G;ALMACEN
02167;CROCANTE ARROZ INFLADO 75G;ALMACEN
20008;CROCANTE GEORGALOS  80G MANI;ALMACEN
20010;CROCANTE GEORGALOS  95G FRUTOS SECOS;ALMACEN
20045;CROCANTE GEORGALOS 100G ALMENDRA CHOCOLATE;ALMACEN
20044;CROCANTE GEORGALOS 100G MANI CHOCOLATE;ALMACEN
06983;CROCANTE TRIGO INFLADO 75G;ALMACEN
19917;CRUDDA YOGUR 160G ARANDANO ;FIAMBRERIA
19918;CRUDDA YOGUR 160G FRUTILLA ;FIAMBRERIA
19920;CRUDDA YOGUR 160G NATURAL ;FIAMBRERIA
19919;CRUDDA YOGUR 160G VAINILLA ;FIAMBRERIA
19051;CRUNCHY MIX AGUILA DOR 120G CHOCOLATE;ALMACEN
05133;CRUSH 2.25L LIMA LIMON;ALMACEN
05042;CRUSH 2.25L NARANJA;ALMACEN
05132;CRUSH 2.25L POMELO;ALMACEN
25705;CUAD TRIUNFANTE 19X23 LUNAR AMAR;ALMACEN
25706;CUAD TRIUNFANTE 19X23 LUNAR NEGRO;ALMACEN
25707;CUAD TRIUNFANTE 19X23 LUNAR ROSA;ALMACEN
25704;CUAD TRIUNFANTE 19X23 LUNAR VERDE;ALMACEN
27664;CUAD. A4 INKDROP PASTEL 100HJS;ALMACEN
25083;CUAD. A4 INKDROP PASTEL 80HJS;ALMACEN
25084;CUAD. A4 MICKEY T/D *96 HJ;ALMACEN
25570;CUAD. A4 MOOVING T/D *96 HJ;ALMACEN
25587;CUAD. A4 MOOVING T/D *96 HOJAS;ALMACEN
25086;CUAD. A5 AFA SELECCION T/D RAY *48 HJ;ALMACEN
25085;CUAD. A5 FW HAPPY T/D RAY *96 HJ;ALMACEN
25219;CUAD. A5 FW MINIONS T/D RAY *96 HJ;ALMACEN
25049;CUAD. FW MINIONS A4 80 HJ RAY;ALMACEN
25050;CUAD. MIS APUNTES A4 84 HJ RAY;ALMACEN
22443;CUAD.A4 AMERICA UNIV.ESP/FLEX x84HJ;ALMACEN
24948;CUAD.A4 HUSARES x80HJ RAYADO;ALMACEN
27138;CUAD.A4 RIVER *60HJS RAYADAS;ALMACEN
24944;CUAD.ABC RIVADAVIA 21X27 *60H T/D CUAD;ALMACEN
24105;CUAD.ABC RIVADAVIA 21X27 *60H T/D RAY;ALMACEN
24108;CUAD.AMONG US*48H RAY.T/F;ALMACEN
25087;CUAD.BIG LIFE PETS *48H RAY.T/D;ALMACEN
25048;CUAD.BIG LIFE RIVER A4 80 HJ RAY;ALMACEN
25088;CUAD.BOCA PPR*48H RAY.T/F;ALMACEN
26282;CUAD.ESC. T/FLEXIBLE 16X21 AFA;ALMACEN
26283;CUAD.ESC. T/FLEXIBLE 16X21 SIMPSONS;ALMACEN
24109;CUAD.ESC.AMERICA T/D AMAR.RAY.;ALMACEN
24110;CUAD.ESC.AMERICA T/D CELES.RAY.;ALMACEN
24114;CUAD.ESC.AMERICA T/D LUN.AZUL RY;ALMACEN
24111;CUAD.ESC.AMERICA T/D ROJO RAY.;ALMACEN
24112;CUAD.ESC.AMERICA T/D ROSA RAY.;ALMACEN
24113;CUAD.ESC.AMERICA T/D VERDE RAY.;ALMACEN
25076;CUAD.ESC.LAPRIDA T/D CELESTE LUNAR RY;ALMACEN
27606;CUAD.ESC.LAPRIDA T/D LUN.AMARILLO RY;ALMACEN
24116;CUAD.ESC.LAPRIDA T/D LUN.NAR. RY;ALMACEN
25077;CUAD.ESC.LAPRIDA T/D NEGRO LUNAR RY;ALMACEN
25078;CUAD.ESC.RIVADAVIA T/D AMARILLO 19*23 50H;ALMACEN
25750;CUAD.ESC.RIVADAVIA T/D AZUL 19*23 50H;ALMACEN
27608;CUAD.ESC.RIVADAVIA T/D AZUL CUADR.;ALMACEN
25081;CUAD.ESC.RIVADAVIA T/D CELESTE 19*23 50H;ALMACEN
20427;CUAD.ESC.RIVADAVIA T/D HOJAS LISAS ;ALMACEN
25079;CUAD.ESC.RIVADAVIA T/D ROJO 19*23 50H;ALMACEN
27609;CUAD.ESC.RIVADAVIA T/D ROJO CUADR.;ALMACEN
25080;CUAD.ESC.RIVADAVIA T/D VERDE 19*23 50H;ALMACEN
27610;CUAD.ESC.RIVADAVIA T/D VERDE CUADR.;ALMACEN
26264;CUAD.ESC.TRIUNFANTE T/D 16X21 50H AMARILLO;ALMACEN
26265;CUAD.ESC.TRIUNFANTE T/D 16X21 50H CELESTE;ALMACEN
26266;CUAD.ESC.TRIUNFANTE T/D 16X21 50H ROJO;ALMACEN
26267;CUAD.ESC.TRIUNFANTE T/D 16X21 50H ROSA;ALMACEN
27611;CUAD.ESC.TRIUNFANTE T/D 19X23 100H AZUL;ALMACEN
27613;CUAD.ESC.TRIUNFANTE T/D 19X23 50H AMAR RY;ALMACEN
27599;CUAD.ESC.TRIUNFANTE T/D 19X23 50H AZUL;ALMACEN
27614;CUAD.ESC.TRIUNFANTE T/D 19X23 50H ROSA RY;ALMACEN
27612;CUAD.ESC.TRIUNFANTE T/D 19X23 50H VERDE CUAD;ALMACEN
25218;CUAD.HUSARES 16X21 *80H CUADR;ALMACEN
24118;CUAD.HUSARES 16X21 *80H RY;ALMACEN
26278;CUAD.INKDROP A5 T/D 16X21;ALMACEN
27604;CUAD.INKDROP T/D A4 100H PELOTAS;ALMACEN
26276;CUAD.MOOVING A4 80H AFA SELECCION;ALMACEN
26277;CUAD.MOOVING A4 80H PLAYSTATION;ALMACEN
26280;CUAD.MOOVING A5 T/D 16X21 MARVEL;ALMACEN
26281;CUAD.MOOVING A5 T/D 16X21 PUSHEEN;ALMACEN
26279;CUAD.MOOVING A5 T/D 16X21 SIMPSONS;ALMACEN
27607;CUAD.MOOVING A5 T/D 16X21 STITCH;ALMACEN
27600;CUAD.MOOVING ESPIR. A4 80H KITTY;ALMACEN
27601;CUAD.MOOVING ESPIR. A4 80H MINNIE;ALMACEN
27602;CUAD.MOOVING ESPIR. A4 80H PUSHEEN;ALMACEN
27603;CUAD.MOOVING ESPIR. A4 80H SIMPSON;ALMACEN
26284;CUAD.MOOVING T/D A5 96H MINNIE;ALMACEN
27605;CUAD.RIVADAVIA ABC INICIAL 19*23 42H;ALMACEN
25708;CUAD.RIVADAVIA ESCOLAR T/DURA AMARILLO RAY.;ALMACEN
25709;CUAD.RIVADAVIA ESCOLAR T/FLEXIBLE;ALMACEN
25051;CUAD.RIVER BIGLIFE*48H RAY.T/F;ALMACEN
20465;CUADERNO A4 AMERICA ESP/FLEX *80H CUAD;ALMACEN
22982;CUADERNO ABC RIVADAVIA T/D AZUL CUADRIC;ALMACEN
20423;CUADERNO EDUCACION INICIAL ABC RIVADAVIA T/D ;ALMACEN
20424;CUADERNO ESC. AMERICA T/D 42H.AZUL RAYADO;ALMACEN
20425;CUADERNO ESC. RIVADAVIA T/D AZUL RAYADO;ALMACEN
20420;CUADERNO ESCOL.T/D LAPRIDA 50H LUN/ROJ;ALMACEN
20421;CUADERNO ESCOLAR AMERICA T/F;ALMACEN
21145;CUADERNO ESCOLAR RIVADAVIA T/D CELESTE;ALMACEN
25947;CUADERNO IGNEO A4 *100H RAYADA;ALMACEN
20403;CUADERNO LAPRIDA 50H T/D AZUL LUNARES;ALMACEN
21129;CUADERNO LAPRIDA 50H T/D VERDE LUNARES;ALMACEN
21111;CUADERNO MOOVING A4  BOCA *80H RAYADO;ALMACEN
25070;CUADERNO PPR A4  BOCA *80H RAYADO;ALMACEN
20419;CUADERNO RIVADAVIA T/D EDUC.INICIAL ;ALMACEN
26705;CUBANITOS COFLER 29G AVELLANAS;ALMACEN
26670;CUBANITOS COFLER 29G CHOC. LECHE;ALMACEN
26983;CUBANITOS COFLER 29G COCO;ALMACEN
26671;CUBANITOS COFLER 29G DARK;ALMACEN
15006;CUBETERA MAKE 2UN PLASTICA CUB;ALMACEN
05967;CUBETERA SAN REMO 16 HIELOS BLANCA;ALMACEN
26537;CUBETERA SAN REMO 16 HIELOS ROJA;ALMACEN
26535;CUBETERA SAN REMO PALITOS BLANCA;ALMACEN
26536;CUBETERA SAN REMO PALITOS ROJA;ALMACEN
10852;CUBETERAS LA PORTENA 2UND;ALMACEN
10741;CUBIERTO CUCHA.POSTRE 10U;ALMACEN
10740;CUBIERTO CUCHA.SUNDAE 10U;ALMACEN
10739;CUBIERTO CUCHILLO 10U;ALMACEN
10738;CUBIERTO TENEDOR 10U;ALMACEN
14032;CUBILETES AJO DIDIER 180G;ALMACEN
09174;CUBRETODO FROZENS 10UN;ALMACEN
25363;CUBRETODO FROZENS 8UN;ALMACEN
16829;CUCARACHICIDA MAN. 500CC REP.;ALMACEN
16828;CUCARACHICIDA MANC.500CC GATILLO;ALMACEN
26592;CUCHARA DI SOLLE 6U TRAD.;ALMACEN
27825;CUCHARA GUISO NYLON MANGO AZUL;ALMACEN
16714;CUCHARA INOVA AZUL 3U;ALMACEN
26548;CUCHARA INOVA VERDE 3U;ALMACEN
27826;CUCHARA LEGUMBRES NYLON MANGO AZUL;ALMACEN
27737;CUCHARA LOEKEMEYER MADERA 35CM;ALMACEN
17756;CUCHARA MADERA;ALMACEN
27827;CUCHARA SPAGUETTI NYLON MANGO AZUL;ALMACEN
19927;CUCHARAS IBERIA ECO DESC. MADERA 25U;ALMACEN
18648;CUCHARAS POLYWOOD TRAMONTINA 6U;ALMACEN
17392;CUCHARAS TE TRAMONTINA 3U;ALMACEN
17393;CUCHARAS TRAMONTINA 3U ;ALMACEN
14955;CUCHARITA INOVA AZUL 3U;ALMACEN
26549;CUCHARITA INOVA VERDE 3U;ALMACEN
19515;CUCHARITAS IBERIA ECO MADERA 25U;ALMACEN
17144;CUCHARON ACERO INOX.C/MANGO PLAST.;ALMACEN
27938;CUCHARON LOEKEMEYER AC.INOX ;ALMACEN
27822;CUCHARON NYLON MANGO AZUL;ALMACEN
09972;CUCHARON REAL ASA NEGRA;ALMACEN
19415;CUCHARON REAL ENTERIZO;ALMACEN
26593;CUCHILLO DI SOLLE 2U TRAD.ASADO;ALMACEN
26590;CUCHILLO DI SOLLE 6U TRAD.ASADO;ALMACEN
26400;CUCHILLO DI SOLLE TRAD.ASADO *6U;ALMACEN
14956;CUCHILLO INOVA AZUL 3U;ALMACEN
26546;CUCHILLO INOVA VERDE 3U;ALMACEN
19556;"CUCHILLO POLYWOOD TRAMONTINA 7"" P/COCINA";ALMACEN
17394;CUCHILLO TRAMONTINA 3U ;ALMACEN
18863;CUCHILLO TRAMONTINA 3U NEW KOLOR ;ALMACEN
17395;CUCHILLO TRAMONTINA 6U;ALMACEN
07905;CUCHILLOS CAF  6U DESC.;ALMACEN
19505;CUCHILLOS IBERIA ECO MADERA 25U;ALMACEN
00605;CUERITO DE CERDO;CARNICERIA
00703;CUERNITOS FRANKY X KG;PANADERIA
14350;CURCUMA CALLIERI 90G;ALMACEN
18014;CURCUMA DICOMERE 50GR;ALMACEN
00535;CURCUMA EL KILO;VERDULERIA
20890;CURCUMA MOLIDA PERGOLA 25G ;ALMACEN
24907;CURITAS 20U SENSITIVE;ALMACEN
17993;CURITAS 20U TELA ELASTICA ;ALMACEN
06590;CURITAS 20U TRANSPIEL;ALMACEN
00741;DAMASCOS  EL KG.;PANADERIA
24192;DANETTE 95G CHOCOL.AMARGO;FIAMBRERIA
24191;DANETTE 95G CHOCOL.BLANCO ;FIAMBRERIA
004831;DANETTE PACK CHOCOLATE;FIAMBRERIA
22492;DANETTE POSTRE COPA100GR CHOCOLATE;FIAMBRERIA
22696;DANETTE POSTRE COPA100GR DULCE DE LECHE;FIAMBRERIA
22464;DANETTE POTE 95G CREMA AMERICANA;FIAMBRERIA
22463;DANETTE POTE 95G DULCE DE LECHE ;FIAMBRERIA
24352;DANONINO 100G FRUTILLA  ;FIAMBRERIA
24208;DANONINO 185G BOT.FRUTILLA ;FIAMBRERIA
24207;DANONINO 185G BOT.VAINILLA;FIAMBRERIA
26894;DANONINO 80,5G NATURAL;FIAMBRERIA
24225;DANONINO 80.5G FRUTILLA ;FIAMBRERIA
24226;DANONINO 80.5G VAINILLA ;FIAMBRERIA
27913;DANONINO BEB.100G VAINILLA ;FIAMBRERIA
13092;DANONINO FFS 80.5G FRUTILLA;FIAMBRERIA
24769;DANONINO SACHET 900G FRUTILLA ;FIAMBRERIA
16556;DANONINO YOGUR 80.5G FRUTILLA;FIAMBRERIA
16767;DANONINO YOGUR 80.5G VAINILLA;FIAMBRERIA
14481;DATILES EGIPTO 150G C/C;VERDULERIA
19126;DELANTAL PLANCHETTA;ALMACEN
22424;DELANTERO DESHUESADO EL KG;CARNICERIA
13934;DENT COLGATE 90G NATUR.EXTRACT;ALMACEN
24851;DENT. ODOLITO 50G TUTTI FRUTTI 50G C/FLUOR;ALMACEN
14909;DENT.COLGATE 102G MAX WHITE GEL;ALMACEN
08477;DENT.COLGATE 110G SENSITIVE PRO;ALMACEN
27051;DENT.COLGATE 110G SENSITIVE PRO-ALIVIO;ALMACEN
21376;DENT.COLGATE 110G SENSITIVE REAL WHITE;ALMACEN
08478;DENT.COLGATE 110G SENSITIVE REPARA;ALMACEN
27049;DENT.COLGATE 140G HERBAL;ALMACEN
24484;DENT.COLGATE 140G HERBAL BLANQ.;ALMACEN
22584;DENT.COLGATE 140G SENSITIVE PRO-ALIVIO;ALMACEN
21458;DENT.COLGATE 140G TRIPLE ACCION;ALMACEN
13217;DENT.COLGATE 156G T.A EXTRA BLANC.;ALMACEN
26111;DENT.COLGATE 180G ANTICARIES C/CALCIO;ALMACEN
13930;DENT.COLGATE 180G MAX WHITE;ALMACEN
25134;DENT.COLGATE 180G ORIG.ANT.C/CALCIO;ALMACEN
21444;DENT.COLGATE 180G TRIPLE ACCION ;ALMACEN
22103;DENT.COLGATE 210G TRIPLE ACCION;ALMACEN
13931;DENT.COLGATE 50G SENSITIVE WHITE;ALMACEN
25921;DENT.COLGATE 70G ANTICARIES C/CALCIO;ALMACEN
21457;DENT.COLGATE 70G HERBAL;ALMACEN
25928;DENT.COLGATE 70G HERBAL;ALMACEN
27466;DENT.COLGATE 70G LUMINOUS WHITE;ALMACEN
25126;DENT.COLGATE 70G ORIG.ANT.C/CALCIO;ALMACEN
21548;DENT.COLGATE 70G TRIPLE ACCION;ALMACEN
25127;DENT.COLGATE 90G ANTIC.C/CALCIO;ALMACEN
26110;DENT.COLGATE 90G ANTICARIES C/CALCIO;ALMACEN
08069;DENT.COLGATE 90G L.WHITE CARBON ACT.;ALMACEN
13018;DENT.COLGATE 90G LUMIN.WHITE;ALMACEN
4859;DENT.COLGATE 90G SENSITIVE PRO-ALIVIO;ALMACEN
27040;DENT.COLGATE 90G TOTAL CARBON ACT.;ALMACEN
21470;DENT.COLGATE 90G TRIPLE ACCION;ALMACEN
09505;DENT.COLGATE BARBIE 75ML;ALMACEN
25027;DENT.COLGATE HERBAL  90G BLANQ;ALMACEN
24817;DENT.COLGATE HERBAL 70G;ALMACEN
22713;DENT.COLGATE HERBAL 90G ;ALMACEN
26109;DENT.COLGATE HERBAL 90G ;ALMACEN
09514;DENT.COLGATE KIDS 6+ 50ML FRES;ALMACEN
13933;DENT.COLGATE KIT PORTABLE;ALMACEN
23389;DENT.COLGATE LUM WHITE 140G BRILL;ALMACEN
24038;DENT.COLGATE LUM WHITE 70G BRILL;ALMACEN
24039;DENT.COLGATE LUM WHITE 90G BRILL;ALMACEN
20525;DENT.COLGATE LUMIN.WHITE 70G LOVERS ;ALMACEN
09507;DENT.COLGATE MINIONS 75ML;ALMACEN
11611;DENT.COLGATE NAT.EXTRACT 90G E;ALMACEN
01926;DENT.COLGATE NEUTRAZUCAR  70G;ALMACEN
02794;DENT.COLGATE SENSITIVE 100G BL;ALMACEN
24485;DENT.COLGATE TOTAL 12 140G CONT.SARRO;ALMACEN
20063;DENT.COLGATE TOTAL 12 90G A/S C/ZINC;ALMACEN
25129;DENT.COLGATE TOTAL 12 90G CONT.SARRO;ALMACEN
26461;DENT.COLGATE TOTAL 12 90G ENCIAS SALUDABLES;ALMACEN
24850;DENT.COLGATE TOTAL 12 90G ENCIAS SANAS;ALMACEN
18902;DENT.COLGATE TOTAL 12 90G SALUD VISIBLE;ALMACEN
26235;DENT.COLGATE TOTAL 12 90G SALUD VISIBLE;ALMACEN
27198;DENT.COLGATE TOTAL 140G ORIG.MINT;ALMACEN
4857;DENT.COLGATE TOTAL 90G ANTI-SARRO;ALMACEN
19372;DENT.COLGATE TOTAL 90G C.MINT;ALMACEN
27199;DENT.COLGATE TOTAL 90G ORIG.MINT;ALMACEN
19523;DENT.COLGATE TOTAL 90G WHITENI;ALMACEN
10964;DENT.COLGATE TOTAL CLEAN 140G;ALMACEN
25135;DENT.COLGATE TOTAL12 140G ENCIAS SANAS;ALMACEN
24042;DENT.COLGATE TOTAL12 140G ORIG.;ALMACEN
26239;DENT.COLGATE TOTAL12 180G ORIGINAL;ALMACEN
24041;DENT.COLGATE TOTAL12 70G ORIG.;ALMACEN
24040;DENT.COLGATE TOTAL12 90G BLANQ.;ALMACEN
24043;DENT.COLGATE TOTAL12 90G ORIG.;ALMACEN
09974;DENT.COLGATE ULTRA BLANCO 90G;ALMACEN
25132;DENT.KOLYNOS 180G SUPER BLANCO;ALMACEN
24181;DENT.KOLYNOS 70G SUPER BLANCO;ALMACEN
25131;DENT.KOLYNOS 70G SUPER BLANCO;ALMACEN
21459;DENT.KOLYNOS 90G SUPER BLANCO;ALMACEN
25130;DENT.KOLYNOS 90G SUPER BLANCO;ALMACEN
07741;DENT.KOLYNOS SUPER BLANCO 180G;ALMACEN
07739;DENT.KOLYNOS SUPER BLANCO 90G;ALMACEN
24483;DENT.ODOL 180G DOBLE PROTECC.;ALMACEN
21654;DENT.ODOL 180G DOBLE PROTECCION ;ALMACEN
24182;DENT.ODOL 70G DOBLE ACCION;ALMACEN
21167;DENT.ODOL 70G DOBLE PROTECC.;ALMACEN
21056;DENT.ODOL 90G DOBLE PROTECCION ;ALMACEN
24487;DENT.ODOL 90G DOBLE PROTECCION ;ALMACEN
21150;DENT.ODOLITO 50G TUTTI FRUTTI C/FLUOR;ALMACEN
04171;DERRIBANTE MANCHESTER 250CC;ALMACEN
23098;DES AERO NIVEA 150ML FM DEEP;ALMACEN
28081;DES ANT DOVE 50ML ROLL ON MEN;ALMACEN
19672;DES ANT NIVEA 150CC BLACK PEARL;ALMACEN
19662;DES ANT NIVEA 150CC BLACK&WHITE TOQ.SEDA;ALMACEN
19317;DES ANT NIVEA 150CC DRY COMFOR;ALMACEN
19673;DES ANT NIVEA 150CC DRY FRESH;ALMACEN
06349;DES ANT NIVEA 150CC F.OCEAN;ALMACEN
06340;DES ANT NIVEA 150CC F.SPORT;ALMACEN
19674;DES ANT NIVEA 150CC FRESH AGUA COCO;ALMACEN
28076;DES ANT NIVEA 150ML FRESH COCONUT ;ALMACEN
28077;DES ANT NIVEA 150ML MEN DEEP DARKWOOD;ALMACEN
08377;DES ANT NIVEA 50ML BLACKWHIT;ALMACEN
02941;DES ANT NIVEA B&W INVISIBLE RO 50ML;ALMACEN
06062;DES ANT NIVEA CALM ROLL ON PRO 50ML;ALMACEN
08348;DES ANT NIVEA DRY CONF.ROLL ON 50ML;ALMACEN
04904;DES ANT NIVEA DRY IMP.150ML;ALMACEN
08366;DES ANT NIVEA DRY IMP.ROLL ON 50ML;ALMACEN
11102;DES ANT NIVEA FRESH ROLL 50ML;ALMACEN
06661;DES ANT NIVEA INV.B&W 150CC CL;ALMACEN
19671;DES ANT NIVEA MEN 150CC DEEP BEAT;ALMACEN
07179;DES ANT NIVEA MEN SENS.PROT 150CC;ALMACEN
05235;DES ANT NIVEA PEARL BEAUTY 150CC;ALMACEN
08400;DES ANT NIVEA PEARL BEAUTY ROLL ON 50CC;ALMACEN
08441;DES ANT NIVEA POWER COMFORT;ALMACEN
08387;DES ANT NIVEA PROTECT 150CC;ALMACEN
08390;DES ANT NIVEA PROTECT 150CC;ALMACEN
08335;DES ANT NIVEA ROLL SILVER PROT. 50CC;ALMACEN
19464;DES ANT REXONA 110CC CLINICAL;ALMACEN
28082;DES ANT REXONA 150ML ALL BODY ;ALMACEN
13306;DES ANT REXONA 50G SPORT INTEN;ALMACEN
24603;DES AXE 150ML AQUA CITRUS;ALMACEN
28083;DES AXE 150ML WHITE VETIVER ;ALMACEN
02655;DES AXE APOLLO 150ML;ALMACEN
09371;DES AXE DARK BLACK 150ML;ALMACEN
09336;DES AXE DARK TEMPTATION 150ML;ALMACEN
07977;DES AXE SECO ANT. AER DARK TEMPA 150CC;ALMACEN
14405;DES DOVE ANT.150ML COCO;ALMACEN
15521;DES DOVE ANT.150ML ORIGINAL ;ALMACEN
05695;DES DOVE ANT.150ML PERA;ALMACEN
07069;DES DOVE ANT.150ML POMELO ;ALMACEN
22508;DES NIVEA ACTIVE DRY FRESH 150ML;ALMACEN
22544;DES NIVEA ACTIVE DRY STRESS 150ML;ALMACEN
23317;DES NIVEA AER DRY FRESH 150ML ;ALMACEN
22545;DES NIVEA CITRUS FRESH 150ML;ALMACEN
22547;DES NIVEA DEEP CARBON ACT.150ML;ALMACEN
22548;DES NIVEA FRESH AGUA DE COCO 150ML;ALMACEN
22512;DES NIVEA MEN ACTIVE DRY FRESH 150ML;ALMACEN
22513;DES NIVEA MEN BLACK&WITHE FRESH 150ML;ALMACEN
22591;DES NIVEA PEARL& BEATY 150ML M;ALMACEN
22510;DES NIVEA PEARL&BEATY 150ML W;ALMACEN
22514;DES NIVEA PROTECT&CARE 0%ALCOHOL 150ML;ALMACEN
22546;DES NIVEA PROTECT&CARE MAX 150ML;ALMACEN
22511;DES NIVEA SENTIVE PROTECT MAX 150ML;ALMACEN
11352;DES REXONA 50ML ANT. ROLL COTT;ALMACEN
19696;DES. JULIE BY MUJERCITAS 123CC;ALMACEN
24379;DES.AER.CIF 360CC FRESCURA CITRICA ;ALMACEN
24378;DES.AER.CIF 360CC LAVANDA ;ALMACEN
24270;DES.AER.CIF 360CC ORIGINAL ;ALMACEN
08171;DES.AIR WICK MATIC APARATO;ALMACEN
03510;DES.AIR WICK MATIC REP.BOSQUE;ALMACEN
06745;DES.AIR WICK MATIC REP.CITRICO;ALMACEN
03538;DES.AIR WICK MATIC REP.JARDIN;ALMACEN
000672;DES.AIR WICK MATIC REP.LAVANDA;ALMACEN
05598;DES.AIR WICK MATIC REP.MAGNOLI;ALMACEN
03534;DES.AIR WICK MATIC REP.MANZANA;ALMACEN
03519;DES.AIR WICK MATIC REP.MAR AZU;ALMACEN
08179;DES.AIR WICK MATICFULL CITRICO;ALMACEN
24691;DES.ANT.AER.REXONA 89G JULIAN;ALMACEN
17550;DES.ANT.REXONA 148G FEM.ACTIVE ;ALMACEN
19009;DES.ANT.REXONA ODORONO 87G;ALMACEN
18084;DES.AXE 150ML APOLLO;ALMACEN
18081;DES.AXE 150ML BLACK BZRP;ALMACEN
24598;DES.AXE 150ML BLUE LAVENDER ;ALMACEN
28045;DES.AXE 150ML BS MASRHMALLOX SMOKE ;ALMACEN
26155;DES.AXE 150ML CHERRY SPRITZ;ALMACEN
18082;DES.AXE 150ML COLLISION;ALMACEN
16004;DES.AXE 150ML DARK TEMPTATION;ALMACEN
18085;DES.AXE 150ML EPIC FRESH ;ALMACEN
19866;DES.AXE 150ML EPIC FRESH;ALMACEN
18426;DES.AXE 150ML GOLD WOOD V;ALMACEN
24599;DES.AXE 150ML GREEN GERANIUM ;ALMACEN
18083;DES.AXE 150ML MARINE;ALMACEN
18080;DES.AXE 150ML MUSK;ALMACEN
26156;DES.AXE 150ML PEACH INFUSION;ALMACEN
26711;DES.AXE 150ML PURE COCONUT;ALMACEN
27253;DES.AXE 152ML APOLLO;ALMACEN
20151;DES.AXE 152ML DARK TEMPTATION;ALMACEN
23051;DES.AXE 230ML MARINE XL;ALMACEN
23050;DES.AXE 230ML MUSK XL;ALMACEN
28044;DES.AXE 58G BARRA AQUA CITRUS ;ALMACEN
28043;DES.AXE 58G BARRA BLUE LAVENDER ;ALMACEN
18079;DES.AXE ANT.152ML APOLLO;ALMACEN
18078;DES.AXE ANT.152ML BLACK;ALMACEN
101157;DES.BOOS 150CC AQUA;ALMACEN
13601;DES.BOOS 150CC BLACK;ALMACEN
04247;DES.BROSS LONDON CLASSIC 150CC;ALMACEN
21810;DES.CARDON 123CC SOÑADA;ALMACEN
20893;DES.CARDON 123CC VIAJERA ;ALMACEN
03520;DES.CHESTER ICE 150CC;ALMACEN
000519;DES.CHESTER ICE 250CC;ALMACEN
13437;DES.CIEL 123CC;ALMACEN
06960;DES.CIEL 123CC CRYSTAL;ALMACEN
06228;DES.CIEL 123CC LOVE ;ALMACEN
06213;DES.CIEL 123CC MAGIC ;ALMACEN
19414;DES.CIEL 123CC NOIR;ALMACEN
04104;DES.CIEL 123CC NUIT ;ALMACEN
10570;DES.CIEL 123CC NUIT;ALMACEN
06994;DES.CIEL 123CC ROSE ;ALMACEN
25861;DES.CIEL 123CC SHINE;ALMACEN
27006;DES.CIEL 144CC CRYSTAL SIN ALCOHOL;ALMACEN
23701;DES.CIEL 144CC SIN ALCOHOL;ALMACEN
10562;DES.CIEL 186CC;ALMACEN
06200;DES.CIEL 186CC CRYSTAL ;ALMACEN
27007;DES.CIEL 186CC MAGIC;ALMACEN
18748;DES.CIEL 186CC NUIT ;ALMACEN
25862;DES.CIEL 186CC SHINE;ALMACEN
04502;DES.COLBERT 150CC;ALMACEN
10512;DES.COLBERT 150CC ACQUA ;ALMACEN
02829;DES.COLBERT 150CC NOIR ;ALMACEN
05075;DES.COLBERT 150CC PINO;ALMACEN
25863;DES.COLBERT 163CC ACQUA SIN ALCOHOL;ALMACEN
000520;DES.COLBERT 250CC;ALMACEN
10513;DES.COLBERT 250CC ACQUA;ALMACEN
13760;DES.COLBERT 250CC NOIR ;ALMACEN
13433;DES.COLBERT 250CC PINO;ALMACEN
11214;DES.COQUETERIAS.123CC FLOWER;ALMACEN
02834;DES.CRANDALL 150CC;ALMACEN
000518;DES.CRANDALL 250CC;ALMACEN
18097;DES.DOVE 150ML PROTECC.TOTAL ;ALMACEN
22965;DES.DOVE 250ML PROTECC.TOTAL MEN;ALMACEN
11642;DES.DOVE 50ML ANT.PROT.TOTAL;ALMACEN
11350;DES.DOVE 50ML ANT.ROLL ON GOFR;ALMACEN
08530;DES.DOVE 89G AER.MEN EXTRA FREE;ALMACEN
28047;DES.DOVE ANT 150ML SENSITIVE ;ALMACEN
28046;DES.DOVE ANT 250ML CONFORT MEN;ALMACEN
28050;DES.DOVE ANT STICK 53G INVISIBLE CARE;ALMACEN
21310;DES.DOVE ANT.150ML GO FRESH PERA;ALMACEN
21969;DES.DOVE ANT.87G COCO & JAZMÍN;ALMACEN
16958;DES.DOVE ANT.87G GO FRESH GRANADA;ALMACEN
21903;DES.DOVE ANT.87G GO FRESH GRANADA;ALMACEN
21904;DES.DOVE ANT.87G GO FRESH PEPINO;ALMACEN
21968;DES.DOVE ANT.87G GO FRESH PERA;ALMACEN
16010;DES.DOVE ANT.87G GO FRESH POMELO;ALMACEN
21902;DES.DOVE ANT.87G GO FRESH POMELO;ALMACEN
21286;DES.DOVE ANT.AER 87G INVISIBLE DRY;ALMACEN
21518;DES.DOVE ANT.AER 87G INVISIBLE DRY;ALMACEN
26792;DES.DOVE ANT.AER FEM 87G ORIGINAL;ALMACEN
10972;DES.DOVE ANT.AER. 89G INVISI;ALMACEN
05608;DES.DOVE ANT.AER.87G GO FRESH;ALMACEN
21378;DES.DOVE ANT.AER.87G ORIGINAL ;ALMACEN
20150;DES.DOVE ANT.AER.89G EXTRA FRESH;ALMACEN
22967;DES.DOVE ANT.AER.89G EXTRA FRESH;ALMACEN
07043;DES.DOVE ANT.AER.89G ORIGINAL;ALMACEN
11329;DES.DOVE ANT.AER.GO FRESH GRANADA 150ML;ALMACEN
04912;DES.DOVE ANT.AER.INVIS.DRY 89C;ALMACEN
21970;DES.DOVE ANT.AER.MEN 89G SPORT FRESH;ALMACEN
04161;DES.DOVE ANT.AER.MEN CLEAN 150CC;ALMACEN
21294;DES.DOVE ANT.AER.MEN PRO.TOT 89G;ALMACEN
03078;DES.DOVE ANT.AER.POWDER SOFT 8;ALMACEN
16009;DES.DOVE ANT.GO FRESH 150ML PERA;ALMACEN
16786;DES.DOVE ANT.GO FRESH 87G PEPINO;ALMACEN
16787;DES.DOVE ANT.INVISIBLE DRY 87G VIOLETA;ALMACEN
15999;DES.DOVE ANT.ROLL ON 50G ORIGINAL  ;ALMACEN
08740;DES.DOVE ANT.ROLL ON INVISIBLE DRY;ALMACEN
04170;DES.DOVE ANT.ROLL ON ORIGINAL;ALMACEN
25278;DES.DOVE ORIGINAL 91G CLINICAL 96H;ALMACEN
22966;DES.DOVE ORIGINAL.91G CLINICAL ;ALMACEN
27461;DES.DOVE STICK 50G PROTEC.TOTAL 72H;ALMACEN
27243;DES.GLADE 255CC CAMPOS LAVANDA;ALMACEN
27242;DES.GLADE 255CC FLORAL/FRUTOS ROJOS;ALMACEN
27178;DES.GLADE 255CC LIMON;ALMACEN
27341;DES.GLADE 315CC COCO VIBES;ALMACEN
27340;DES.GLADE 315CC FLORAL VIBES;ALMACEN
01944;DES.GLADE 360CC CAMPOS LAVANDA;ALMACEN
08874;DES.GLADE 360CC CARICIAS ALGOD;ALMACEN
17330;DES.GLADE 360CC ENCANTO DE VAINILLA;ALMACEN
17385;DES.GLADE 360CC FLORAL Y FRUTOS R.;ALMACEN
18065;DES.GLADE 360CC FLORES TROP.Y COCO;ALMACEN
24492;DES.GLADE 360CC FRESC.SALVAJE ;ALMACEN
17384;DES.GLADE 360CC LIMON ;ALMACEN
03443;DES.GLADE 360CC LIMON REFRESCA;ALMACEN
22933;DES.GLADE 360CC LIMON RESFRESCANTE;ALMACEN
24794;DES.GLADE 360CC MANGO TROPICAL ;ALMACEN
16130;DES.GLADE 360CC MAÑANA CAMPO;ALMACEN
09779;DES.GLADE 360CC PARAISO AZUL;ALMACEN
24248;DES.GLADE 360CC PARAISO AZUL ;ALMACEN
18064;DES.GLADE 360CC POTPOURRI ;ALMACEN
01360;DES.GLADE 360CC VAINILLA;ALMACEN
27916;DES.GLADE 360ML NARANJO/ORQUIDEAS ;ALMACEN
24245;DES.GLADE 380CC  I LOVE YOU ;ALMACEN
23171;DES.GLADE 380CC CARICIAS ALGODON;ALMACEN
23172;DES.GLADE 380CC ENCANTO DE VAINILLA;ALMACEN
23343;DES.GLADE 380CC FLORES TORP.Y COCO;ALMACEN
24246;DES.GLADE 380CC HARMONY;ALMACEN
24247;DES.GLADE 380CC MAÑANA CAMPO;ALMACEN
23344;DES.GLADE 380CC P.FLORAL Y F.ROJO ;ALMACEN
23169;DES.GLADE 380CC POTPOURRI;ALMACEN
23342;DES.GLADE 380ML LAVANDA ;ALMACEN
27914;DES.GLADE ACEITE REP.21ML VAINILLA;ALMACEN
25876;DES.GLADE ACEITES 21ML FULL HARMONY;ALMACEN
22894;DES.GLADE ACEITES 21ML REP.FTRP.COCO;ALMACEN
22003;DES.GLADE ACEITES 21ML REP.HARMONY;ALMACEN
22561;DES.GLADE ACEITES 21ML REP.LAVANDA;ALMACEN
22893;DES.GLADE ACEITES 21ML REP.LIMON;ALMACEN
22715;DES.GLADE ACEITES 21ML REP.PLACER FLORAL;ALMACEN
22897;DES.GLADE ACEITES FULL MIXTAS ;ALMACEN
26053;DES.GLADE ACEITES REP 21ML MANGO *2U;ALMACEN
22895;DES.GLADE ACEITES REP 21ML VAINILLA *2U;ALMACEN
22896;DES.GLADE ACEITES REP.2*21ML FLORES TROP.;ALMACEN
18589;DES.GLADE ACEITES TWINPACK 2*21ML LILAS VIBRANTES ;ALMACEN
14141;DES.GLADE AUTO FULL ACQUA  7ML;ALMACEN
07390;DES.GLADE AUTO FULL AUTO NUEVO 7ML;ALMACEN
07153;DES.GLADE AUTO FULL FLORAL 7ML;ALMACEN
13011;DES.GLADE AUTO FULL MENTA;ALMACEN
05349;DES.GLADE AUTO REP.ACQUA 7ML;ALMACEN
10102;DES.GLADE AUTO REP.AUTO NUEVO 7ML;ALMACEN
01856;DES.GLADE AUTO REP.FLORAL 7ML;ALMACEN
08204;DES.GLADE AUTO REP.LIMON 7ML;ALMACEN
08024;DES.GLADE AUTO REP.MENTA FRESCA 7ML;ALMACEN
000150;DES.GLADE AUTO REP.VAINILLA 7ML;ALMACEN
09489;DES.GLADE MINI GEL ACQUA 70G;ALMACEN
05354;DES.GLADE MINI GEL CAR CITRUS 70G;ALMACEN
05357;DES.GLADE MINI GEL CAR LAVANDA 70G;ALMACEN
05544;DES.GLADE MINI GEL CAR LIMON 70G;ALMACEN
09491;DES.GLADE MINI GEL LAVANDA 70G;ALMACEN
15648;DES.GLADE MINIGEL 70G CAR FLO.FROJOS;ALMACEN
05459;DES.GLADE SPRAY AUT.REP.CARICIA 12.2G;ALMACEN
01237;DES.GLADE SPRAY AUT.REP.LAVANDA 12.2G;ALMACEN
01568;DES.GLADE SPRAY AUT.REP.LILAS 12.2G;ALMACEN
01554;DES.GLADE SPRAY AUT.REP.MAÑANA;ALMACEN
14122;DES.GLADE TOQUE APAR+REP HARM;ALMACEN
20216;DES.GLADE TOQUE APAR+REP LIMON REF;ALMACEN
01843;DES.GLADE TOQUE FULL LAVANDA 12ML ;ALMACEN
16218;DES.GLADE TOQUE REP.2UN LAVANDA;ALMACEN
17412;DES.GLADE TOQUE REP.HARMONY;ALMACEN
16755;DES.GLADE TOQUE REP.LAVANDA;ALMACEN
16757;DES.GLADE TOQUE REP.LIMON;ALMACEN
16756;DES.GLADE TOQUE REP.MAÑANA CAMPO;ALMACEN
16758;DES.GLADE TOQUE REP.PLACER FLORAL ;ALMACEN
16903;DES.GLADE TOQUE REP.TWIN PACK FLORES TROP.;ALMACEN
16717;DES.GLADE TOQUE REP.TWIN PACK LIMON ;ALMACEN
19564;DES.GLADE TOQUE REP.VAINILLA;ALMACEN
03805;DES.KEVIN 150CC;ALMACEN
07276;DES.KEVIN 150CC ABSOLUTE;ALMACEN
08231;DES.KEVIN 150CC BLACK;ALMACEN
13507;DES.KEVIN 150CC PLATINUM;ALMACEN
25864;DES.KEVIN 150CC RED;ALMACEN
14344;DES.KEVIN 150CC SPIRIT;ALMACEN
23702;DES.KEVIN 163CC SIN ALCOHOL;ALMACEN
18754;DES.KEVIN 177CC BLACK ;ALMACEN
04219;DES.KEVIN 250CC;ALMACEN
08002;DES.KEVIN 250CC ABSOLUTE;ALMACEN
10549;DES.KEVIN 250CC BLACK;ALMACEN
14512;DES.KEVIN 250CC PLATINUM ;ALMACEN
25865;DES.KEVIN 250CC RED;ALMACEN
09067;DES.KEVIN 250ML SPIRIT ;ALMACEN
15919;DES.LYSOFORM 285CC LAVANDA;ALMACEN
26056;DES.LYSOFORM 285CC LAVANDA;ALMACEN
17500;DES.LYSOFORM 285CC ORIGINAL;ALMACEN
25497;DES.LYSOFORM 315CC LAVANDA ;ALMACEN
25498;DES.LYSOFORM 315CC ORIGINAL ;ALMACEN
000676;DES.LYSOFORM 360CC AIRE MONTAN;ALMACEN
22807;DES.LYSOFORM 360CC AIRE MONTAN;ALMACEN
03037;DES.LYSOFORM 360CC CITRICA;ALMACEN
17383;DES.LYSOFORM 360CC CITRICA ;ALMACEN
17261;DES.LYSOFORM 360CC FRAG.BEBE;ALMACEN
27177;DES.LYSOFORM 360CC FRESCURA CITRICA;ALMACEN
26870;DES.LYSOFORM 360CC FRUT.DEL BOSQUE;ALMACEN
01361;DES.LYSOFORM 360CC LAVANDA;ALMACEN
04109;DES.LYSOFORM 360CC ORIGINAL;ALMACEN
19719;DES.LYSOFORM 360CC ORIGINAL;ALMACEN
22023;DES.LYSOFORM 380CC ORIGINAL;ALMACEN
04847;DES.LYSOFORM 390CC BEBE;ALMACEN
08597;DES.LYSOFORM 390CC FRUTAL;ALMACEN
18579;DES.LYSOFORM 420CC ORIGINAL BONUS;ALMACEN
24745;DES.LYSOFORM 495CC AIRE MONTAÑA ;ALMACEN
25495;DES.LYSOFORM 495CC LAVANDA ;ALMACEN
26054;DES.LYSOFORM 55CC ORIGINAL;ALMACEN
05427;DES.LYSOFORM SPRAY AUT.REPUEST;ALMACEN
19421;DES.MUJERCITAS 102CC FUNNY;ALMACEN
19420;DES.MUJERCITAS 102CC SUNNY;ALMACEN
07419;DES.MUJERCITAS 123CC;ALMACEN
07447;DES.PACO 150CC CLASICO;ALMACEN
08961;DES.PACO 150CC FUTBOL;ALMACEN
08972;DES.PACO 150CC SURF;ALMACEN
19841;DES.PINOLUZ 1.8L PINO PISOS Y COCINA;ALMACEN
27252;DES.REXONA 150CC WILDROSE;ALMACEN
19947;DES.REXONA AER.87G H INVISIBLE;ALMACEN
19941;DES.REXONA AER.87G W INVISIBLE;ALMACEN
22793;DES.REXONA AER.89G ANTIB.PROTECTION 10X;ALMACEN
22790;DES.REXONA AER.89G HOMBRE;ALMACEN
22789;DES.REXONA AER.ANT.148GR V8;ALMACEN
13137;DES.REXONA AER.MEN 150CC SPORT INTENSE;ALMACEN
06628;DES.REXONA AER.WOMAN 90G INVISIBLE;ALMACEN
23243;DES.REXONA ANT AER 150ML V8;ALMACEN
28049;DES.REXONA ANT STICK 50G POWDER DRY ;ALMACEN
24369;DES.REXONA ANT.AER 250ML ACTIVE EMOTION;ALMACEN
24370;DES.REXONA ANT.AER 250ML COTTON DRY;ALMACEN
24371;DES.REXONA ANT.AER 250ML XTRACOOL;ALMACEN
24372;DES.REXONA ANT.AER 87G INVISIBLE ;ALMACEN
24374;DES.REXONA ANT.AER 89G ANTIBAC.PRETEC.;ALMACEN
24375;DES.REXONA ANT.AER 89G BAMBOO/A.VERA;ALMACEN
24373;DES.REXONA ANT.AER 89G BANINI;ALMACEN
24376;DES.REXONA ANT.AER 89G COTTON DRY;ALMACEN
24377;DES.REXONA ANT.AER 89G NUTRITIVE ;ALMACEN
24367;DES.REXONA ANT.AER 89G SENSITIVE ;ALMACEN
24368;DES.REXONA ANT.AER CLINICAL 150ML CLASSIC;ALMACEN
24384;DES.REXONA ANT.AER CLINICAL 150ML EXTRA DRY;ALMACEN
24363;DES.REXONA ANT.AER CLINICAL 150ML STRENGTH;ALMACEN
24366;DES.REXONA ANT.AER. 89G FUTBOL FANATICAS;ALMACEN
22792;DES.REXONA ANT.AER.87G H INVISIBLE;ALMACEN
16123;DES.REXONA ANT.AER.87G INVISIBLE;ALMACEN
24524;DES.REXONA ANT.AER.89G ACTIVE EMOTION;ALMACEN
16119;DES.REXONA ANT.AER.89G FANATICS MEN;ALMACEN
22788;DES.REXONA ANT.AER.89G FUTBOL FANATICO  ;ALMACEN
16042;DES.REXONA ANT.AER.89G V8;ALMACEN
19036;DES.REXONA ANT.AER.89G V8;ALMACEN
16043;DES.REXONA ANT.AER.89G XTRACOOL;ALMACEN
22791;DES.REXONA ANT.AER.89G XTRACOOL H;ALMACEN
18967;DES.REXONA ANT.AER.90G COTTON DRY M;ALMACEN
17463;DES.REXONA ANT.AER.90G FANATICAS;ALMACEN
05468;DES.REXONA ANT.AER.ANTIBACTER;ALMACEN
24362;DES.REXONA ANT.AER.CLINICAL 150ML CLEAN ;ALMACEN
07197;DES.REXONA ANT.AER.MEN 90G SENSIT.;ALMACEN
03619;DES.REXONA ANT.AER.MEN INVISI;ALMACEN
01889;DES.REXONA ANT.AER.MOTION COTT;ALMACEN
02011;DES.REXONA ANT.AER.MOTION EXTR;ALMACEN
03570;DES.REXONA ANT.AER.V8 90G;ALMACEN
06637;DES.REXONA ANT.BARRA MEN V8;ALMACEN
02533;DES.REXONA ANT.ROLL 50G  ACTIVE EMOTION;ALMACEN
21927;DES.REXONA ANT.ROLL 50G NUTRITIVE;ALMACEN
27577;DES.REXONA ANT.ROLL 50ML BAMBOO&ALOE;ALMACEN
20305;DES.REXONA ANT.ROLL MEN 50G INVISIBLE ;ALMACEN
20307;DES.REXONA ANT.ROLL MEN 50G V8;ALMACEN
01660;DES.REXONA ANT.ROLL MEN INVISI;ALMACEN
28048;DES.REXONA ANT.STICK 150ML REFRESH ;ALMACEN
18541;DES.REXONA EFFICIENT ANT.AER.88G  FRESH;ALMACEN
21717;DES.REXONA ODORONO 60G POTE;ALMACEN
24690;DES.REXONA.ANT.AER.STICK 91G ;ALMACEN
20086;DES.SOPHIE MUJERCITA 123CC ;ALMACEN
25978;DESENGRASANTE WALKER 500ML;ALMACEN
26008;DESINFECTANTE AYUDIN 4L LAVANDA;ALMACEN
19561;DESMAQUILLANTE NIVEA 125ML OJOS;ALMACEN
24909;DESMAQUILLANTE NIVEA 150ML C/AGUA DE ROSAS;ALMACEN
19669;DESMAQUILLANTE NIVEA 200ML LECHE & TONICO;ALMACEN
27576;DESOD.DOVE 150ML RASPBERRY&ROSE ;ALMACEN
19462;DESOD.DOVE 150ML SPORTS;ALMACEN
25510;DESOD.DOVE ANT.145G FEM.ORIGINAL ;ALMACEN
13713;DESOD.MACGREGOR 160ML LOVELY;ALMACEN
10040;DESOD.MACGREGOR 170ML DEEP BLUE;ALMACEN
10038;DESOD.MACGREGOR 170ML DEMON;ALMACEN
13712;DESOD.MACGREGOR 170ML PINO;ALMACEN
10039;DESOD.MACGREGOR 170ML STRONGER;ALMACEN
10041;DESOD.MACGREGOR 220ML PINO;ALMACEN
28068;DESOD.NIVEA 150ML DERMA CONTROL ;ALMACEN
28067;DESOD.NIVEA 150ML DRY COMFORT ACTIVE;ALMACEN
20127;DESOD.POETT 360ML DESP.ENERGIA ;ALMACEN
20128;DESOD.POETT 360ML LAVANDA ;ALMACEN
20126;DESOD.POETT 360ML MUS.PRIMAVERA ;ALMACEN
20129;DESOD.POETT 360ML SOLO PARA TI;ALMACEN
20130;DESOD.POETT 360ML SUAV.ALGODON;ALMACEN
01894;DESTAP.LOEKEMEYER CORONA;ALMACEN
04262;DESTAP.LOEKEMEYER CORONA;ALMACEN
13744;DESTAPACANERIAS AYUDIN 1L;ALMACEN
06109;DESTAPACANERIAS CAUCHET 1L PLUS;ALMACEN
15314;DESTAPACANERIAS CLINSY 1L;ALMACEN
01700;DESTAPACANERIAS PLOMERO 1L;ALMACEN
16826;DESTAPACAÑERIA MANCHESTER 1L;ALMACEN
24697;DET SUN 1KG SAL REGENERADORA ;ALMACEN
19000;DET. MAGISTRAL 750CC MANZANA POWER;ALMACEN
25857;DET.ALA 300ML POMELO;ALMACEN
21290;DET.ALA 300ML ULTRA LIMON;ALMACEN
21931;DET.ALA 450ML ULTRA LIMON D.P.;ALMACEN
19746;DET.ALA 750CC CREM. DERMAT GLICERINA;ALMACEN
10052;DET.ALA 750CC CREM.ALOE VERA;ALMACEN
20918;DET.ALA 750CC CREMOSO C/GLICERINA;ALMACEN
24380;DET.ALA 750CC CREMOSO F.BLANCAS ;ALMACEN
20919;DET.ALA 750CC CREMOSO LIMÓN;ALMACEN
05556;DET.ALA 750CC CRIS.LIMON;ALMACEN
11615;DET.ALA ULTRA 300CC ALOE VERA;ALMACEN
22386;DET.ALA ULTRA 300ML OCEANO CONC;ALMACEN
14751;DET.ALA ULTRA 450ML LIMON DP;ALMACEN
22383;DET.ALA ULTRA 500ML LIMON CONC;ALMACEN
21779;DET.ALA ULTRA 500ML OCEANO;ALMACEN
21778;DET.ALA ULTRA 500ML POMELO;ALMACEN
19343;DET.ALA ULTRA 750CC LIMON;ALMACEN
17672;DET.CIF 300ML FRUTAS CITRICAS ;ALMACEN
16160;DET.CIF 300ML FRUTAS CITRICAS 3;ALMACEN
07509;DET.CIF 300ML GEL LIMON VERDE;ALMACEN
17673;DET.CIF 300ML LIMA ;ALMACEN
22034;DET.CIF 300ML LIMA BIO.POD.DESENG.;ALMACEN
17671;DET.CIF 300ML LIMON ;ALMACEN
14879;DET.CIF 300ML LIMON BIO ACTIVE;ALMACEN
21240;DET.CIF 300ML LIMON BIO ACTIVE;ALMACEN
16694;DET.CIF 300ML LIMON VERDE;ALMACEN
27513;DET.CIF 400ML ACTIVE GEL ORIINAL DP;ALMACEN
27543;DET.CIF 400ML GEL LIMON DP;ALMACEN
22073;DET.CIF 450ML BIOACTIVE LIM0N DP;ALMACEN
21174;DET.CIF 450ML BIOACTIVE LIMA DP;ALMACEN
04056;DET.CIF 450ML GEL LIMON VERDE;ALMACEN
16086;DET.CIF 450ML LIMON DP;ALMACEN
26214;DET.CIF 450ML X5POD LIMA DOY;ALMACEN
25993;DET.CIF 450ML X5POD LIMON DOY;ALMACEN
16161;DET.CIF 500ML FRUTAS CITRICAS ;ALMACEN
07856;DET.CIF 500ML GEL MENTA LIMON;ALMACEN
21289;DET.CIF 500ML LIMA BIO.POD.DESENG.;ALMACEN
21093;DET.CIF 500ML LIMON BIO.POD.DESENG.;ALMACEN
20073;DET.CIF 750ML BIO ACTIVE LIMON;ALMACEN
23118;DET.CIF 750ML BIOACTIVE LIM0N;ALMACEN
21291;DET.CIF 750ML LIMA BIO.POD.DESENG.;ALMACEN
16162;DET.CIF 750ML LIMON;ALMACEN
23052;DET.CIF 900ML BIOACTIVE LIMA;ALMACEN
24526;DET.DRIVE CREMOSOS 450ML ROSAS Y LILAS DP;ALMACEN
24527;DET.DRIVE CRIST.450ML LIMON DP;ALMACEN
02410;DET.FINISH 1K POLVO POTE ;ALMACEN
28092;DET.FINISH 1KG POLVO CLASSIC;ALMACEN
05086;DET.FINISH 1KG POLVO POUCH;ALMACEN
02470;DET.FINISH 1KG SAL;ALMACEN
06735;DET.FINISH 400CC ABRILLANTADOR;ALMACEN
05500;DET.FINISH TABS  A IN 1 MAX 13X16G;ALMACEN
20691;DET.FINISH TABS A IN 1 POWER QUANTUM;ALMACEN
07911;DET.FINISH TABS ALL IN 1 MAX 30*16G;ALMACEN
21271;DET.MAGISTRAL 1.4 L ULTRA LIMON;ALMACEN
26014;DET.MAGISTRAL 1.4L ULTRA LIMON;ALMACEN
17935;DET.MAGISTRAL 215CC LIMON;ALMACEN
16453;DET.MAGISTRAL 215CC LIMON PLUS ;ALMACEN
16135;DET.MAGISTRAL 215CC MARINA;ALMACEN
17934;DET.MAGISTRAL 215CC MARINA ;ALMACEN
17191;DET.MAGISTRAL 215CC MARINA MUL.PLUS;ALMACEN
24543;DET.MAGISTRAL 215CC ULTRA LIMON;ALMACEN
27030;DET.MAGISTRAL 225CC LIMON;ALMACEN
09626;DET.MAGISTRAL 300CC ALOE;ALMACEN
00427;DET.MAGISTRAL 300CC LIMON;ALMACEN
07306;DET.MAGISTRAL 300CC LIMON;ALMACEN
18297;DET.MAGISTRAL 300CC LIMON POWER;ALMACEN
20761;DET.MAGISTRAL 300CC LIMON ULTRA;ALMACEN
06087;DET.MAGISTRAL 300CC MARINA;ALMACEN
18298;DET.MAGISTRAL 300CC MARINA POWER;ALMACEN
27979;DET.MAGISTRAL 300CC PLATINUM LIMON ;ALMACEN
24541;DET.MAGISTRAL 300CC ULTRA LIMON;ALMACEN
24542;DET.MAGISTRAL 300CC ULTRA MARINA;ALMACEN
22419;DET.MAGISTRAL 300ML PLATINUM LIMON VERDE;ALMACEN
16308;DET.MAGISTRAL 300ML PLUS LIMON;ALMACEN
16309;DET.MAGISTRAL 300ML PLUS MARINA;ALMACEN
26431;DET.MAGISTRAL 300ML ULTRA LIMON;ALMACEN
26449;DET.MAGISTRAL 450CC LIMON DP;ALMACEN
19688;DET.MAGISTRAL 500CC LIMON ;ALMACEN
26149;DET.MAGISTRAL 500CC LIMON CREMOSO;ALMACEN
18236;DET.MAGISTRAL 500CC LIMON POWER;ALMACEN
20119;DET.MAGISTRAL 500CC LIMON ULTRA;ALMACEN
24469;DET.MAGISTRAL 500CC LIMON ULTRA;ALMACEN
04693;DET.MAGISTRAL 500CC MANZANA;ALMACEN
16667;DET.MAGISTRAL 500CC MANZANA;ALMACEN
07921;DET.MAGISTRAL 500CC MARINA;ALMACEN
16726;DET.MAGISTRAL 500CC MARINA ;ALMACEN
18361;DET.MAGISTRAL 500CC MARINA POWER;ALMACEN
25641;DET.MAGISTRAL 500CC MARINA ULTRA ;ALMACEN
07934;DET.MAGISTRAL 500CC NARANJA;ALMACEN
16668;DET.MAGISTRAL 500CC NARANJA;ALMACEN
18362;DET.MAGISTRAL 500CC NARANJA POWER;ALMACEN
26148;DET.MAGISTRAL 500CC PUREZA ACTIVA;ALMACEN
22921;DET.MAGISTRAL 500ML PLATINUM LIMON;ALMACEN
24669;DET.MAGISTRAL 500ML PLATINUM LIMON;ALMACEN
21847;DET.MAGISTRAL 750CC ALOE ULTRA;ALMACEN
08087;DET.MAGISTRAL 750CC LIMON;ALMACEN
16452;DET.MAGISTRAL 750CC LIMON PLUS;ALMACEN
20118;DET.MAGISTRAL 750CC LIMON ULTRA;ALMACEN
20978;DET.MAGISTRAL 750CC MANZANA ULTRA;ALMACEN
18999;DET.MAGISTRAL 750CC NARANJA POWER;ALMACEN
18115;DET.MAGISTRAL 750ML LIMON ;ALMACEN
18116;DET.MAGISTRAL 750ML MARINA ;ALMACEN
16962;DET.MAGISTRAL 750ML MARINA PLUS;ALMACEN
26175;DET.MAGISTRAL 750ML PLATINUM LIMON VERDE;ALMACEN
24744;DET.MAGISTRAL 750ML ULTRA LIMON ;ALMACEN
24687;DET.MAGISTRAL 750ML ULTRA MARINA ;ALMACEN
08085;DET.MAGISTRAL 900CC LIMON;ALMACEN
20120;DET.MAGISTRAL 900CC LIMON ULTRA;ALMACEN
24329;DET.MIGISTRAL  750ML PLATINUM+;ALMACEN
23224;DET.ODEX 500CC ULTRA LIMON ;ALMACEN
23627;DET.SUN 1KG POLVO BOLSA;ALMACEN
24184;DET.SUN 1KG POLVO BOT;ALMACEN
27291;DET.SUN 1KG POLVO BOT;ALMACEN
17520;DET.SUN 350G TABLETAS ;ALMACEN
23628;DET.SUN 3EN1 20U TABLETAS;ALMACEN
23657;DET.SUN 500CC ABRILLANTADOR;ALMACEN
25311;DET.WOOLITE 450CC DOY PROTEC Y CUIDADO;ALMACEN
11255;DET.WOOLITE 450CC R.BEBE;ALMACEN
24852;DET.WOOLITE 900CC DOY PROTEC Y CUIDADO;ALMACEN
11256;DET.WOOLITE 900CC DOY R.BCA.;ALMACEN
25395;DET.WOOLITE 900CC DOY ROPA BLANCA;ALMACEN
00541;DET.WOOLITE 900CC LIQ.DOY BEBE;ALMACEN
26233;DET.WOOLITE LIQ.1,5L DOY R.OSCURA;ALMACEN
02586;DET.WOOLITE LIQ.1.5L DOY NEGRO;ALMACEN
25916;DET.WOOLITE LIQ.1.5L DOY PROTEC Y CUIDADO;ALMACEN
01273;DET.WOOLITE LIQ.450ML DOY BEBE;ALMACEN
01261;DET.WOOLITE LIQ.450ML DOY BLAN;ALMACEN
24987;DET.WOOLITE LIQ.450ML DOY R.OSCURA;ALMACEN
25927;DET.WOOLITE LIQ.450ML DOY ROPA BLANCA;ALMACEN
24845;DET.WOOLITE LIQ.450ML DOY SEDA Y LANA;ALMACEN
02875;DET.WOOLITE LIQ.450ML DOY TODO;ALMACEN
13939;DET.WOOLITE LIQ.5L MATIC;ALMACEN
24844;DET.WOOLITE LIQ.900ML DOY R.OSCURA;ALMACEN
24233;DETERGENTE CLEANNY 750CC ALOE VERA;ALMACEN
24235;DETERGENTE CLEANNY 900CC LIMON;ALMACEN
25260;DETERGENTE VICTORY 5L CONCENTRADO;ALMACEN
27845;DIFUSOR AROME FIN 125CC CONY;ALMACEN
11497;DIFUSOR AROME FIN 125CC NARANJA;ALMACEN
27843;DIFUSOR AROME FIN 125CC NINA;ALMACEN
27844;DIFUSOR AROME FIN 125CC PAULA;ALMACEN
27970;DIFUSOR AROME FIN 125CC PETIT ;ALMACEN
27964;DIFUSOR AROME FIN 125CC TE VERDE ;ALMACEN
14378;DIFUSOR HOJALATA;ALMACEN
10283;DIFUSOR SAPHIRUS 125ML ORANGE ;ALMACEN
10279;DIFUSOR SAPHIRUS 125ML PERAS Y FLORES ;ALMACEN
27322;DIFUSOR SMELL FRESH 160ML VARILLAS CHER;ALMACEN
27321;DIFUSOR SMELL FRESH 160ML VARILLAS JAZMIN;ALMACEN
27320;DIFUSOR SMELL FRESH 160ML VARILLAS NEW YORK;ALMACEN
25964;DIFUSOR WALKER LEBLON LOOK 60CC;ALMACEN
26698;DINOS GRANGYS 400G POLLO;FIAMBRERIA
24920;DISCO ADHESIVO PATO 36ML LAVANDA;ALMACEN
26060;DISCO ADHESIVO PATO 36ML REP.LAVANDA;ALMACEN
28032;DISCO ADHESIVO PATO FULL LAVANDA ;ALMACEN
06968;DISCO ADHESIVO PATO REP.CITRUS;ALMACEN
01281;DISCO ADHESIVO PATO REP.FLORAL;ALMACEN
08121;DISCO ADHESIVO PATO REP.MARINA;ALMACEN
06288;DISCO AIRE PUR 12G ANTIPOLILLA LAVANDA ;ALMACEN
11168;DISCOS ALG.ESTRELLA 80U;ALMACEN
25806;DISPENSER JABON;ALMACEN
00141;DONAS FRANKY X UNID;PANADERIA
22854;DORITOS 129G QUESO;ALMACEN
24859;DORITOS 200G QUESO;ALMACEN
27024;DORITOS 20G QUESO;ALMACEN
13558;DORITOS 220G QUESO;ALMACEN
27023;DORITOS 35G SWEET CHILI;ALMACEN
22143;DORITOS 40G QUESO;ALMACEN
27691;DORITOS 74G PIZZA;ALMACEN
25793;DORITOS 74G SWEET CHILI;ALMACEN
22246;DORITOS 77G QUESO;ALMACEN
24686;DORITOS DIMANITA 70G FLAMIN HOT ;ALMACEN
27071;DORITOS DINAMITA 45G EXTRA FLAMIN HOT ;ALMACEN
21946;DORITOS DINAMITA 70G FLAMIN HOT ;ALMACEN
26153;DORITOS DINAMITA 82G FLAMIN HOT ;ALMACEN
26822;DORITOS DINAMITA 82G FLAMIN HOT ;ALMACEN
27022;DORITOS DINAMITA 82G FLAMIN HOT ;ALMACEN
27401;DR LEMON 1L GREEN APPLE;ALMACEN
21840;DR LEMON 473CC GIN TONIC;ALMACEN
26229;DR LEMON 473CC GIN TROPICAL;ALMACEN
04991;DR LEMON 473CC LIMON;ALMACEN
20117;DR LEMON 473CC MOJITO;ALMACEN
26865;DR LEMON 473CC SPICY;ALMACEN
05017;DR LEMON 473CC VODKA;ALMACEN
19989;DR LEMON 473CC VODKA CHERRY;ALMACEN
15432;DR LEMON 473CC VODKA POMELO ;ALMACEN
21841;DR LEMON 6*473CC GIN TONIC;ALMACEN
01895;DR LEMON 6*473CC LIMON;ALMACEN
1902;DR LEMON 6*473CC VODKA;ALMACEN
09468;DR LEMON.1L LIMON;ALMACEN
10725;DR LEMON.1L MOJITO;ALMACEN
03148;DR LEMON.1L VODKA;ALMACEN
19190;DR LEMON.1L VODKA POMELO;ALMACEN
02742;DR LEMON.1L VODKA RED BERRY;ALMACEN
24903;DR LEMON.1L VODKA/NARANJA ;ALMACEN
18411;DULCE ALMENDRAS F.LAS VACAS 250G COLONIAL;FIAMBRERIA
24130;DULCE ARCOR 500G BATATA C/CHOCOL.;FIAMBRERIA
06119;DULCE ARCOR 500G BATATA VAI CA;FIAMBRERIA
06106;DULCE ARCOR 500G MEMBRILLO ESTUCHE;FIAMBRERIA
00377;DULCE ARCOR K BATATA;FIAMBRERIA
00378;DULCE ARCOR K BATATA CHOCOLATE;FIAMBRERIA
00018;DULCE ARCOR K MEMBRILLO;FIAMBRERIA
16537;DULCE BATATA ARCOR 180G POTE ;FIAMBRERIA
16536;DULCE BATATA ARCOR 500G SACHET;FIAMBRERIA
22310;DULCE CUARTO 280GR QUINOA VEGANO;ALMACEN
22312;DULCE CUARTO 450GR ARANDANOS;ALMACEN
22311;DULCE CUARTO 450GR FRUTOS ROJOS;ALMACEN
22313;DULCE CUARTO 500GR BATATA;ALMACEN
22314;DULCE CUARTO 500GR MEMBRILLO;ALMACEN
22675;DULCE CUARTO 500GR.DIET BATATA;ALMACEN
22676;DULCE CUARTO 500GR.DIET MEMBRILLO;ALMACEN
27125;DULCE DE LECHE LS 250G DUBAI;FIAMBRERIA
27390;DULCE DE LECHE LS 250G ZERO LACTOSA;FIAMBRERIA
25298;DULCE DE LECHE REGIDIET 445G;FIAMBRERIA
25297;DULCE DE LECHE TRINI 200G;FIAMBRERIA
00165;DULCE DULCOR KG BATATA;FIAMBRERIA
00144;DULCE DULCOR KG BATATA CHOCOL;FIAMBRERIA
00832;DULCE DULCOR KG MEMBRILLO;FIAMBRERIA
22286;DULCE DULCOR LATA MEMBRILLO 5KG;FIAMBRERIA
00031;DULCE ESNAOLA KG BATATA CEREZA;FIAMBRERIA
22247;DULCE LECHE ARMONIA 400G ;FIAMBRERIA
20999;DULCE LECHE CACHAFAZ 450G ;FIAMBRERIA
21000;DULCE LECHE CACHAFAZ 800G;FIAMBRERIA
17047;DULCE LECHE EL BOLSON 450G;FIAMBRERIA
22649;DULCE LECHE FANTOCHE 450GR;FIAMBRERIA
03575;DULCE LECHE ILOLAY 1KG;FIAMBRERIA
03576;DULCE LECHE ILOLAY 1KG REPOSTERO;FIAMBRERIA
000794;DULCE LECHE ILOLAY 200G;FIAMBRERIA
19724;DULCE LECHE ILOLAY 205G;FIAMBRERIA
04995;DULCE LECHE ILOLAY 400G;FIAMBRERIA
02015;DULCE LECHE ILOLAY 400G REPOST;FIAMBRERIA
17083;DULCE LECHE ILOLAY 405G CLASICO ;FIAMBRERIA
25171;DULCE LECHE PAULINA 400G FAMILIAR;FIAMBRERIA
25172;DULCE LECHE PAULINA 400G RESPOSTERO;FIAMBRERIA
001101;DULCE LECHE PONCHO NEGRO 450G;FIAMBRERIA
08019;DULCE LECHE SER 300G POTE;FIAMBRERIA
27942;DULCE LECHE SER 400G POTE ;FIAMBRERIA
21194;DULCE LECHE SEREN.1KG CLASICO ;FIAMBRERIA
15955;DULCE LECHE SEREN.1KG COLONIAL F.CALCIO;FIAMBRERIA
20223;DULCE LECHE SEREN.250G CLASICO;FIAMBRERIA
15657;DULCE LECHE SEREN.250G COL.FCALCIO;FIAMBRERIA
21733;DULCE LECHE SEREN.300G RED.LACT.;FIAMBRERIA
26194;DULCE LECHE SEREN.300G ZERO LACTOSA;FIAMBRERIA
13735;DULCE LECHE SEREN.400G CLASICO;FIAMBRERIA
13635;DULCE LECHE SEREN.400G COLONIAL;FIAMBRERIA
000262;DULCE LECHE SEREN.400G.REPOST;FIAMBRERIA
15083;DULCE LECHE TONADITA 1KG CLASICO;FIAMBRERIA
22568;DULCE LECHE TONADITA 1KG CLASICO;FIAMBRERIA
07081;DULCE LECHE TONADITA 250G CLASICO;FIAMBRERIA
22737;DULCE LECHE TONADITA 250G CLASICO;FIAMBRERIA
05118;DULCE LECHE TONADITA 400G CLASICO;FIAMBRERIA
22569;DULCE LECHE TONADITA 400G CLASICO;FIAMBRERIA
15932;DULCE LECHE TONADITA 400G REPOSTERO;FIAMBRERIA
03174;DULCE LECHE TREGAR 400G;FIAMBRERIA
10211;DULCE LECHE TRINI 400G;FIAMBRERIA
02095;DULCE LECHE VERONICA 1KG;FIAMBRERIA
02089;DULCE LECHE VERONICA 400G CLASICO;FIAMBRERIA
02096;DULCE LECHE VERONICA 400G REPOSTERO;FIAMBRERIA
16534;DULCE MEMBRILLO ARCOR 180G POTE S/T;FIAMBRERIA
16535;DULCE MEMBRILLO ARCOR 500G SACHET ;FIAMBRERIA
00349;DULCE MEMBRILLO KG;FIAMBRERIA
01042;DULCE ORIETA BATATA CHOC.KILO;FIAMBRERIA
24518;DURAZNO ALCO 800G LIGHT ;ALMACEN
23851;DURAZNO ALCO 820G COMUN;ALMACEN
07680;DURAZNO BAHIA 820G MITADES;ALMACEN
02578;DURAZNO COLINA 820G MITADES;ALMACEN
07687;DURAZNO COPA DE ORO 485G MITADES;ALMACEN
11380;DURAZNO GENTLEMAN 820G MIT.BAJAS CAL;ALMACEN
11356;DURAZNO GENTLEMAN 820G MITADES;ALMACEN
06503;DURAZNO INCA 820G;ALMACEN
21386;DURAZNO MORA 820G MITADES;ALMACEN
00778;DURAZNO OFERTA EL KG.;VERDULERIA
06537;DURAZNO OKEY 820G;ALMACEN
27502;DURAZNO SABIO 485G MITADES;ALMACEN
00738;DURAZNOS  EL KG;VERDULERIA
27910;DURAZNOS CUMANA 800G DIET;ALMACEN
25645;DURAZNOS FRUIT LIFE 250GR;VERDULERIA
26621;ECCOLE 9GR;ALMACEN
00691;ECHALOTE;VERDULERIA
3648;EDULC.CABRALES 100S;ALMACEN
15518;EDULC.CHUKER 200CC;ALMACEN
16305;EDULC.CHUKER 200CC C/STEVIA;ALMACEN
15770;EDULC.CHUKER 400ML ;ALMACEN
15771;EDULC.CHUKER 400ML STEVIA;ALMACEN
01672;EDULC.EQUALSWEET  50U;ALMACEN
04975;EDULC.EQUALSWEET  50U STEVIA;ALMACEN
19293;EDULC.EQUALSWEET 100G;ALMACEN
04977;EDULC.EQUALSWEET 100U;ALMACEN
04978;EDULC.EQUALSWEET 100U STEVIA;ALMACEN
19306;EDULC.EQUALSWEET 180CC;ALMACEN
05015;EDULC.EQUALSWEET 400U;ALMACEN
03540;EDULC.HILERET 100 SOB.LIGHT;ALMACEN
15388;EDULC.HILERET 100SOB.CLASICO FORTE;ALMACEN
001008;EDULC.HILERET 1A10 250CC;ALMACEN
14732;EDULC.HILERET 200CC 0% MATE;ALMACEN
14886;EDULC.HILERET 400ML MATE;ALMACEN
16443;EDULC.HILERET 500ML CLASICO FORTE ;ALMACEN
18896;EDULC.HILERET FORTE 250ML LIQ.C/ZINC ;ALMACEN
17997;EDULC.HILERET FORTE 50S CLASICO POLVO;ALMACEN
07425;EDULC.HILERET LIGHT POLVO 250G;ALMACEN
04579;EDULC.HILERET LIGHT POLVO 500G;ALMACEN
07027;EDULC.HILERET STEVIA  50 SOB.;ALMACEN
07063;EDULC.HILERET STEVIA 100 SOB.;ALMACEN
001002;EDULC.HILERET STEVIA 200CC;ALMACEN
25003;EDULC.HILERET STEVIA TERRONCITOS 112G;ALMACEN
07025;EDULC.HILERET SWEET  50 SOB.;ALMACEN
07149;EDULC.HILERET SWEET 100 SOB.;ALMACEN
06940;EDULC.HILERET SWEET 200ML;ALMACEN
08875;EDULC.HILERET SWEET 400ML;ALMACEN
16090;EDULC.HILERET SWEET FORTE 100S C/ZINC;ALMACEN
06485;EDULC.HILERET ZUCRA  50 SOB;ALMACEN
06490;EDULC.HILERET ZUCRA 100 SOB;ALMACEN
06585;EDULC.HILERET ZUCRA 200 ML;ALMACEN
25929;EDULC.HILERET ZUCRA 200 SOBRES;ALMACEN
08881;EDULC.HILERET ZUCRA 400ML;ALMACEN
17998;EDULC.HILERET ZUCRA 400ML FORTE C/ZINC;ALMACEN
17970;EDULC.HILERET ZUCRA 50S FORTE C/ZINC;ALMACEN
25133;EDULC.HILERET ZUCRA TERRONCITOS 112G;ALMACEN
24733;EDULC.LIV 100S CLASICO ;ALMACEN
23997;EDULC.LIV 200CC STEVIA;ALMACEN
15139;EDULC.STEVIADULRI 100S POLVO;ALMACEN
15140;EDULC.STEVIADULRI 120CC LIQ.;ALMACEN
15138;EDULC.STEVIADULRI 50S POLVO;ALMACEN
15141;EDULC.STEVIADULRI 90G POTE;ALMACEN
17350;EDULC.SWEET TUY 200CC LIQ.;ALMACEN
17795;EDULC.TUY 200CC LIQ.SUCRA ;ALMACEN
19774;EDULC.TUY 50U SOBRES;ALMACEN
17085;EDULC.TUY CLASICO 100S POLVO EQ.;ALMACEN
18337;EDULC.TUY LIQUIDO 200CC CLASICO;ALMACEN
25583;EDULC.TUY MATE 200CC LIQUIDO ;ALMACEN
17348;EDULC.TUY STEVIA 100S POLVO;ALMACEN
17944;EDULC.TUY STEVIA 50U SOBRES;ALMACEN
19775;EDULC.TUY STEVIA LIQUIDO 200CC;ALMACEN
16742;EDULC.TUY SUCRA 50S EQUILIBRIO;ALMACEN
22714;EDULC.TUY SUCRA SOBRE 100U EQUILIBRADO;ALMACEN
22152;EDULC.TUY SWEET 100S POLVO ;ALMACEN
24694;EDULC.TUY SWEET 400S POLVO ;ALMACEN
24627;EDULC.TUY SWEET 50S POLVO EQUIL.;ALMACEN
19084;EDULCORANTE CABRALES 400S CAJA;ALMACEN
02067;EDULCORANTE CABRALES 400U;ALMACEN
18937;ELIM.OLORES REVIGAL 100CC INT.;ALMACEN
06008;EMBUDO DELFINA N10 QUECHUA;ALMACEN
27937;EMBUDO DELFINA N13 QUECHUA;ALMACEN
15489;EMBUDO DELFINA N16 QUECHUA;ALMACEN
16462;EMBUDO PORTEÑA Nº 11;ALMACEN
06095;EMBUDO QUECHUA N16;ALMACEN
25784;EMULSION LIMPIADORA QSOFT 500G PASPADURAS;ALMACEN
25797;ENCEND. DE COCINA FLEXIBLE MACAO;ALMACEN
25798;ENCEND. DE COCINA MACAO 12CM;ALMACEN
25799;ENCEND. DE COCINA MACAO C/BOTON ;ALMACEN
26650;ENERG.RED BULL 250CC VAINILLA BERRY;ALMACEN
25661;ENERGIZANTE MONSTER 4733CC ULTRA WATERMELON;ALMACEN
27065;ENERGIZANTE MONSTER 473CC ANANA;ALMACEN
19520;ENERGIZANTE MONSTER 473CC GREEN;ALMACEN
25175;ENERGIZANTE MONSTER 473CC GREEN;ALMACEN
14133;ENERGIZANTE MONSTER 473CC MANGO;ALMACEN
25176;ENERGIZANTE MONSTER 473CC MANGO LOCO;ALMACEN
05901;ENERGIZANTE MONSTER 473CC PARADISE;ALMACEN
26439;ENERGIZANTE MONSTER 473CC PIPELINE PUNCH;ALMACEN
21647;ENERGIZANTE MONSTER 473CC RESER PINEAP;ALMACEN
08070;ENERGIZANTE MONSTER 473CC SUNRISE;ALMACEN
27680;ENERGIZANTE MONSTER 473CC ULTRA PEACHY KEEN;ALMACEN
27100;ENERGIZANTE MONSTER 473CC ULTRA SUNRISE;ALMACEN
24693;ENERGIZANTE MONSTER 473CC ULTRA WHITE;ALMACEN
16949;ENERGIZANTE MONSTER 473CC VAL.ROSSI;ALMACEN
26254;ENERGIZANTE MONSTER 473CC VAL.ROSSI;ALMACEN
18373;ENERGIZANTE MONSTER 473CC WATER MELON;ALMACEN
24400;ENERGIZANTE MONSTER 473CC ZERO ;ALMACEN
04453;ENERGIZANTE RED BULL 250CC;ALMACEN
24615;ENERGIZANTE RED BULL 250CC CEREZA&FTOS.ROJOS ;ALMACEN
27114;ENERGIZANTE RED BULL 250CC FRUTOS ROJOS;ALMACEN
27372;ENERGIZANTE RED BULL 250CC POMELO ROSADO;ALMACEN
20234;ENERGIZANTE RED BULL 250CC RED EDITION;ALMACEN
07416;ENERGIZANTE RED BULL 250CC SUGAR FREE;ALMACEN
25565;ENERGIZANTE RED BULL 250ML DUR-FRUT.;ALMACEN
25894;ENERGIZANTE RED BULL 250ML FRUTA DEL DRAGON;ALMACEN
23119;ENERGIZANTE RED BULL 250ML FRUTA DRAGON ;ALMACEN
13374;ENERGIZANTE RED BULL 250ML TROPICAL;ALMACEN
11658;ENERGIZANTE RED BULL 355CC;ALMACEN
04049;ENERGIZANTE RED BULL 4*250CC;ALMACEN
04365;ENERGIZANTE RED BULL 4*250CC FTA.DRAGON;ALMACEN
20235;ENERGIZANTE RED BULL 4*250CC RED EDITION;ALMACEN
13373;ENERGIZANTE RED BULL 4*250CC TROPICAL;ALMACEN
18246;ENERGIZANTE RED BULL 4*250ML ;ALMACEN
13477;ENERGIZANTE ROCKSTAR 500CC;ALMACEN
25143;ENERGIZANTE ROCKSTAR 500CC NARANJA;ALMACEN
27387;ENERGIZANTE SH 250CC;ALMACEN
10723;ENERGIZANTE SPEED 473CC UNLIM;ALMACEN
23108;ENERGIZANTE SPEED 473CC ZERO SUGAR ;ALMACEN
16344;ENG.BUCAL COLGATE 500ML ANTI SARRO;ALMACEN
15794;ENJ.BUCAL COLGATE 180CC ICE INFINITY;ALMACEN
23390;ENJ.BUCAL COLGATE 250CC ICE INTENSO;ALMACEN
07252;ENJ.BUCAL COLGATE 250CC L.WHIT;ALMACEN
21468;ENJ.BUCAL COLGATE 250CC PLAX LUMINOUS W S/ALC;ALMACEN
19525;ENJ.BUCAL COLGATE 250CC SOFT MINT;ALMACEN
10999;ENJ.BUCAL COLGATE 250CC TOTAL;ALMACEN
21462;ENJ.BUCAL COLGATE 250CC TOTAL 12 C.MINT;ALMACEN
23381;ENJ.BUCAL COLGATE 250CC TOTAL12 ANTISARRO;ALMACEN
19453;ENJ.BUCAL COLGATE 250ML PLAX FRESH MINT;ALMACEN
21461;ENJ.BUCAL COLGATE 250ML PLAX FRESH MINT;ALMACEN
26230;ENJ.BUCAL COLGATE 250ML TOTAL CARBON;ALMACEN
11576;ENJ.BUCAL COLGATE 500CC CLASSI;ALMACEN
05081;ENJ.BUCAL COLGATE 500CC FRESH MINT;ALMACEN
11211;ENJ.BUCAL COLGATE 500CC ICE INFINITY;ALMACEN
16343;ENJ.BUCAL COLGATE 500ML CLEAN MINT ;ALMACEN
27052;ENJ.BUCAL COLGATE 500ML PLAX ANTI SARRO;ALMACEN
27060;ENJ.BUCAL COLGATE 500ML PLAX CLASSIC;ALMACEN
21460;ENJ.BUCAL COLGATE 500ML PLAX FRESH MINT;ALMACEN
03225;ENJ.BUCAL COLGATE PLAX 250ML MINIONS ;ALMACEN
18486;ENJ.BUCAL COLGATE TOTAL 250ML ENCIAS REF.;ALMACEN
22106;ENJ.BUCAL PLAX 250CC CLASSIC ROJO;ALMACEN
22107;ENJ.BUCAL PLAX 250CC TOTAL 12 ENCIAS REF.;ALMACEN
22105;ENJ.BUCAL PLAX 500CC ICE INFINITY;ALMACEN
02715;ENSALAD.GALAXIA INCOLORO GRAND;ALMACEN
09641;ENSALAD.PRIMAVERA INCOL.CHICA 1LT;ALMACEN
06352;ENSALAD.PRIMAVERA INCOL.GRANDE 1.6LT;ALMACEN
17691;ENSALADA ATUN BAHIA 112G CALIFORNIA;ALMACEN
17692;ENSALADA ATUN BAHIA 112G ESCABECHE;ALMACEN
16273;ENSALADA ATUN CAMPAG.180G ACEITE;ALMACEN
16274;ENSALADA ATUN CAMPAG.180G OLIVA;ALMACEN
24873;ENSALADA ATUN CAMPAG.285G MIX ARVEJAS;ALMACEN
24872;ENSALADA ATUN CAMPAG.285G MIX CHOCLO;ALMACEN
26797;ENSALADA ATUN LA CAMPAG.180G;ALMACEN
00634;ENSALADA BOWLS;VERDULERIA
04692;ENSALADA GRANJA SOL PRIMAVERA;ALMACEN
00537;ENSALADA MIX;VERDULERIA
26594;ENSALADERA 16*5 ACERO INOX.;ALMACEN
20514;ENSALADERA 22*6CM ACERO INOX.;ALMACEN
20515;ENSALADERA 24*6.5CM ACERO INOX.;ALMACEN
20513;ENSALADERA 30*7.5CM  ACERO INOX.;ALMACEN
24989;ENSALADERA ACQUAMARINE INC.1605ML;ALMACEN
25932;ENSALADERA FIRENZE;ALMACEN
00151;ENTRANA EL KILO;CARNICERIA
27108;ESCABECHE LA CUENCA 350G CHIVO;FIAMBRERIA
25990;ESCABECHE VERONESI 350G CERDO;FIAMBRERIA
25985;ESCABECHE VERONESI 350G CIERVO;FIAMBRERIA
25989;ESCABECHE VERONESI 350G CORDERO;FIAMBRERIA
25986;ESCABECHE VERONESI 350G JABALI;FIAMBRERIA
25988;ESCABECHE VERONESI 350G PAVITA;FIAMBRERIA
25987;ESCABECHE VERONESI 350G POLLO;FIAMBRERIA
04164;ESCOB.F.S PVC.PUMA;ALMACEN
02762;ESCOB.F.S.BARRENDERO GRUESO;ALMACEN
02722;ESCOB.F.S.CERDA BIGOTE;ALMACEN
03958;ESCOB.F.S.CERDA ITALIA;ALMACEN
02719;ESCOB.F.S.CERDA LISO;ALMACEN
04551;ESCOB.F.S.CERDA MILANO;ALMACEN
02387;ESCOB.F.S.PVC BAMBINA;ALMACEN
02391;ESCOB.F.S.PVC DONNA;ALMACEN
06090;ESCOB.F.S.PVC FLORENCIA;ALMACEN
06918;ESCOB.F.S.PVC MARTINA;ALMACEN
05646;ESCOB.F.S.PVC RAGAZZA;ALMACEN
02392;ESCOB.F.S.PVC VENECIA;ALMACEN
11919;ESCOB.SALZANO CERDA BIGOTE;ALMACEN
14107;ESCOB.SALZANO CERDA BIGOTE;ALMACEN
10834;ESCOB.SALZANO CERDA BIGOTE CORDON;ALMACEN
13215;ESCOB.SALZANO L. PLASTICO;ALMACEN
15538;ESCOB.SALZANO TIGRE;ALMACEN
16722;ESCOBA 5 HILOS COMUN ;ALMACEN
02712;ESCOBA F.S.CAPUCHINA AZUL;ALMACEN
02755;ESCOBA F.S.ESCONOMICA;ALMACEN
04331;ESCOBA F.S.EUROPA;ALMACEN
10775;ESCOBA SALSANO AMERICA;ALMACEN
14755;ESCOBA SALZANO GACELA;ALMACEN
03686;ESCOBILLA F.S.BANO C/DEPOSITO;ALMACEN
02105;ESCOBILLA F.S.BANO ESFERICA;ALMACEN
26177;ESCOBILLA SAMANTHA WC ROLL C/VASO;ALMACEN
21492;ESCOBILLA VIRULANA BAÑO C/DEP;ALMACEN
24876;ESCOBILLON ANDEN 60CM CERDA;ALMACEN
25595;ESCOBILLON BARRENDERO ESPECIAL;ALMACEN
25001;ESCOBILLON BARRENDERO INDUSTRIAL;ALMACEN
25000;ESCOBILLON LEON SALZANO;ALMACEN
25047;ESCOBILLON SAMANTHA ANDEN 60CM;ALMACEN
26468;ESCURRIDOR DE PLATOS SAN REMO;ALMACEN
26608;ESCURRIDOR PLATOS COLOR;ALMACEN
24397;ESCURRIDOR PLATOS LA PORTEÑA ;ALMACEN
09547;ESCURRIDOR VEGGIE PLATOS;ALMACEN
02138;ESENCIA ALICANTE VAINILLA 100ML ST;ALMACEN
001086;ESENCIA VAINILLA CALIERI 150CC;ALMACEN
01347;ESENCIA VAINILLA CALIERI 30CC;ALMACEN
21117;ESENCIA VAINILLA MENOYO 100CC;ALMACEN
26616;ESP.DEA ACERO 13GR ;ALMACEN
000501;ESP.DEA ACERO GIGANTE;ALMACEN
000502;ESP.DEA ACERO XL;ALMACEN
25606;ESP.DEA ACERO XL SUPER COMBINADA;ALMACEN
26630;ESP.DEA BRONCE 13GR ;ALMACEN
26776;ESP.DEA BRONCE 13GR;ALMACEN
07708;ESP.DEA BRONCE GIGANTE;ALMACEN
15745;ESP.DEA BRONCE XL;ALMACEN
01907;ESP.DEA COMBINADA  ACERO/FIBRA;ALMACEN
02482;ESP.DEA COMBINADA BRONCE/FIBRA;ALMACEN
04812;ESP.SED METAL ACERO 2U;ALMACEN
01854;ESP.VIRULANA ACERO;ALMACEN
00746;ESPARRAGOS  UNIDAD ;VERDULERIA
16484;ESPARRAGOS DIDIER 175G FCO.;FIAMBRERIA
22233;ESPARRAGOS MARVAVIC 330G FRASCO;FIAMBRERIA
18130;ESPATULA LA PLANCHETTA ;ALMACEN
27824;ESPATULA NYLON MANGO AZUL;ALMACEN
18886;ESPATULA POLYWOOD TAMONTINA P/MANTECA;ALMACEN
19471;"ESPATULA POLYWOOD TRAMONTINA 3"" P/MANTECA";ALMACEN
25776;ESPATULA PORTEÑA ACERO;ALMACEN
27810;ESPATULA REAL HELADOS;ALMACEN
17138;ESPATULA SILICONA VERDE ;ALMACEN
27709;ESPECIAS CALLIERI 90G P/TORTAS ;ALMACEN
15619;ESPECIAS MOLE 45G PIMENTON;ALMACEN
18121;ESPECIAS SURTIDAS 25G ST;ALMACEN
18220;ESPINACA DESHID.KNORR 50G ;ALMACEN
23010;ESPINACA GRANJA DEL SOL 500G;FIAMBRERIA
14351;ESPINACA GREEN LIFE 500G;VERDULERIA
24614;ESPINACA GREEN LIFE 550G ;VERDULERIA
00743;ESPINACA X KG;VERDULERIA
27328;ESPIRALES MOSQUITO STOP 10U ESTUCHE;ALMACEN
26404;ESPIRALES RAID 12U;ALMACEN
26405;ESPIRALES RAID 12U COUNTRY;ALMACEN
05954;ESPIRALES RAID 12UN;ALMACEN
05959;ESPIRALES RAID 12UN COUNTRY FR;ALMACEN
04229;ESPONJA BAÑO DEA MASAJES;ALMACEN
08265;ESPONJA BAÑO ESPON FLOR;ALMACEN
27934;ESPONJA BAÑO HUESO ;ALMACEN
27935;ESPONJA BAÑO POMPON;ALMACEN
26595;ESPONJA BOOB SPA DOBLE ACCION VEGETAL;ALMACEN
23749;ESPONJA CALYPSO RELAX DIARIO;ALMACEN
04783;ESPONJA DEA BANO ANATOMICA;ALMACEN
13852;ESPONJA DEA BAÑO INFANTIL;ALMACEN
4228;ESPONJA DEA KITCHEN;ALMACEN
04226;ESPONJA DEA LAVA AUTOS;ALMACEN
27945;ESPONJA DEA ULTRA DARK ;ALMACEN
11988;ESPONJA DESMAQ. CALYPSO *2;ALMACEN
24586;ESPONJA DOBLE AYUDIN CUADRICULADA ;ALMACEN
25394;ESPONJA DORADA S.METAL 13G;ALMACEN
08007;ESPONJA MORTIMER 13G ACERO INOX;ALMACEN
25638;ESPONJA MORTIMER BRONCE;ALMACEN
05125;ESPONJA MORTIMER CUADRICULADA;ALMACEN
06140;ESPONJA MORTIMER CUIDADOSA;ALMACEN
4894;ESPONJA MORTIMER DOBLE CARA;ALMACEN
25438;ESPONJA PORTEÑA BRONCE 15G;ALMACEN
25038;ESPONJA PORTEÑA EXTRAGRANDE PLATEADA;ALMACEN
25037;ESPONJA PORTEÑA SALVAUÑAS;ALMACEN
27553;ESPONJA PORTEÑA SALVAUÑAS OK.;ALMACEN
22131;ESPONJA SED METAL 15G ACERO INOX.;ALMACEN
22130;ESPONJA SED METAL 30G DORADA;ALMACEN
13000;ESPONJA SED METAL CERO RAYAS;ALMACEN
22751;ESPONJA SED METAL GIGANTE ;ALMACEN
20532;ESPONJA VIRULANA ANTIB.MULT.;ALMACEN
13538;ESPONJA VIRULANA BRONCE;ALMACEN
12530;ESPONJA VIRULANA BRONCE 2UN ;ALMACEN
20535;ESPONJA VIRULANA BRONCE 2UN;ALMACEN
13388;ESPONJA VIRULANA CUADRADITOS;ALMACEN
20536;ESPONJA VIRULANA INOXI. 2UN;ALMACEN
3956;ESPONJA VIRULANA INOXY;ALMACEN
19071;ESPONJA VIRULANA MULTIUSO S/RAYAR;ALMACEN
22595;ESPUM.DADA 750CC #7 ORANGE BITTER ;ALMACEN
23668;ESPUM.MARGARITA CHANCHOS 750CC ROSE;ALMACEN
28030;ESPUM.MUMM 269ML BRUT ROSE;ALMACEN
27486;ESPUM.MUMM 269ML EXTRA BRUT LATA;ALMACEN
27487;ESPUM.MUMM 269ML LEGER SPRITZ ;ALMACEN
28000;ESPUM.MUMM 269ML LEGER SPRITZ ;ALMACEN
27350;ESPUM.MUMM 750CC BRUT NATURE;ALMACEN
27777;ESPUM.MUMM 750CC LEGER DULCE;ALMACEN
27351;ESPUM.MUMM 750CC LEGER SPRITZ;ALMACEN
28031;ESPUM.MUMM 750ML EXTRA BRUT ;ALMACEN
19683;ESPUM.PODEROSA 750CC EXT.BRUT;ALMACEN
25389;ESPUM.RUTINI 750CC EXTRA BRUT ;ALMACEN
25385;ESPUM.RUTINI 750CC EXTRA BRUT *4U;ALMACEN
22597;ESPUM.SAN TELMO SPARK EXTRA BRUT 750CC;ALMACEN
26890;ESPUMA AFEITAR DUFOUR 138G CLASICA;ALMACEN
20763;ESPUMA GILLETTE 312G MENTOL;ALMACEN
23222;ESPUMA GILLETTE 312G REGULAR ;ALMACEN
20764;ESPUMA GILLETTE 312G SENSITIVE;ALMACEN
21388;ESPUMA MACGREGOR 213G;ALMACEN
20959;ESPUMA NIVEA 200CC MEN DEEP SHAVING;ALMACEN
04278;ESPUMA NIVEA 200CC MEN SENSIT.;ALMACEN
28073;ESPUMA NIVEA 200ML MEN SENSITIVE ;ALMACEN
27823;ESPUMADERA NYLON MANGO AZUL;ALMACEN
09941;ESPUMADERA REAL ASA NEGRA ;ALMACEN
06946;ESPUMADERA REAL ENTERIZA;ALMACEN
27835;ESPUMADERA REAL ENTERIZA;ALMACEN
23722;ESPUMANTE CINZANO 720CC PRO SPIRITZ;ALMACEN
27294;ESPUMANTE DESEADO 6*750CC DULCE NATURAL;ALMACEN
07026;ESPUMANTE DESEADO 750CC DULCE NATURAL;ALMACEN
14451;ESPUMANTE DESEADO 750CC EXTRA BRUT;ALMACEN
13819;ESPUMANTE DESEADO 750CC ROSE;ALMACEN
16558;ESPUMANTE DILEMA 750CC BLANCO DULCE;ALMACEN
16557;ESPUMANTE ESTANCIA MENDOZA 750CC E/B;ALMACEN
14836;ESTERILLA PRA SUSHI MADERA;ALMACEN
18791;ESTRAGON ALICANTE 10G ST;ALMACEN
01706;ESTRAGON AROMAS 25G;ALMACEN
21349;ESTUCHE 210 1/2 DOC. MEDIALUNERA;ALMACEN
21350;ESTUCHE 230 1 DOC. MEDIALUNERA;ALMACEN
25462;ESTUCHE CANALE - ATENCION COMERCIAL-;ALMACEN
25163;ESTUCHE CARTON FIESTAS ORO;ALMACEN
25164;ESTUCHE CARTON FIESTAS PLATA;ALMACEN
23677;ESTUCHE PALOMA HERRERA PASSION;ALMACEN
22356;ESTUCHE PAULA  ;ALMACEN
00945;FACTURA MANTECA FRANKY 1/2 DOC;PANADERIA
00385;FACTURA MANTECA FRANKY DOC.;PANADERIA
00021;FACTURA MANTECA FRANKY UNIDAD;PANADERIA
00317;FACTURAS FRANKY DIA ANTERIOR;PANADERIA
25783;FAJITAS TIA ROSA 275G C/TRIGO ;ALMACEN
00191;FALDA PARA PUCHERO EL KILO;CARNICERIA
00216;FALDA PARRILLERA EL KILO;CARNICERIA
15951;FANTA 310CC SIN AZUCAR LATA ;ALMACEN
23396;FANTA LATA 220CC ;ALMACEN
02562;FANTA LATA 310CC 1U;ALMACEN
02696;FANTA LATA 354CC NARANJA ;ALMACEN
26800;FANTA LATA 354CC NARANJA ZERO;ALMACEN
26942;FANTA LATA 473CC CHUCKY PUNCH;ALMACEN
28103;FANTA NARANJA 354ML LATA;ALMACEN
01404;FANTA PET  500CC NARANJA;ALMACEN
01509;FANTA PET  500CC NARANJA SIN AZUCAR;ALMACEN
900564;FANTA PET 1.50L NARANJA ORIGINAL;ALMACEN
002012;FANTA PET 1.50L NARANJA ZERO ;ALMACEN
06304;FANTA PET 2.25L NARANJA;ALMACEN
06256;FANTA PET 2.25L NARANJA ZERO;ALMACEN
23656;FANTA PET 2.25L POMELO;ALMACEN
02239;FANTA PET 3.00L NARANJA;ALMACEN
03444;FANTA PET 3.00L NARANJA;ALMACEN
21018;FANTA PET 500CC LIMON DULCE.;ALMACEN
23655;FANTA PET 500CC POMELO;ALMACEN
01693;FANTA RETORNABLE 2.0L NARANJA;ALMACEN
000095;FANTA VIDRIO 1.25L;ALMACEN
27438;FANTA VIDRIO 237CC;ALMACEN
02726;FARINA ALDEMA MANDIOCA 1K;ALMACEN
26615;FASTIX 25GR TRANSPARENTE;ALMACEN
00598;FECULA ALDEMA 1K MANDIOCA;ALMACEN
04155;FECULA ALGABO 250G DOY ALOE ;ALMACEN
04154;FECULA ALGABO 250G TALQUERA NATURAL ;ALMACEN
18172;FECULA DIMAX  500G MANDIOCA ;ALMACEN
10818;FECULA DIMAX 1KG MANDIOCA;ALMACEN
24914;FECULA GRANIX 400G MANDIOCA;ALMACEN
26578;FERNET 1882 450CC BOTELLA;ALMACEN
26152;FERNET 1882 473CC CON COLA LATA;ALMACEN
27999;FERNET 1882 473CC CON POMELO ;ALMACEN
26579;FERNET 1882 473CC LATA;ALMACEN
11126;FERNET 1882 750CC;ALMACEN
000313;FERNET BRANCA 450CC;ALMACEN
07653;FERNET BRANCA 750CC;ALMACEN
23869;FERNET BRANCA MENTA 450CC;ALMACEN
14087;FERNET BRANCA MENTA 750CC;ALMACEN
27847;FERNET BUHERO NEGRO 450CC CLASICO;ALMACEN
27848;FERNET BUHERO NEGRO 450CC MANDELO;ALMACEN
26974;FERNET BUHERO NEGRO 700CC;ALMACEN
27249;FERNET BUHERO NEGRO 700CC MANDELO;ALMACEN
13113;FERNET VITTONE  750CC;ALMACEN
01758;FERNET VITTONE 750CC SPECIALE;ALMACEN
27833;FERNETCOLA MASS 1L ;ALMACEN
00208;FIAMBRE CASONA CERDO COCIDO;FIAMBRERIA
03208;FIAMBRE CASONA CERDO COCIDO /G ;FIAMBRERIA
01009;FIAMBRE CERDO CAGNOLI EL KG ;FIAMBRERIA
00568;FIAMBRE COC.CERDO;FIAMBRERIA
01060;FIAMBRE COC.LARIO PATA CERDO;FIAMBRERIA
01141;FIAMBRE PALETA BIERZO KG;FIAMBRERIA
00346;FIAMBRE SAND.CHAMPION;FIAMBRERIA
000141;FIAMBRERIA;FIAMBRERIA
00142;FIAMBRIN LA QUESERA;FIAMBRERIA
05187;FIB.ESP.CIF  ANTIBACT;ALMACEN
21464;FIB.ESP.SED METAL CIRCULOS;ALMACEN
25138;FIB.ESP.SED METAL PARRILLERA;ALMACEN
05392;FIB.ESP.SED METAL SALVA UÑAS;ALMACEN
21700;FIBRA ESP.DEA EXTRA DELGADA;ALMACEN
01774;FIBRA ESP.DEA EXTRA FUERTE;ALMACEN
000297;FIBRA ESP.DEA PARRILLERA;ALMACEN
27735;FIBRA ESP.DEA UNIDAD  GRANDE CUADRICULADA;ALMACEN
04048;FIBRA ESP.DEA UNIDAD SALVAUNAS;ALMACEN
04041;FIBRA ESP.LISA DEA UNIDAD;ALMACEN
21463;FIBRA ESP.SED METAL ABRASIVA;ALMACEN
12531;FIBRA ESPONJA VIRULANA ANTIG.;ALMACEN
20534;FIBRA ESPONJA VIRULANA CUIDAUÑAS ;ALMACEN
12532;FIBRA ESPONJA VIRULANA FUERTE;ALMACEN
12534;FIBRA ESPONJA VIRULANA LISA;ALMACEN
24947;FIBRA FILGO LARGA X10 PINTO;ALMACEN
02807;FIBRAS TOTAL GRANIX 200G CON PASAS;ALMACEN
05511;FIBRAS TOTAL GRANIX 250G;ALMACEN
18732;FID. KNORR 500G DEDALITOS;ALMACEN
18733;FID. KNORR 500G LETRAS;ALMACEN
18731;FID. KNORR 500G MOÑOS;ALMACEN
16413;FID.ANDIAMO 350G AVEN/REMOL.TIRABUZON;ALMACEN
16415;FID.ANDIAMO 350G AVENA INTEG.TIRAB.;ALMACEN
22989;FID.ANDIAMO 350G AVENA/VERDURA TIRAB.;ALMACEN
16414;FID.ANDIAMO 350G AVENA/ZANAH.TIRAB.;ALMACEN
19639;FID.ANDIAMO 350G MOÑOS  AVENA/REM;ALMACEN
24392;FID.ANDIAMO 350G MOSTACH.AVENA/ZANAH.;ALMACEN
23558;FID.BARILLA 500G GUISO FUSILLI;ALMACEN
24533;FID.BARILLA 500G GUISO FUSILLI N98;ALMACEN
23557;FID.BARILLA 500G GUISO PENNE RIGATE;ALMACEN
23555;FID.BARILLA 500G LARGO SPAGHETTI;ALMACEN
23556;FID.BARILLA 500G LARGO SPAGHETTINI;ALMACEN
24855;FID.BARILLA 500G LARGO SPAGHETTONI N°7;ALMACEN
24532;FID.BARILLA 500G PENNE RIGATE N73;ALMACEN
27270;FID.BARILLA 500G TORTIGLIONI N°283;ALMACEN
24854;FID.BARILLA 500G TORTIGLIONI N°83;ALMACEN
14947;FID.BLUE PATNA 500G CODITOS;ALMACEN
14944;FID.BLUE PATNA 500G DEDALITOS;ALMACEN
14278;FID.BLUE PATNA 500G FETUCCINI;ALMACEN
14280;FID.BLUE PATNA 500G MOSTACHOLES;ALMACEN
02431;FID.BLUE PATNA 500G SPAGUETTI;ALMACEN
15733;FID.BLUE PATNA 500G TIRABUZON ;ALMACEN
24331;FID.DON EMILIO 500G ANCHO FETUCCE;ALMACEN
24334;FID.DON EMILIO 500G ANCHO VEGETAL ;ALMACEN
26330;FID.DON EMILIO 500G CAPELLETTI;ALMACEN
26321;FID.DON EMILIO 500G CODITO;ALMACEN
26322;FID.DON EMILIO 500G CODO;ALMACEN
24994;FID.DON EMILIO 500G CORBATA 4 SABORES;ALMACEN
26333;FID.DON EMILIO 500G CORBATA ESPECIAL;ALMACEN
24336;FID.DON EMILIO 500G CORBATA ESPINACA ;ALMACEN
24335;FID.DON EMILIO 500G DOB.ANCHO VEGETAL ;ALMACEN
24332;FID.DON EMILIO 500G DOBLE ANCHO PAPARDELLE;ALMACEN
24337;FID.DON EMILIO 500G ESPIGA 4 SABORES ;ALMACEN
26334;FID.DON EMILIO 500G FAROLITO;ALMACEN
26324;FID.DON EMILIO 500G HELICE;ALMACEN
26327;FID.DON EMILIO 500G HELICE ESPECIAL;ALMACEN
26323;FID.DON EMILIO 500G MOÑITO;ALMACEN
26326;FID.DON EMILIO 500G MOÑITO ESPECIAL;ALMACEN
26325;FID.DON EMILIO 500G MOÑO;ALMACEN
26332;FID.DON EMILIO 500G MOSTACHOL;ALMACEN
26331;FID.DON EMILIO 500G MOSTACHOLIN;ALMACEN
24333;FID.DON EMILIO 500G NIDO 4 SABORES ;ALMACEN
26329;FID.DON EMILIO 500G ÑOQUI ESPECIAL;ALMACEN
26328;FID.DON EMILIO 500G PAMPERITO;ALMACEN
14847;FID.DON FELIPE 500G MOSTACHOL;ALMACEN
24261;FID.DON FELIPE 500G SPAGHETTI;ALMACEN
16306;FID.DON FELIPE 500G TALLARIN;ALMACEN
23298;FID.DON FELIPE 500G TALLARINES HUEVO ;ALMACEN
23300;FID.DON FELIPE 500G TIRABUZON ;ALMACEN
14848;FID.DON FELIPE 500G TIRABUZON HUEVO;ALMACEN
27572;FID.DON VICENTE 500G LARGO FETTUCC.ZAPALLO/ZANAHORIA;ALMACEN
05100;FID.DON VICENTE GUISO MOÑO;ALMACEN
24258;FID.DON VICENTE GUISO MOÑOS ;ALMACEN
24751;FID.DON VICENTE GUISO RIGATTI;ALMACEN
13185;FID.DON VICENTE GUISO TIRABUZON;ALMACEN
24447;FID.DON VICENTE GUISO TIRABUZON ;ALMACEN
22910;FID.DON VICENTE LARGO CASERITO;ALMACEN
11823;FID.DON VICENTE LARGO FETTUCC.ESPINACA;ALMACEN
27176;FID.DON VICENTE LARGO FETTUCC.MORRON;ALMACEN
24452;FID.DON VICENTE LARGO TALLARIN ;ALMACEN
24445;FID.DON VICENTE LARGOS FETTUCCINI;ALMACEN
1729;FID.DOÑA ROSA 400G CASERITO C/ESPINACA;ALMACEN
19254;FID.DOÑA ROSA 400G CASERITOS AL HUEVO ;ALMACEN
14598;FID.DOÑA ROSA 400G CODITOS ;ALMACEN
15226;FID.DOÑA ROSA 400G FUSILLI;ALMACEN
14599;FID.DOÑA ROSA 400G MOÑOS ;ALMACEN
14600;FID.DOÑA ROSA 400G MOÑOS MULTIVEG.;ALMACEN
001526;FID.DOÑA ROSA 400G NIDO MORRON;ALMACEN
09917;FID.DOÑA ROSA 400G RIGATONI;ALMACEN
14455;FID.DOÑA ROSA 400G TIRABUZON MAIZ/ARROZ;ALMACEN
19282;FID.DOÑA ROSA 400G YEMITAS ;ALMACEN
14829;FID.DOÑA ROSA 450G CASERITOS MULTIVEG.;ALMACEN
19132;FID.DOÑA ROSA 500G DEDALITOS;ALMACEN
14942;FID.DOÑA ROSA 500G DEDALITOS;ALMACEN
20775;FID.DOÑA ROSA 500G FUSILLI C/VEGETALES ;ALMACEN
19133;FID.DOÑA ROSA 500G FUSILLI HUE;ALMACEN
5065;FID.DOÑA ROSA 500G MUNICIONES;ALMACEN
18166;FID.FAVORITA GUISO CODITO;ALMACEN
01587;FID.FAVORITA GUISO CODO RAYADO;ALMACEN
01591;FID.FAVORITA GUISO MOST.RAYADO;ALMACEN
18482;FID.FAVORITA GUISO MOSTACHOL ;ALMACEN
06215;FID.FAVORITA GUISO TIRABUZON;ALMACEN
18676;FID.FAVORITA GUISO TIRABUZON ;ALMACEN
07718;FID.FAVORITA LARGO SPAGHETTI;ALMACEN
20352;FID.FAVORITA LARGO SPAGHETTI ;ALMACEN
01596;FID.FAVORITA LARGO TALLARINES;ALMACEN
18167;FID.FAVORITA LARGO TALLARINES ;ALMACEN
19321;FID.FAVORITA SOPA DEDALITOS ;ALMACEN
20353;FID.FAVORITA SOPA DEDALITOS ;ALMACEN
10589;FID.FU SHENG 200G ARROZ ESPINACA FINO;ALMACEN
07882;FID.FU SHENG 200G ARROZ ESPINACA GRUESO;ALMACEN
06487;FID.FU SHENG 200G ARROZ FINO;ALMACEN
07881;FID.FU SHENG 200G ARROZ GRUESO;ALMACEN
10590;FID.FU SHENG 200G ARROZ MORRON FINO;ALMACEN
07873;FID.FU SHENG 200G ARROZ MORRON GRUESO;ALMACEN
10596;FID.FU SHENG 200G ARROZ ZANAH.FINO;ALMACEN
07865;FID.FU SHENG 200G ARROZ ZANAH.GRUESO;ALMACEN
10593;FID.FU SHENG 500G ARROZ FINO;ALMACEN
13058;FID.FU SHENG 500G ARROZ GRUESO;ALMACEN
15941;FID.KNORR 500G TIRABUZON ;ALMACEN
11191;FID.KNORR LARGO SPAGHETTI;ALMACEN
15905;FID.KNORR LARGOS 500G TALLARIN;ALMACEN
25347;FID.KNORR MOSTACHOL 500G MIX;ALMACEN
19022;FID.LUCCHETTI 350G PREP FILETTO;ALMACEN
18677;FID.LUCCHETTI 350G PREP QUESO;ALMACEN
07191;FID.LUCCHETTI 500GR 3 MIN GUISO TIRABUZON;ALMACEN
03893;FID.LUCCHETTI GUISO 3 VEG.TIRABUZON;ALMACEN
23301;FID.LUCCHETTI GUISO 3 VEG.TIRABUZON;ALMACEN
24156;FID.LUCCHETTI GUISO FUSILLI;ALMACEN
22405;FID.LUCCHETTI GUISO HUEVO MOSTACHOL ;ALMACEN
23309;FID.LUCCHETTI GUISO HUEVO MOSTACHOL N51;ALMACEN
03842;FID.LUCCHETTI GUISO MOÑO;ALMACEN
26180;FID.LUCCHETTI GUISO MOÑOS HUEVO ;ALMACEN
03816;FID.LUCCHETTI GUISO MOSTACHOL;ALMACEN
22022;FID.LUCCHETTI GUISO MOSTACHOL N52;ALMACEN
23057;FID.LUCCHETTI GUISO MOSTACHOL N52;ALMACEN
21701;FID.LUCCHETTI GUISO PENNE RIGATE;ALMACEN
23031;FID.LUCCHETTI GUISO PENNE RIGATE N45;ALMACEN
07172;FID.LUCCHETTI GUISO TIRABUZON;ALMACEN
22421;FID.LUCCHETTI GUISO TIRABUZON ;ALMACEN
27503;FID.LUCCHETTI GUISO TIRABUZON ;ALMACEN
23019;FID.LUCCHETTI GUISO TIRABUZON HUEVO;ALMACEN
03750;FID.LUCCHETTI LARGO BUCATTINI;ALMACEN
24155;FID.LUCCHETTI LARGO FORATINI ;ALMACEN
24157;FID.LUCCHETTI LARGO HUEVO SPAGHETTI N5 ;ALMACEN
24154;FID.LUCCHETTI LARGO HUEVO TALLARIN N7;ALMACEN
21745;FID.LUCCHETTI LARGO SPAGHETTI N5;ALMACEN
22703;FID.LUCCHETTI LARGO SPAGHETTI N7;ALMACEN
27396;FID.LUCCHETTI LARGO SPAGHETTI N7;ALMACEN
03770;FID.LUCCHETTI LARGO TALLARIN;ALMACEN
22420;FID.LUCCHETTI LARGO TALLARIN N15;ALMACEN
23029;FID.LUCCHETTI LARGO TALLARIN N5;ALMACEN
03863;FID.LUCCHETTI NIDO CABELLO ANGEL;ALMACEN
08841;FID.LUCCHETTI NIDO FETTUCCINE;ALMACEN
03841;FID.LUCCHETTI SOPA AVE MARIA;ALMACEN
26734;FID.LUCCHETTI SOPA AVE MARIA;ALMACEN
03845;FID.LUCCHETTI SOPA CODITOS;ALMACEN
03901;FID.LUCCHETTI SOPA CODITOS;ALMACEN
03859;FID.LUCCHETTI SOPA DEDALITOS 5;ALMACEN
04565;FID.LUCCHETTI SOPA LETRITAS 50;ALMACEN
24581;FID.LUCCHETTI SOPA MUNICIONES ;ALMACEN
22701;FID.MATARAZZO GUISO 3 VEG.PENNE RIGATE;ALMACEN
22700;FID.MATARAZZO GUISO 3 VEG.TIRABUZON;ALMACEN
03657;FID.MATARAZZO GUISO CODITO RAYADOS;ALMACEN
23033;FID.MATARAZZO GUISO INTEGRAL TIRABUZON N28;ALMACEN
07173;FID.MATARAZZO GUISO MOÑO;ALMACEN
21704;FID.MATARAZZO GUISO MOST.N51 RAYADO;ALMACEN
23312;FID.MATARAZZO GUISO MOSTACHOL N52;ALMACEN
23032;FID.MATARAZZO GUISO PENNE RIGATE N48;ALMACEN
27029;FID.MATARAZZO GUISO PENNE RIGATE N48;ALMACEN
24446;FID.MATARAZZO GUISO SIN TACC PENNE RIGATE;ALMACEN
23310;FID.MATARAZZO GUISO SIN TACC TIRABUZON;ALMACEN
23311;FID.MATARAZZO GUISO SIN TACC TIRABUZON MIX;ALMACEN
02367;FID.MATARAZZO GUISO TIRABUZON;ALMACEN
23020;FID.MATARAZZO GUISO TIRABUZON N28;ALMACEN
22025;FID.MATARAZZO GUISO TIRABUZON N34;ALMACEN
24444;FID.MATARAZZO LARGO BUCATTINI;ALMACEN
22702;FID.MATARAZZO LARGO INTEGRAL SPAGHETTI;ALMACEN
05465;FID.MATARAZZO LARGO SIN TACC SPAGHETTI;ALMACEN
23035;FID.MATARAZZO LARGO SIN TACC SPAGHETTI ;ALMACEN
000563;FID.MATARAZZO LARGO SPAGHETTI;ALMACEN
23030;FID.MATARAZZO LARGO SPAGHETTI N7;ALMACEN
21707;FID.MATARAZZO LARGO TALLARIN N15;ALMACEN
23034;FID.MATARAZZO LARGO TALLARIN N5;ALMACEN
27397;FID.MATARAZZO LARGO TALLARIN N5;ALMACEN
21706;FID.MATARAZZO LARGO TALLARIN N7;ALMACEN
08112;FID.MATARAZZO NIDO CABELLO ANGEL;ALMACEN
04274;FID.MATARAZZO NIDO FETTUCCINI;ALMACEN
07174;FID.MATARAZZO SOPA AVE MARIA;ALMACEN
09228;FID.MATARAZZO SOPA DEDALITO;ALMACEN
16561;FID.PARTY BRECK 280G SPAG.ARROZ ;ALMACEN
16559;FID.PARTY BRECK 280G SPAG.ARROZ C/ESPINACA;ALMACEN
16560;FID.PARTY BRECK 280G SPAGH.ARROZ C/MORRON;ALMACEN
23591;FID.RINA GUISO FUSILLI;ALMACEN
24619;FID.RINA GUISO FUSILLI;ALMACEN
23590;FID.RINA LARGO SPAGHETTI MORRON;ALMACEN
27220;FID.SCHAR 250G FUSILLI;ALMACEN
27219;FID.SCHAR 250G PENNE;ALMACEN
27218;FID.SCHAR 250G SPAGUETTI;ALMACEN
10419;FID.SOYARROZ 300G ESPINACA;ALMACEN
10165;FID.SOYARROZ 300G INTEGRAL;ALMACEN
10418;FID.SOYARROZ 300G MORRON;ALMACEN
10166;FID.SOYARROZ 300G TRADICIONAL;ALMACEN
12031;FID.SOYARROZ 300G TRADICIONAL FINO;ALMACEN
23100;FID.TERRABUSI 500G 3 VEGETALES FUSILLI;ALMACEN
23392;FID.TERRABUSI 500G AVE MARIA;ALMACEN
22874;FID.TERRABUSI 500G MOSTACHOL RAYADO;ALMACEN
22875;FID.TERRABUSI 500G SPAGHETTI N.3;ALMACEN
22876;FID.TERRABUSI 500G TALLARIN N.7;ALMACEN
14410;FIDEOS ALL RICE 300G ARROZ CLASICO;ALMACEN
14412;FIDEOS ALL RICE 300G ARROZ ESPINACA;ALMACEN
14411;FIDEOS ALL RICE 300G ARROZ TOMATE ALBAHACA;ALMACEN
13515;FIDEOS ARCOR 500G AVE MARIA;ALMACEN
27560;FIDEOS ARCOR 500G AVE MARIA ;ALMACEN
13516;FIDEOS ARCOR 500G CAB.ANGEL;ALMACEN
15559;FIDEOS ARCOR 500G CODITOS;ALMACEN
13517;FIDEOS ARCOR 500G DEDALITOS;ALMACEN
15558;FIDEOS ARCOR 500G MOÑOS ;ALMACEN
14385;FIDEOS ARCOR 500G MOSTACHOL;ALMACEN
13514;FIDEOS ARCOR 500G SPAGHETTI;ALMACEN
28098;FIDEOS ARCOR 500G SPAGHETTI ;ALMACEN
13513;FIDEOS ARCOR 500G TALLARIN;ALMACEN
25898;FIDEOS ARCOR 500G TALLARIN;ALMACEN
13493;FIDEOS ARCOR 500G TIRABUZON;ALMACEN
27078;FIDEOS ARCOR 500G TIRABUZON;ALMACEN
27420;FIDEOS ARCOR 500G TIRABUZON;ALMACEN
09591;FIDEOS DON YEYO 500G ANCHOS;ALMACEN
09588;FIDEOS DON YEYO 500G FINOS;ALMACEN
15859;FIDEOS DON YEYO 500G FUSILES;ALMACEN
19675;FIDEOS KNORR LARGO 500G SPAGHETTI ;ALMACEN
13499;FIDEOS LC 500G CODITOS;ALMACEN
13512;FIDEOS LC 500G FORATTI;ALMACEN
13498;FIDEOS LC 500G MOÑOS;ALMACEN
13496;FIDEOS LC 500G PENNE RIGATE;ALMACEN
13511;FIDEOS LC 500G SPAGHETTI;ALMACEN
14386;FIDEOS LC 500G TALLARIN;ALMACEN
13497;FIDEOS LC 500G TIRABUZON;ALMACEN
04471;FIDEOS ROBLES 500G LAM.;ALMACEN
02525;FIDEOS SULTAN 5K PERROS;ALMACEN
08392;FIDEOS SULTAN 5KG;ALMACEN
07885;FIDEOS SUPERIORA 480G ESPINACA;ALMACEN
04636;FIDEOS SUPERIORA 480G HUEVO;ALMACEN
17678;FIDEOS WAKAS 250G ALUBIA QUINOA;ALMACEN
17679;FIDEOS WAKAS 250G ARVEJAS CHIA;ALMACEN
17476;FIDEOS WAKAS 250G C/AMARANTO ;ALMACEN
17477;FIDEOS WAKAS 250G C/CHIA ;ALMACEN
17475;FIDEOS WAKAS 250G C/KALE ;ALMACEN
17478;FIDEOS WAKAS 250G C/MAIZ;ALMACEN
17474;FIDEOS WAKAS 250G C/QUINOA ;ALMACEN
17676;FIDEOS WAKAS 250G POROTOS CHIA ;ALMACEN
24534;FIDEOS WAKAS 300G FUSILLI C/QUINOA;ALMACEN
24535;FIDEOS WAKAS 300G FUSILLI MULC.C/CHIA;ALMACEN
27094;FIDEOS WAKAS 300G FUSILLI MULTICEREAL;ALMACEN
27095;FIDEOS WAKAS 300G MAIZ TIRABUZON;ALMACEN
09944;FIJADOR LORD CHESELINE 280G EXTRA FIJACION;ALMACEN
25426;FIJADOR ROBY 180ML EXTRA FUERTE;ALMACEN
00219;FILET DE POLLO;CARNICERIA
900060;FILET MARE PRONTO 1K CORTE V;FIAMBRERIA
26679;FILET MERLUZA GRANGYS 1KG;FIAMBRERIA
26680;FILET MERLUZA GRANGYS 1KG F.HIERBAS;FIAMBRERIA
26681;FILET MERLUZA GRANGYS 1KG LIMON Y P.;FIAMBRERIA
23071;FILET MERLUZA MARE PRONTO 1KG S/E;FIAMBRERIA
25827;FILM CARBONICO CARBEST NEGRO *5OH;ALMACEN
27379;FILM FLOPIFILM ALUMINIO 5 MTS;ALMACEN
27430;FILM FROZEN AIR FRYER 20U;ALMACEN
05046;FILM FROZENS ADHERENTE 10MT;ALMACEN
08944;FILM FROZENS ADHERENTE 15M SIERRA;ALMACEN
09551;FILM FROZENS ADHERENTE 30MT;ALMACEN
000366;FILM FROZENS ALUMINIO  4M;ALMACEN
19275;FILM FROZENS ALUMINIO  5M SIERRA;ALMACEN
08913;FILM FROZENS ALUMINIO 25M;ALMACEN
25649;FILM MIA COCINA 30MTS;ALMACEN
27406;FILM NONNA MANTECA  5MT;ALMACEN
27423;FILM PROFILM 10MTS X 30CM;ALMACEN
3027;FILM PRO-FILM ADHERENTE 10MTS;ALMACEN
19166;FILM PVC 380MM 1000 MTS;ALMACEN
11961;FILM PVC 450MM 1000 MTS;ALMACEN
21357;FILM STRECH MANUAL 50/20 P/PALLETS DEPOSITO;ALMACEN
14488;FILTRO LOEKEMEYER N° 10 TELA ;ALMACEN
03800;FILTRO LOEKEMEYER N° 13 TELA;ALMACEN
02658;FILTRO MELITTA 30U  PAPEL N°4;ALMACEN
000381;FILTRO PAPEL VIRGINIA N-40;ALMACEN
10209;FILTRO TELA MAKE P/CAFE;ALMACEN
25112;FILTRO TELA PORTEÑA P/CAFE;ALMACEN
17157;FILTRO UNIV.PARA PILETA ;ALMACEN
27259;FINGERS POLLOLIN 1KG POLLO CAPRESE;FIAMBRERIA
27985;FLAN DANETTE 190G VAINILLA ;FIAMBRERIA
26381;FLAN DANETTE 380G *4 FLAN CON CARAMELO;FIAMBRERIA
22481;FLAN DANETTE SUPER CREMOSO CARAMELO 95G;FIAMBRERIA
19757;FLAN EXQUISITA 40G DULCE DE LECHE;ALMACEN
16473;FLAN EXQUISITA 40G VAINILLA;ALMACEN
03187;FLAN GODET 25G D.LECHE;ALMACEN
26938;FLAN GODET 25G DULCE DE LECHE;ALMACEN
03189;FLAN GODET 25G VAINILLA;ALMACEN
24870;FLAN GODET 25G VAINILLA;ALMACEN
18446;FLAN GODET 30G DULCE LECHE ;ALMACEN
05462;FLAN KIDIS ILOLAY 110G CAR/CHO;FIAMBRERIA
07361;FLAN KIDIS ILOLAY 110G CAR/DUL;FIAMBRERIA
28040;FLAN LS 190G CLASICO VAINILLA ;FIAMBRERIA
26629;FLAN ROYAL 16G LIGHT VAINILLA;ALMACEN
4834;FLAN ROYAL 16G VAINILLA LIGHT;ALMACEN
01512;FLAN ROYAL 60G VAINILLA;ALMACEN
21029;FLAN SANCOR 230G CASERO DESC.C/CARAMELO;FIAMBRERIA
21228;FLAN SANCOR 230G CASERO DESC.C/DDL;FIAMBRERIA
21026;FLAN SANCOR 230G CASERO ENT.C/CARAMELO;FIAMBRERIA
21655;FLAN SANCOR 230G CASERO ENT.C/DLECHE ;FIAMBRERIA
26113;FLAN SANCOR 230G CHOCOLATE C/DULCE LECHE;FIAMBRERIA
28039;FLAN SER 190G VAINILLA ;FIAMBRERIA
22574;FLAN SER 95GR VAINILLA;FIAMBRERIA
24770;FLAN SERENISIMA 95G VAINILLA ;FIAMBRERIA
25200;FLUIDO BIOMANCHESTER 350CC;ALMACEN
25199;FLUIDO BIOMANCHESTER 700CC;ALMACEN
16825;FLUIDO RESPLANDOR 500CC ;ALMACEN
24120;FOLIO ESCOLAR LIGGO *10U STANDARD;ALMACEN
27139;FOLIOS ARTE *10U 70 MICRONES;ALMACEN
27665;FOLIOS AVERY A4 *10U;ALMACEN
25220;FOLIOS LIGGO A4 *10U STRONG;ALMACEN
20628;FORMITAS MARINAS GRANGYS 400G ;FIAMBRERIA
25622;FOSFOROS FRAGATA TRADICIONAL X220;ALMACEN
26665;FOSFOROS GRAN FRAGATA 400U TRAD.;ALMACEN
18799;FOSFOROS OKEY 220UN;ALMACEN
03764;FOSFOROS TRES PATITOS 222 UNID;ALMACEN
24499;FOSFOROS TRES PATITOS 222U TRICAMPEONES ;ALMACEN
24498;FOSFOROS TRES PATITOS 400U TRICAMPEONES ;ALMACEN
25624;FOSFOROS TRES PATITOS PARRILLERO;ALMACEN
25623;FOSFOROS TRES PATITOS X250 PREMIUM;ALMACEN
20050;FRAMBUESAS GEORGALOS 100G CHOCOLATE   ;ALMACEN
21966;FRAMBUESAS GREEN LIFE 550G;VERDULERIA
00030;FRAMBUESAS LA BANDEJA;VERDULERIA
02596;FRAMBUESAS PATAGONIA 300G;VERDULERIA
14104;FRANELA COSTERO AFELPADA;ALMACEN
21391;FRANELA MARILU 38*48;ALMACEN
03235;FRANELA MARILU 45*50;ALMACEN
06572;FRANELA MISTER TRAPO 45*50;ALMACEN
02407;FRANELA SED METAL SUAVE;ALMACEN
23679;FRANELA SUIZA 40*50 ;ALMACEN
25542;FRAPERA QUILMES;ALMACEN
21367;FRAPERA STELLA ARTOIS ;ALMACEN
19504;FRASCO VIDRIO COCA COLA;ALMACEN
23490;FRASCO VIDRIO TAPAY SORBETE;ALMACEN
06656;FRESA FIZZ RAMA CAIDA 750CC;ALMACEN
10906;FRESITA 750CC;ALMACEN
13375;FRIZZE 1LT BLUE EVOLUTION;ALMACEN
13614;FRIZZE 1LT ITALIAN LIMONATA;ALMACEN
17562;FRIZZE 473CC BLUE EVOLUTION;ALMACEN
00324;FRUTA ESCURRIDA SURTIDA;VERDULERIA
25290;FRUTILLA DIDIER 160G ALMIBAR ;VERDULERIA
25486;FRUTILLA FIESTITA 1L S/ALCOHOL;ALMACEN
07005;FRUTILLA GENTELMAN 380G ENTERA;ALMACEN
19707;FRUTILLAS BAHIA 520G ENTERAS;ALMACEN
19094;FRUTILLAS DIDIER 160G ALMIBAR;VERDULERIA
27116;FRUTILLAS GENTLEMAN 410G ENTERAS;ALMACEN
24509;FRUTILLAS GREEN LIFE 400G;VERDULERIA
00748;FRUTILLAS X KG;VERDULERIA
25185;FRUTOS DEL BOSQUE BAHIA 520G;ALMACEN
24957;FUENTE MARINEX CUAD.CHICA 1,1LT;ALMACEN
24958;FUENTE MARINEX CUAD.MED 1,8LT;ALMACEN
24969;FUENTE MARINEX LASAGNA 3,7LT;ALMACEN
24959;FUENTE MARINEX MOLDE MED.1,3LT;ALMACEN
24962;FUENTE MARINEX OVAL CH.2,4LT;ALMACEN
24963;FUENTE MARINEX OVAL GDE.4LT;ALMACEN
24964;FUENTE MARINEX OVAL MED.3,2LT;ALMACEN
24967;FUENTE MARINEX RECT.CH.1,6LT;ALMACEN
24968;FUENTE MARINEX RECT.GDE.2,9LT;ALMACEN
24983;FUENTE MARINEX REDONDA 2,4LT;ALMACEN
06465;FUENTE OVAL 2000ML APILABLE;ALMACEN
26307;FUENTE RIGOLLEAU 1500ML OVALADA P/HORNO;ALMACEN
26305;FUENTE RIGOLLEAU 2340ML RECTANGULAR P/HORNO;ALMACEN
26306;FUENTE RIGOLLEAU 900ML REDONDA P/HORNO;ALMACEN
28005;FUENTE RIGOLLEAU OVAL 3.0ML;ALMACEN
28004;FUENTE RIGOLLEAU RECT. 1.6ML;ALMACEN
28011;FUENTE RIGOLLEAU RECT.2.200ML;ALMACEN
28010;FUENTE RIGOLLEAU RECT.3.0ML;ALMACEN
000174;FUET CAGNOLI 150G;ALMACEN
27111;FULL SPORT 500CC FRESH BLUE;ALMACEN
27069;FULL SPORT 500CC FRUTAS TROPICALES;ALMACEN
27068;FULL SPORT 500CC MANZANA;ALMACEN
11105;FUNBURGER PALADINI CHEDDAR;FIAMBRERIA
11106;FUNBURGER PALADINI CRIOLLA;FIAMBRERIA
11108;FUNBURGER PALADINI ORIGINAL;FIAMBRERIA
16296;FUNBURGER PALADINI PICANTE;FIAMBRERIA
16297;FUNBURGER PALADINI QUESO AZUL;FIAMBRERIA
03956;FUYI ESPIRALES SOBRES X 4U;ALMACEN
25312;FUYI LIQ.ELECTRICO 45 NOCHES MOSQUITOS;ALMACEN
24700;GALL AMOR 110G ;ALMACEN
24287;GALL AMOR 330G ;ALMACEN
15506;GALL ANILLOS 170G ORIGINALES;ALMACEN
18670;GALL ANILLOS 300G CLASICOS ;ALMACEN
23365;GALL ARROZ DELIGOOD 18G CON SAL;ALMACEN
17630;GALL BAGLEY 169G CEREAL C/SALVADO;ALMACEN
18599;GALL BAGLEY 169G CEREAL C/SALVADO S/SAL;ALMACEN
18494;GALL BAGLEY 181G CEREAL ARROZ ;ALMACEN
12515;GALL BAGLEY 189G CEREALES C/MAIZ;ALMACEN
17498;GALL BAGLEY CER.155G CON AVENA ;ALMACEN
27380;GALL BAUDUCCO 108G DOBLE CHOCOLATE;ALMACEN
27385;GALL BAUDUCCO 108G FRUTILLA;ALMACEN
27996;GALL BAUDUCCO 60G CHOCOLATE ;ALMACEN
27995;GALL BAUDUCCO 60G ORIGINAL ;ALMACEN
10552;GALL BLOCK 124G;ALMACEN
14826;GALL BOCA DE DAMA 170G;ALMACEN
16567;GALL BOCA DE DAMA 170G ;ALMACEN
20985;GALL CACHAFAZ 170G ORG.AVENA&MIEL;ALMACEN
20984;GALL CACHAFAZ 170G ORG.CACAO&MIEL;ALMACEN
20980;GALL CACHAFAZ 225G ALGARROBA INTEGRAL ;ALMACEN
20982;GALL CACHAFAZ 225G AVENA C/CHIPS INTEGRAL ;ALMACEN
22475;GALL CACHAFAZ 225G CHOCOLATE INTEGRAL ;ALMACEN
20981;GALL CACHAFAZ 225G GRANOLA INTEGRAL ;ALMACEN
20983;GALL CACHAFAZ 225G INTEGRAL PASAS UVA ;ALMACEN
24742;GALL CEREAL MIX 150G C/CACAO G.ENT.;ALMACEN
24743;GALL CEREAL MIX 150G FRUTILLA G.ENT.;ALMACEN
16156;GALL CEREAL MIX 207G AVENA Y PASAS;ALMACEN
25398;GALL CEREAL MIX 207G AVENA/CHOCOLATE;ALMACEN
19452;GALL CEREAL MIX 207G FRUT./CHIA;ALMACEN
16012;GALL CEREAL MIX 207G SEMILLAS Y CHIPS;ALMACEN
19743;GALL CEREALES BAGLEY 465G AVENA;ALMACEN
17454;GALL CEREALES BAGLEY 507G CON SALVADO;ALMACEN
22165;GALL CEREALITAS 160G ARROZ;ALMACEN
26453;GALL CEREALITAS 170G AVENA Y CACAO;ALMACEN
16552;GALL CEREALITAS 170G AVENA+COCO;ALMACEN
16551;GALL CEREALITAS 170G GRANOLA;ALMACEN
26452;GALL CEREALITAS 170G GRANOLA;ALMACEN
18069;GALL CEREALITAS 207G CLASICAS;ALMACEN
21600;GALL CEREALITAS 212G CLASICAS ;ALMACEN
22093;GALL CEREALITAS 636G CLASICAS;ALMACEN
20081;GALL CHOCOLINAS 100G POCKET ;ALMACEN
26425;GALL CHOCOLINAS 100G POCKET ;ALMACEN
26112;GALL CHOCOLINAS 170G BLANCO;ALMACEN
24443;GALL CHOCOLINAS 170G ORIGINAL;ALMACEN
24291;GALL CHOCOLINAS 250G ORIGINAL;ALMACEN
22465;GALL CHOCOLINAS BLANCO 245G;ALMACEN
26124;GALL CHOCOLINAS NEGRO 181G;ALMACEN
22867;GALL CHOCOLINAS NEGRO 258G;ALMACEN
10672;GALL CLUB SOCIAL 141G JAMON;ALMACEN
21635;GALL CLUB SOCIAL 144G ORIGINAL ;ALMACEN
27201;GALL CLUB SOCIAL 144G ORIGINAL;ALMACEN
25755;GALL COFLER 105,6G CHOCO COOKIES;ALMACEN
24951;GALL COFLER 85GR RELL.BON O BON;ALMACEN
24953;GALL COFLER 85GR RELL.CHOCOLATE;ALMACEN
24952;GALL COFLER 85GR RELL.CREAMY;ALMACEN
16300;GALL COFLER COOKIES 120G ;ALMACEN
24954;GALL COFLER COOKIES BAÑADA 132,8GR;ALMACEN
24955;GALL COFLER COOKIES CHOCO 105,6GR;ALMACEN
24410;GALL COQUITAS 177G;ALMACEN
07147;GALL CRIOLLITAS GRANDES 169G;ALMACEN
02827;GALL CRIOLLITAS GRANDES 507G;ALMACEN
18389;GALL CRIOLLITAS ORIGINAL  499G;ALMACEN
03122;GALL CRIOLLITAS ORIGINAL 100G;ALMACEN
09666;GALL CRIOLLITAS ORIGINAL 300G;ALMACEN
03028;GALL CRIOLLITAS SIN SAL 169G;ALMACEN
07155;GALL CRIOLLITAS SIN SAL 507G;ALMACEN
19491;GALL DIMAX 120G BISCUITS ;ALMACEN
14267;GALL DIMAX 150G SEMILLAS;ALMACEN
19447;GALL DIMAX 200G CHOC.C/CHIPS;ALMACEN
19448;GALL DIMAX 200G CHOCOMIEL ;ALMACEN
19449;GALL DIMAX 200G PEPAS BATATA;ALMACEN
19492;GALL DIMAX 200G PEPAS MEMBRILLO;ALMACEN
12519;GALL DIMAX 200G QUESITAS ;ALMACEN
13199;GALL DIMAX 200G SALADOS;ALMACEN
19450;GALL DIMAX 200G VAINILLA ;ALMACEN
01579;GALL DIMAX 300G FAJITAS ;ALMACEN
24503;GALL DIVERSION 400G SURTIDO ;ALMACEN
18671;GALL DIVERSION SURTIDAS 398G;ALMACEN
03952;GALL DUQUESA 115GR;ALMACEN
24567;GALL DUQUESA 345G ;ALMACEN
22543;GALL EXPRESS 103G CLASICAS;ALMACEN
21712;GALL EXPRESS 309G CLASICA ;ALMACEN
05666;GALL FANTOCHE 350G TAPITAS;ALMACEN
21142;GALL FORMIS  72G CH. D.LECHE;ALMACEN
25155;GALL FORMIS 102G BLACK;ALMACEN
20240;GALL FORMIS 102G CHOCOLATE;ALMACEN
20241;GALL FORMIS 102G CHOCOLATE/D.LECHE;ALMACEN
27230;GALL FORMIS 102G FRUTILLA;ALMACEN
15098;GALL FORMIS 102G VAINIL/CHOCOLATE;ALMACEN
24241;GALL FORMIS 72G CHOCOLATE;ALMACEN
20725;GALL FORMIS 72G FRUTILLA;ALMACEN
26335;GALL FRUTIGRAN 170G AVENA CHIA LINO;ALMACEN
26336;GALL FRUTIGRAN 170G SESAMO,AMARANTO,GIRASOL;ALMACEN
23615;GALL FRUTIGRAN 175G AVENA PASAS ;ALMACEN
25887;GALL FRUTIGRAN 175G SALVADO;ALMACEN
15783;GALL FRUTIGRAN 175G TROPICAL;ALMACEN
09593;GALL FRUTIGRAN 240G SEM.CHIA LINO ;ALMACEN
09595;GALL FRUTIGRAN 240G SEM.SESAMO ;ALMACEN
11582;GALL FRUTIGRAN 250G AVENA FRUTOS ROJOS ;ALMACEN
07099;GALL FRUTIGRAN 250G AVENA PASAS ;ALMACEN
01750;GALL FRUTIGRAN 250G SALVADO ;ALMACEN
01494;GALL FRUTIGRAN 250G TROPICAL ;ALMACEN
09341;GALL FRUTIGRAN 255G CHIPS CHOCOLATE ;ALMACEN
27758;GALL GAONA 210G MATECADITAS ;ALMACEN
21336;GALL GIROTONDO 214G CHIPS ;ALMACEN
21991;GALL GIROTONDO 224G VAINILLA;ALMACEN
22177;GALL GIROTONDO 245G CHOCOLATE ;ALMACEN
26160;GALL GRANIX 150G AVENA/PASAS;ALMACEN
26163;GALL GRANIX 150G CHOCOLATE/NARANJA;ALMACEN
26165;GALL GRANIX 150G MANZANA/CANELA;ALMACEN
26122;GALL GRANIX 175G CEREAL;ALMACEN
26164;GALL GRANIX 350G AVENA/PASAS;ALMACEN
26162;GALL GRANIX 350G CHOCOLATE/NARANJA;ALMACEN
26161;GALL GRANIX 350G MANZANA/CANELA;ALMACEN
02500;GALL GRANIX CEREAL 185G;ALMACEN
05825;GALL GRANIX GRANAGUA 200G;ALMACEN
02849;GALL GRANIX GRANAGUA 600G;ALMACEN
03986;GALL GRANIX LINO 185G;ALMACEN
13413;GALL GRANIX SALV.S/SAL 230G ;ALMACEN
04720;GALL GRANIX SALV.S/SAL 690G ;ALMACEN
13059;GALL GRANIX SALVADO 240G;ALMACEN
13152;GALL GRANIX SALVADO 720G;ALMACEN
25380;GALL GRANIX SEMOLADAS 210G;ALMACEN
16711;GALL GRANIX SEMOLADAS 420G ;ALMACEN
26041;GALL GRANIX SESAMO 175G ;ALMACEN
14215;GALL GRANIX SESAMO 175G SIN SAL;ALMACEN
06214;GALL GRANIX SESAMO 185G;ALMACEN
25379;GALL GRANIX SIN SAL 140G;ALMACEN
06151;GALL GRANIX SIN SAL 185G;ALMACEN
26443;GALL GRANIX SIN SAL 200G ;ALMACEN
02961;GALL GRANIX SIN SAL 555G;ALMACEN
26444;GALL GRANIX SIN SAL 600G ;ALMACEN
25601;GALL GRANIX SIN SAL LIGHT 190G ;ALMACEN
04270;GALL GRANIX SIN SAL LIGHT 360G;ALMACEN
25600;GALL GRANIX.SALV.S/SAL LIGHT 210G ;ALMACEN
03034;GALL GRANIX.SALV.S/SAL LIGHT 410G;ALMACEN
18737;GALL GRANOVITA 140G LIMON;ALMACEN
26169;GALL GRANOVITA 140G VAINILLA;ALMACEN
18736;GALL GRANOVITA 142G ALGARROBA;ALMACEN
13925;GALL HOGAREÑAS 7 SEMILLAS 189G;ALMACEN
16489;GALL HOGAREÑAS 7 SEMILLAS 189G;ALMACEN
13340;GALL HOGAREÑAS 7 SEMILLAS 567G;ALMACEN
16488;GALL HOGAREÑAS 7 SEMILLAS 567G;ALMACEN
14077;GALL HOGAREÑAS MIX CEREAL 185G;ALMACEN
16715;GALL HOGAREÑAS MIX CEREAL 185G;ALMACEN
14339;GALL HOGAREÑAS MIX CEREAL 555G;ALMACEN
06950;GALL HOGAREÑAS SALVADO 200G;ALMACEN
09363;GALL HOGAREÑAS SALVADO 200G;ALMACEN
08749;GALL HOGAREÑAS SALVADO 600G;ALMACEN
08644;GALL HOGAREÑAS SALVADO 600G;ALMACEN
000649;GALL HOGAREÑAS SESAMO 167G;ALMACEN
05368;GALL KESITAS  75G PAQUETE;ALMACEN
03449;GALL KESITAS 125G CAJA;ALMACEN
24315;GALL KESITAS 250G ;ALMACEN
09629;GALL LINCOLN 153G CHOCOLATE;ALMACEN
21777;GALL LINCOLN 153G CLASICA;ALMACEN
25333;GALL LINCOLN 153G CLASICAS;ALMACEN
01383;GALL LINCOLN 153G COCO;ALMACEN
16643;GALL LINCOLN 219G CLASICA ;ALMACEN
10243;GALL MACUCAS 110G CHOCOLATE;ALMACEN
26150;GALL MACUCAS 110G CHOCOLATE;ALMACEN
18635;GALL MANA 136G CHOCOLATADA;ALMACEN
18969;GALL MANA 136G LIMON;ALMACEN
19882;GALL MANA 136G LIVIANAS C/LECHE ;ALMACEN
18847;GALL MANA 136G VAINILLA ;ALMACEN
22295;GALL MANA 140G PETIT ;ALMACEN
26406;GALL MANA 145G ACARAMELADA;ALMACEN
18848;GALL MANA 408G VAINILLA ;ALMACEN
13550;GALL MANA RELLENA 152G CHOCOLATE;ALMACEN
14515;GALL MANA RELLENA 152G FRUTILLA;ALMACEN
13551;GALL MANA RELLENA 152G LIMON;ALMACEN
14514;GALL MANA RELLENA 152G VAINILLA;ALMACEN
21637;GALL MANON 182G ;ALMACEN
03186;GALL MAURI FAUNA 150G;ALMACEN
01630;GALL MAURI FAUNA 400G;ALMACEN
03926;GALL MELBA 120G CHOCOLATE;ALMACEN
06173;GALL MELBA 360G;ALMACEN
20295;GALL MELITAS 159G;ALMACEN
24286;GALL MELLIZAS 110G ;ALMACEN
24409;GALL MELLIZAS 330G ;ALMACEN
20641;GALL MERENGADAS 264G FRUTILLA;ALMACEN
001148;GALL MERENGADAS 279G;ALMACEN
19798;GALL MERENGADAS 88G FRUTILLA;ALMACEN
07597;GALL MILKA 116G CHOCOLATE MOUSSE ;ALMACEN
07599;GALL MILKA 116G VAINILLA MOUSSE ;ALMACEN
26176;GALL MILKA 124G MOUSSE CHOCOLATE;ALMACEN
15675;GALL MOLINO AVENA CACAO 240G;ALMACEN
06914;GALL MOLINO AVENA PASAS 232G;ALMACEN
14233;GALL NATUZEN 110G CHOCOLAT;ALMACEN
10447;GALL NATUZEN 180G BASTONCITOS;ALMACEN
06837;GALL NATUZEN 180G PEPAS;ALMACEN
06895;GALL NATUZEN 180G RUED.CHOCOLA;ALMACEN
06875;GALL NATUZEN 180G RUED.VAINILL;ALMACEN
06880;GALL NATUZEN 200G BIZCOCHOS;ALMACEN
06841;GALL NATUZEN 200G CHIPS;ALMACEN
06829;GALL NATUZEN 200G COCO;ALMACEN
16577;GALL NINA 100G CHOCOLATE ;ALMACEN
10911;GALL OKEBON 273G DULCE LECHE ;ALMACEN
0910;GALL OKEBON 273G LECHE;ALMACEN
16230;GALL OKEBON 273G LECHE CHOCOLATADA;ALMACEN
21725;GALL OKEBON PANAL 220G VAINILLA;ALMACEN
21724;GALL OKEBON PANAL 222G COCO ;ALMACEN
22590;GALL OKEBON PANAL 247G CHOCOLATE;ALMACEN
03300;GALL OPERA 220G;ALMACEN
07535;GALL OPERA 55G;ALMACEN
07532;GALL OPERA 92G;ALMACEN
05917;GALL OREO  50G MINI ;ALMACEN
26386;GALL OREO  64G;ALMACEN
23529;GALL OREO  95G SIN GLUTEN;ALMACEN
02701;GALL OREO 117G;ALMACEN
17224;GALL OREO 118G ;ALMACEN
24196;GALL OREO 118G ;ALMACEN
17032;GALL OREO 118G CHOCOLATE;ALMACEN
26123;GALL OREO 118G CHOCOLATE;ALMACEN
21638;GALL OREO 118G CLASICA;ALMACEN
23671;GALL OREO 118G COCA COLA;ALMACEN
14388;GALL OREO 118G FRUTILLA;ALMACEN
21219;GALL OREO 118G FRUTILLA ;ALMACEN
25557;GALL OREO 118G FRUTILLA;ALMACEN
15700;GALL OREO 118G GOLDEN;ALMACEN
26600;GALL OREO 118G MANI;ALMACEN
27589;GALL OREO 118G MENTA;ALMACEN
22541;GALL OREO 119G BAÑADAS BLANCO;ALMACEN
21776;GALL OREO 119G BAÑADAS CHOCOLATE;ALMACEN
24473;GALL OREO 172G REGULAR ;ALMACEN
21833;GALL OREO 182.5G CLASICA;ALMACEN
15245;GALL OREO 354G;ALMACEN
16455;GALL OREO 354G GOLDEN;ALMACEN
18440;GALL OREO 4*43G ;ALMACEN
25167;GALL OREO MINI 150G;ALMACEN
03085;GALL PEPITOS  50G MINI ;ALMACEN
15507;GALL PEPITOS 119G ;ALMACEN
14001;GALL PEPITOS 357G ORIGINAL;ALMACEN
20896;GALL PORTENITAS 139GR;ALMACEN
06616;GALL REX  75G PAQUETE;ALMACEN
06792;GALL REX  75G TUBO;ALMACEN
06769;GALL REX 125G CAJA;ALMACEN
24316;GALL REX 225G;ALMACEN
06229;GALL ROCKLETS 118G;ALMACEN
26428;GALL ROCKLETS 35G COOKIE;ALMACEN
24411;GALL RUMBA 110G ;ALMACEN
24442;GALL RUMBA 330G ;ALMACEN
05287;GALL SALADIX  80G JAM/QUESO;ALMACEN
04640;GALL SALADIX 100G CALABRESA;ALMACEN
23368;GALL SALADIX 100G FUEGO;ALMACEN
06091;GALL SALADIX 100G JAMON;ALMACEN
04662;GALL SALADIX 100G PARMESANO;ALMACEN
06111;GALL SALADIX 100G PIZZA;ALMACEN
25888;GALL SALADIX 100G XTRA PICANTE;ALMACEN
25543;GALL SALADIX 30G PICANTE;ALMACEN
23267;GALL SALADIX 60G FUEGO;ALMACEN
13412;GALL SANTA MARIA 200G CHOCOL;ALMACEN
13411;GALL SANTA MARIA 200G VANILLA;ALMACEN
18502;GALL SCHAR 210G CRACKERS ;ALMACEN
20772;GALL SCHAR SALINIS 60G ;ALMACEN
20773;GALL SCHAR SALTI 175G ;ALMACEN
09637;GALL SERRANAS SANDWICH 112G;ALMACEN
09585;GALL SERRANAS SANDWICH 336G;ALMACEN
24343;GALL SERRANITAS 105G ;ALMACEN
24500;GALL SERRANITAS 315G ;ALMACEN
14475;GALL SONRISAS 108G FRAMBUESA;ALMACEN
14394;GALL SONRISAS 324G FRAMBUESA;ALMACEN
24568;GALL TERRABUSI 120G MIEL ;ALMACEN
016567;GALL TERRABUSI 120G VAINILLA;ALMACEN
15103;GALL TERRABUSI 144G CHIPS;ALMACEN
15104;GALL TERRABUSI 160G SCONS;ALMACEN
26385;GALL TERRABUSI DUQUESA 63G;ALMACEN
26387;GALL TERRABUSI MELBA 65G;ALMACEN
16470;GALL TITA 19G;ALMACEN
16673;GALL TITA 5*19G ;ALMACEN
22848;GALL TODDY 126G CHISPA CHOCOLATE;ALMACEN
02783;GALL TODDY 50G CHISPAS MINI;ALMACEN
01592;GALL TORTITAS 125G BLACK;ALMACEN
000283;GALL TORTITAS 125G CHOCO;ALMACEN
24501;GALL TRAVIATA 108G ;ALMACEN
27984;GALL TRAVIATA 288G AZUCARADAS;ALMACEN
26961;GALL TRAVIATA 288GR KESITAS;ALMACEN
24874;GALL TRAVIATA 288GR REX ORIGINAL;ALMACEN
24163;GALL TRAVIATA 324G;ALMACEN
24314;GALL TRAVIATA 540G ;ALMACEN
27123;GALL TRAVIATA 96G AZUCARADAS;ALMACEN
24935;GALL TRAVIATA 96GR KESITAS QUESO ;ALMACEN
24934;GALL TRAVIATA 96GR REX ORIGINAL ;ALMACEN
09847;GALL TRIO 160G FROLITAS;ALMACEN
27573;GALL TRIO 1KG PEPAS ;ALMACEN
23514;GALL TRIO 300G KRUMIRI;ALMACEN
24299;GALL TRIO 300G MARQUISE FRUTOS BOSQUE ;ALMACEN
23516;GALL TRIO 300G TARTELETTE FRUTILLA;ALMACEN
23515;GALL TRIO 300G TARTELETTE FRUTOS BOSQUE;ALMACEN
13472;GALL TRIO 500G FROLITAS ;ALMACEN
1736;GALL TRIO 500G PEPAS ALEMANAS;ALMACEN
07007;GALL TRIO 500G PEPAS CHIPS;ALMACEN
1730;GALL TRIO 500G PEPAS CHOCOLATE;ALMACEN
13471;GALL TRIO 500G PEPAS CLASICAS;ALMACEN
09746;GALL TRIO 500G PEPAS GLASEADAS;ALMACEN
07613;GALL TRIO 500G PEPONAS ;ALMACEN
26020;GALL VARIEDAD 170G ;ALMACEN
21944;GALL VARIEDAD 300G DORADA ;ALMACEN
14576;GALL VARIEDAD 310G CHOCOLATE;ALMACEN
22287;GALL VARIEDAD 390G ;ALMACEN
18813;GALL VARIEDAD 390G PREMIUM ;ALMACEN
28099;GALL VARIEDAD 590G ;ALMACEN
25459;GALL. POLVORON 115G VAINILLA C/CHIPS S/A;ALMACEN
05409;GALL.ARROZ ALL RICE  70G CON SAL CUADRADAS;ALMACEN
05401;GALL.ARROZ ALL RICE  70G DULCE CUADRADAS;ALMACEN
05421;GALL.ARROZ ALL RICE  70G SIN SAL CUADRADAS;ALMACEN
05419;GALL.ARROZ ALL RICE 100G CON SAL REDONDA;ALMACEN
05416;GALL.ARROZ ALL RICE 100G DULCE REDONDA;ALMACEN
05415;GALL.ARROZ ALL RICE 100G SIN SAL REDONDA;ALMACEN
16890;GALL.ARROZ ALL RICE 33.4G C/SAL;ALMACEN
24351;GALL.BAGLEY 400G SURTIDO ;ALMACEN
24723;GALL.BAGLEY 400G SURTIDO ;ALMACEN
07288;GALL.DON SATUR 300G PEPAS;ALMACEN
26735;GALL.EXQUISITA 300G COOKIES VAINILLA;ALMACEN
23430;GALL.FANTOCHE 150G BAKERY CHOCOLATE;ALMACEN
22645;GALL.FANTOCHE 200G BIZCOCHOS GRASA;ALMACEN
18145;GALL.GAONA 180G PEPAS MEMBRILLO;ALMACEN
25159;GALL.GAONA 220G MANTECADITAS;ALMACEN
18146;GALL.GAONA 230G CHIPS ;ALMACEN
18162;GALL.GAONA 300G PEPAS BATATA;ALMACEN
18161;GALL.GAONA 300G PEPAS MEMBRILLO;ALMACEN
25255;GALL.GAONA 90G CRUNCHIPS MINI ;ALMACEN
25254;GALL.GAONA RECREO 300G SURTIDAS;ALMACEN
26374;GALL.PORTEÑITAS 417G ORIGINALES;ALMACEN
23674;GALL.RC 150GR BIZCOCHITOS;ALMACEN
23672;GALL.RC 150GR TRIANGULITOS;ALMACEN
23673;GALL.RC 150GR VARITAS;ALMACEN
24823;GALL.RC 200G TORTITAS ;ALMACEN
10413;GALL.SANTA MARIA 180G VAINI. S;ALMACEN
22654;GALL.VARIEDAD 300G CHOCOLATE;ALMACEN
19990;GALLET SMAMS 105G RELL.LIMON;ALMACEN
19991;GALLET SMAMS 105G RELL.MOUSSE CHOCOLATE;ALMACEN
25464;GALLET. SMAMS 150G PEPAS VEGGIE;ALMACEN
27700;GALLET.CACHAMAI 160G SALVADO ;ALMACEN
27701;GALLET.CACHAMAI 165G AVENA/PASAS;ALMACEN
24764;GALLET.HAPPY FOOD 100G CHALITAS ;ALMACEN
25202;GALLET.HAPPY FOOD 100G CHALITAS ;ALMACEN
24760;GALLET.HAPPY FOOD 120G COCO;ALMACEN
24763;GALLET.HAPPY FOOD 120G LIMON;ALMACEN
24762;GALLET.HAPPY FOOD 120G NARANJA ;ALMACEN
24761;GALLET.HAPPY FOOD 120G PERA/CANELA;ALMACEN
11807;GALLET.SMAMS 105G RELL.CHOCOLATE;ALMACEN
11491;GALLET.SMAMS 105G RELL.FRUTILL;ALMACEN
11492;GALLET.SMAMS 105G RELL.VAINILL;ALMACEN
25460;GALLET.SMAMS 150G CHIPS CHOCOLATE NEGRO;ALMACEN
25463;GALLET.SMAMS 200GCHOCOLATE;ALMACEN
11490;GALLET.SMAMS CRACKERS 150G C/SEMILLAS;ALMACEN
11489;GALLET.SMAMS CRACKERS 150G CLASICAS;ALMACEN
19215;GALLET.SMAMS CRACKERS 150G S/S;ALMACEN
00900;GALLETINES FRANKY EL KG;PANADERIA
23463;GALLETITAS ANIMAL KIND 170G CHOCOLATE;ALMACEN
26396;GALLETITAS GALLO 100G GALLITA CHOCOLATE;ALMACEN
26397;GALLETITAS GALLO 100G GALLITA LIMON;ALMACEN
26426;GALLETITAS SNACK GALLO 100G CHIPS PICANTES;ALMACEN
16977;GALLETITAS SNACK GALLO PIZZAS 100G ;ALMACEN
16979;GALLETITAS SNACK GALLO QUESO 100G;ALMACEN
24651;GALLETITAS SNACKS GALLO 100G CREMA/CEBOLLA;ALMACEN
16978;GALLETITAS SNACKS JAMON 100G;ALMACEN
26182;GAMUZA SINTETICA LAFFITTE;ALMACEN
27419;GAMUZA SINTETICA WALKER;ALMACEN
22028;GARAM MASALA;ALMACEN
25815;GARBANZO CUMANA 300G;ALMACEN
18912;GARBANZOS ARCOR 300G;ALMACEN
08985;GARBANZOS CADEA 500G;ALMACEN
24018;GARBANZOS CALLIERI 400G;ALMACEN
23455;GARBANZOS FITBEANS 40G SAL MARINA;ALMACEN
23452;GARBANZOS FITBEANS 75G SAL MARINA ;ALMACEN
17745;GARBANZOS INALPA 300G SECOS REMOJADOS;ALMACEN
02042;GARBANZOS INALPA 350G;ALMACEN
20828;GARBANZOS VIDA 300G SECOS REMOJADOS;ALMACEN
27809;GARRA REAL MULTIUSOS;ALMACEN
08840;GARRAP.GEORGALOS  80G MANI;ALMACEN
20043;GARRAP.GEORGALOS  80G MANI BAÑADAS;ALMACEN
20030;GARRAP.GEORGALOS 100G MANI;ALMACEN
20032;GARRAP.GEORGALOS 80G ALMENDRAS;ALMACEN
05413;GARRAPINADA ALMENDRA ARCOR 100G;ALMACEN
05408;GARRAPINADA MANI ARCOR  80G;ALMACEN
000989;GARRAPINADA MANI KING 80G;ALMACEN
23541;GARRAPIÑADA ORQUIDEA 100GR GIRASOL;ALMACEN
08;GAS;ALMACEN
19;GAS No Gravado (Imp Int);ALMACEN
20071;GASEOSA CUNNINGTON 2.25L TONICA ;ALMACEN
24405;GASEOSA DOBLE COLA 3.0L  POMELO BLANCO;ALMACEN
19480;GASEOSA INTERLAGOS NARANJA 2.25LT;ALMACEN
19482;GASEOSA INTERLAGOS POMELO 2.25LT;ALMACEN
22362;GASEOSA MAGNA 1.50LT TONICA;ALMACEN
21844;GASEOSA MAGNA 2.50LT TONICA ;ALMACEN
22099;GASEOSA MAGNA 500CC TONICA;ALMACEN
26723;GASEOSA MANAOS 2.25LT TONICA;ALMACEN
26712;GASEOSA MANAOS 3LT COLA;ALMACEN
26713;GASEOSA MANAOS 3LT LIMA LIMON;ALMACEN
26714;GASEOSA MANAOS 3LT NARANJA;ALMACEN
26715;GASEOSA MANAOS 3LT POMELO BLANCO;ALMACEN
23079;GASEOSA PRITTY 1.5LT LIMON ;ALMACEN
22361;GASEOSA PRITTY 2.25LT LIMON CLASICA;ALMACEN
22363;GASEOSA PRITTY 2.25LT LIMON SIN AZUCAR;ALMACEN
20144;GASEOSA RUMIPAL 1.5L TONICA ;ALMACEN
18201;GATORADE BERRY 500CC SIN AZUCARES PET;ALMACEN
08215;GATORADE COOL BLUE 1.25LT;ALMACEN
02057;GATORADE COOL BLUE 500CC PET;ALMACEN
08814;GATORADE COOL BLUE 750CC;ALMACEN
28035;GATORADE FRESA/KIWI 400CC ZERO;ALMACEN
27518;GATORADE FRUT. TROP 437CC VIDRIO;ALMACEN
000721;GATORADE FRUTAS TROPICALES 1.25L;ALMACEN
02058;GATORADE FRUTAS TROPICALES 500CC;ALMACEN
08794;GATORADE FRUTAS TROPICALES 750CC;ALMACEN
25513;GATORADE GREEN MANGO 500ML PET;ALMACEN
08213;GATORADE MANZANA 1.25LT;ALMACEN
05019;GATORADE MANZANA 500CC PET;ALMACEN
08221;GATORADE MANZANA 750CC;ALMACEN
23303;GATORADE MARACUYA 500CC PET ;ALMACEN
28036;GATORADE MORA 400CC ZERO ;ALMACEN
07826;GATORADE NARANJA 1.25L;ALMACEN
06805;GATORADE NARANJA 500CC PET;ALMACEN
18202;GATORADE NARANJA 500CC SIN AZUCARES PET;ALMACEN
16982;GATORADE UVA 300CC PET;ALMACEN
06806;GATORADE UVA 500CC PET;ALMACEN
25866;GEL ALGABO 150G EFECTO FIRME;ALMACEN
20552;GEL ALGABO 150G EFECTO HUMEDO ;ALMACEN
020553;GEL ALGABO 150G EFECTO HUMEDO ;ALMACEN
21065;GEL ALGABO 150G EXTRA FUERTE ;ALMACEN
26703;GEL ALGABO 150G SILVER INCOLORO;ALMACEN
02745;GEL DE AFEITAR NIVEA 200ML SEN;ALMACEN
25429;GEL FUERTE ROBY 150G ALOE;ALMACEN
25428;GEL HUMEDO ROBY 150G ALOE;ALMACEN
19667;GEL MICELAR NIVEA 150ML LIMPIADOR;ALMACEN
25427;GEL NORMAL ROBY 150G ALOE;ALMACEN
001170;GEL ROUBAIX 200G FIJADOR ;ALMACEN
001128;GEL ROUBAIX 200G FLEX ;ALMACEN
04068;GEL ROUBAIX 200G FUERTE ;ALMACEN
000136;GEL ROUBAIX 200G INVISIBLE FUERTE ;ALMACEN
001130;GEL ROUBAIX 200G NORMAL ;ALMACEN
25488;GELAT.BC CAMPAG.18G CEREZA ;ALMACEN
22466;GELAT.BC CAMPAG.18G DURAZNO LIGHT;ALMACEN
03161;GELAT.BC CAMPAG.18G FRUTILLA;ALMACEN
25663;GELAT.EXQUISITA 25G DURAZNO;ALMACEN
07726;GELAT.EXQUISITA 25G LIGHT CEREZA;ALMACEN
26572;GELAT.EXQUISITA 25G LIGHT CEREZA;ALMACEN
25558;GELAT.EXQUISITA 25G LIGHT FRUTILLA;ALMACEN
15392;GELAT.EXQUISITA 40G CEREZA;ALMACEN
25559;GELAT.EXQUISITA 40G CEREZA;ALMACEN
15393;GELAT.EXQUISITA 40G DURAZNO;ALMACEN
25560;GELAT.EXQUISITA 40G DURAZNO;ALMACEN
15810;GELAT.EXQUISITA 40G FRAMBUESA ;ALMACEN
25561;GELAT.EXQUISITA 40G FRAMBUESA;ALMACEN
17276;GELAT.EXQUISITA 40G FRUTILLA;ALMACEN
23654;GELAT.EXQUISITA 40G FRUTILLA;ALMACEN
19025;GELAT.EXQUISITA 40G NARANJA;ALMACEN
25562;GELAT.EXQUISITA 40G NARANJA;ALMACEN
07725;GELAT.EXQUISITA LIGHT FRUTILLA;ALMACEN
25801;GELAT.GENNARI 100GR SIN SABOR;ALMACEN
19751;GELAT.GODET  25G CEREZA;ALMACEN
19750;GELAT.GODET  25G DURAZNO;ALMACEN
001190;GELAT.GODET  25G FRAMBUESA;ALMACEN
001172;GELAT.GODET  25G FRUTILLA;ALMACEN
25756;GELAT.GODET 25G CEREZA;ALMACEN
25757;GELAT.GODET 25G DURAZNO;ALMACEN
25758;GELAT.GODET 25G FRAMBUESA;ALMACEN
25354;GELAT.GODET 25G FRUTILLA ;ALMACEN
19753;GELAT.MOGUL 25G CEREZA;ALMACEN
18445;GELAT.MOGUL 25G FRUTILLA ;ALMACEN
19752;GELAT.MOGUL 25G MANZANA;ALMACEN
25635;GELAT.MOGUL 25G MANZANA;ALMACEN
02950;GELAT.MOGUL 25G UVA;ALMACEN
25778;GELAT.MOGUL 25G UVA;ALMACEN
21834;GELAT.ROYAL 22G NARANJA ;ALMACEN
20703;GELAT.ROYAL 25G CEREZA ;ALMACEN
22237;GELAT.ROYAL 25G CEREZA;ALMACEN
20997;GELAT.ROYAL 25G DURAZNO;ALMACEN
20996;GELAT.ROYAL 25G FRAMBUESA;ALMACEN
15422;GELAT.ROYAL 25G FROJOS LIGHT;ALMACEN
21364;GELAT.ROYAL 25G FRUTILLA;ALMACEN
04843;GELAT.ROYAL 25G FRUTILLA LIGHT;ALMACEN
02307;GELAT.ROYAL SIN SABOR;ALMACEN
01765;GELAT.ROYAL.CEREZA 40G;ALMACEN
01770;GELAT.ROYAL.FRAMBUESA 40G;ALMACEN
03238;GELAT.ROYAL.FRUTILLA 40G;ALMACEN
02839;GELAT.ROYAL.LIGHT CEREZA 25G;ALMACEN
02835;GELAT.ROYAL.SIN SABOR;ALMACEN
26146;GELATINA BC 18G DURAZNO;ALMACEN
25881;GELATINA BC 18G FRUTILLA;ALMACEN
22892;GELATINA BC FRAMBUESA 18G ;ALMACEN
22665;GELATINA CUARTO LIGHT FRUTILLA;ALMACEN
25821;GELATINA MOGUL 25G FRUTILLA;ALMACEN
27424;GELATINA ROYAL TANG 25G FRUTIVERSO;ALMACEN
27426;GELATINA ROYAL TANG 25G GALACTICO;ALMACEN
27425;GELATINA ROYAL TANG 25G UVA;ALMACEN
25769;GELATINA SANCOR 110G LIGHT FRUTILLA;ALMACEN
25296;GELATINA SANCOR 110G LIGHT NARANJA ;ALMACEN
24266;GELATINA SHIMY 110G FRUTILLA ;ALMACEN
24267;GELATINA SHIMY 110G MANZANA ;ALMACEN
26040;GILLETTE 1U CUERPO MAQ;ALMACEN
25611;GILLETTE 2U CUERPO MAQ;ALMACEN
27475;GILLETTE DERMA PROTEC 4U;ALMACEN
3621;GILLETTE MACH 3 MAQUINA;ALMACEN
18641;GILLETTE MACH 3 MAQUINA ;ALMACEN
09604;GILLETTE MACH 3 REP 2U;ALMACEN
17948;GILLETTE MACH 3 REP 2U;ALMACEN
20184;GILLETTE MACH 3 REP 2U SENSITIVE;ALMACEN
12029;GILLETTE MACH 3 REP 4U SENSITI;ALMACEN
19386;GILLETTE MACH 3 REP.2U SENSITIVE ;ALMACEN
25280;GILLETTE MACH3 CARBONO 1U;ALMACEN
24604;GILLETTE MACH3 CARBONO 2U;ALMACEN
18385;GILLETTE MACH3 REP. 3U;ALMACEN
19996;GILLETTE MACH3 SENSITIVE RAZOR 1U;ALMACEN
18655;GILLETTE PRESTOBARBA 2CT BLISTER SENSITIVE;ALMACEN
26658;GILLETTE PRESTOBARBA 2U;ALMACEN
24831;GILLETTE PRESTOBARBA 2U AZUL;ALMACEN
24585;GILLETTE PRESTOBARBA 3 *2U ICE COOL;ALMACEN
27473;GILLETTE PRESTOBARBA 3 4U EXT.SUAVE;ALMACEN
27474;GILLETTE PRESTOBARBA 3 FRESH 4U;ALMACEN
27954;GILLETTE PRESTOBARBA 3U AZUL ;ALMACEN
27477;GILLETTE PRESTOBARBA ULT.GRIP2 5U;ALMACEN
25412;GILLETTE VENUS 1U  ESSENTIAL CARE MAQ;ALMACEN
20762;GILLETTE VENUS 2U ÍNTIMA;ALMACEN
27202;GILLETTE VENUS 2U SENSITIVE MAQ;ALMACEN
25411;GILLETTE VENUS 2U SUAVE MAQ;ALMACEN
25367;GILLETTE VENUS INTIMA 1UN MAQUINA;ALMACEN
25366;GILLETTE VENUS INTIMA 2UN REPUESTO;ALMACEN
17362;GILLETTE VENUS MALIBU 2U;ALMACEN
19559;GILLETTE VENUS SENSITIVE;ALMACEN
27476;GILLETTE VENUS SENSITIVE 4U;ALMACEN
14903;GILLETTE VENUS SIMPLY3  *2UN;ALMACEN
27260;GILLETTE VENUS SKIN SENSITIVE MAQ;ALMACEN
21090;GIN ACONCAGUA 750ML BLANCO;ALMACEN
21089;GIN ACONCAGUA 750ML LIMITED;ALMACEN
19871;GIN ACONCAGUA 750ML LIMITED AZUL;ALMACEN
23358;GIN ACONCAGUA 750ML ROSA ;ALMACEN
21088;GIN ACONCAGUA 750ML VERDE;ALMACEN
18438;GIN BEEFEATER 1L ;ALMACEN
08872;GIN BEEFEATER 700CC;ALMACEN
23634;GIN BEEFEATER 700CC;ALMACEN
19698;GIN BEEFEATER 700CC BLOOD ORANGE;ALMACEN
19892;GIN BEEFEATER 700ML PINK ;ALMACEN
27490;GIN BOMBAY 700ML SUNSET ;ALMACEN
27250;GIN BOMBAY 750CC;ALMACEN
17711;GIN BOSQUE 500CCC ;ALMACEN
17602;GIN BOSQUE 500ML ;ALMACEN
16011;GIN BRIGHTON 700CC;ALMACEN
27074;GIN BRIGHTON 700CC PINK;ALMACEN
27075;GIN BRIGHTON 700CC TANGERINE;ALMACEN
18858;GIN BULLDOG 700CC ;ALMACEN
03951;GIN CRAZY 1L;ALMACEN
26025;GIN DALMATA 750ML BLACK;ALMACEN
25855;GIN DALMATA 750ML CITRUX ;ALMACEN
24617;GIN GORDON 700CC PINK;ALMACEN
11318;GIN GORDONS 700CC;ALMACEN
27314;GIN HEREDERO 750CC;ALMACEN
23644;GIN LLAVE BLACK 700CC ;ALMACEN
24271;GIN MALARIA 700ML BLACK PREMIUM ;ALMACEN
24816;GIN MALARIA 700ML LONDON DRY ;ALMACEN
23359;GIN MALARIA 700ML ORIGINAL ;ALMACEN
25880;GIN RESTINGA 700CC LONDON DRY ARTESANAL;ALMACEN
19566;GIN RIDER 750CC;ALMACEN
23867;GIN SPIRITO BLU 700CC;ALMACEN
19895;GIN TONIC GORDONS 473CC;ALMACEN
25165;GIN YUNTA 750ML CLASICO;ALMACEN
25166;GIN YUNTA 750ML+COPA ESTUCHE;ALMACEN
25895;GIN ZORRO 750ML LONDON DRY;ALMACEN
00441;GINEBRA BOLS 1L;ALMACEN
26699;GINEBRA BOLS 1L;ALMACEN
24403;GINEBRA LLAVE 700CC ;ALMACEN
20083;GINKGO PATAGONIA 500ML ;ALMACEN
18810;GIRASOL ORQUIDEA 200GR TOSTADO SALADO ;ALMACEN
23838;GIRASOL ORQUIDEA 200GR TOSTADO SIN SAL ;ALMACEN
00821;GIRGOLAS X BANDEJA;VERDULERIA
10733;GLOBO RED.FELIZ  C.25U;ALMACEN
25213;GOMA BLANCA MAPED *2 BLISTER;ALMACEN
22446;GOMA BORRAR MAPED TEC.BLANCA;ALMACEN
23598;GOMA BORRAR MAPED TEC.BLANCA;ALMACEN
20437;GOMA LAPIZ TINTA EZCO TEC.*2U;ALMACEN
26755;GOMA MOGUL 100G EXT.LADRILLOS FRUTILLA;ALMACEN
26756;GOMA MOGUL 100G EXT.TUBITOS FRUTILLA;ALMACEN
27690;GOMA MOGUL 12*35G ROLLO;ALMACEN
24472;GOMA MOGUL 150G EXTREME ROCKS ;ALMACEN
25306;GOMA MOGUL 150G JELLY BEANS;ALMACEN
23068;GOMA MOGUL 150G LADRILLOS;ALMACEN
14384;GOMA MOGUL 150G OSITOS;ALMACEN
15212;GOMA MOGUL 1KG ANILLOS;ALMACEN
07152;GOMA MOGUL 1KG CONITOS;ALMACEN
04399;GOMA MOGUL 1KG JELLY BUTTONS;ALMACEN
13568;GOMA MOGUL 220G ANILLOS;ALMACEN
16330;GOMA MOGUL 220G CONITOS;ALMACEN
13567;GOMA MOGUL 220G EUCALIPTUS;ALMACEN
13634;GOMA MOGUL 220G JELLY BUTTONS;ALMACEN
20171;GOMA MOGUL 30G OSITOS;ALMACEN
20170;GOMA MOGUL 30G TIBURONCITOS;ALMACEN
26950;GOMA MOGUL 500G COLA;ALMACEN
02177;GOMA MOGUL 500G DIENTES;ALMACEN
27338;GOMA MOGUL 500G EXT.LADRILLOS FRUTILLA;ALMACEN
02172;GOMA MOGUL 500G FRUT.ACIDAS;ALMACEN
02153;GOMA MOGUL 500G GUSANITOS;ALMACEN
26128;GOMA MOGUL 500G JELLY BEANS;ALMACEN
02161;GOMA MOGUL 500G MORAS;ALMACEN
22391;GOMA MOGUL 500G OJITOS HALLOWEEN;ALMACEN
02169;GOMA MOGUL 500G OSITOS;ALMACEN
26440;GOMA MOGUL 500G OSO EXTREME ;ALMACEN
20172;GOMA MOGUL 50G FRUTALES;ALMACEN
26475;GOMA MOGUL 50G MORAS;ALMACEN
26759;GOMA MOGUL 80G ANILLOS;ALMACEN
26702;GOMA MOGUL 80G CONITOS;ALMACEN
26762;GOMA MOGUL 80G DIENTES;ALMACEN
26758;GOMA MOGUL 80G EUCALIPTUS;ALMACEN
15213;GOMA MOGUL 80G FRUTALES;ALMACEN
27337;GOMA MOGUL 80G JELLY BEANS;ALMACEN
26760;GOMA MOGUL 80G JELLY BUTTONS;ALMACEN
26761;GOMA MOGUL 80G MORAS;ALMACEN
04384;GOMA MOGUL DIENTES 150G;ALMACEN
27226;GOMA MOGUL EXTREME 80G OSO;ALMACEN
27407;GOMA MOGUL MASTI 72G FRUTILLA/LIMON;ALMACEN
27393;GOMA MOGUL MASTI 72G UVA/ANANA;ALMACEN
04350;GOMA MOGUL MORAS 150G;ALMACEN
01251;GOMA MOGUL OSOS 200GR EXTREME;ALMACEN
24695;GOMA XANTICA ONZA DE ORO 50G ;ALMACEN
26414;GOMA XANTICA PROCAL 40G;ALMACEN
25765;GOMA XANTICA PROCAL 50G;ALMACEN
25441;GOMITAS BUBBALOO 82G FRUTILLA ;ALMACEN
25442;GOMITAS BUBBALOO 82G NARANJA/ARAND.;ALMACEN
23481;GOMITAS FLYNN PAFF 220GR SURTIDAS AZUCARADAS;ALMACEN
27303;GOMITAS FLYNN PAFF 30GR SURTIDAS;ALMACEN
27222;GOMITAS FLYNN PAFF 30GR SURTIDAS;ALMACEN
27304;GOMITAS FLYNN PAFF 30GR TUTTI FRUTI;ALMACEN
26553;GOMITAS FLYNN PAFF 700GR ;ALMACEN
19678;GOMITAS TREMBLY 48G GOL;ALMACEN
27018;GORRA CORONA GREEN OLIVE;ALMACEN
01673;GRAGEAS AROMAS 50G;ALMACEN
25812;GRAGEAS MULTICOLOR 50G;ALMACEN
25808;GRANA 100G MULTICOLOR;ALMACEN
25838;GRANA 50G COR.LILA/ESTRELLA ROJA;ALMACEN
25836;GRANA CIRCULO AMARILLO 50G;ALMACEN
25810;GRANA CIRCULO CELESTE 50G;ALMACEN
25830;GRANA CIRCULO CELESTE 50G;ALMACEN
25844;GRANA CIRCULO NEGRO 50G;ALMACEN
25842;GRANA CORAZON BLANCO 50G;ALMACEN
25811;GRANA CORAZON PLATA 50G;ALMACEN
25831;GRANA CORAZON PLATA 50G;ALMACEN
25835;GRANA CORAZON ROJO 50G;ALMACEN
25841;GRANA CORAZON ROSA PASTEL 50G;ALMACEN
25832;GRANA ESTRELLA AMARILLA 50G;ALMACEN
25807;GRANA ESTRELLA AZUL 50G;ALMACEN
25839;GRANA ESTRELLA CELESTE 50G;ALMACEN
25837;GRANA ESTRELLA PLATA 50G;ALMACEN
25843;GRANA FLOR AMARILLA 50G;ALMACEN
25829;GRANA FLOR LILA 50G;ALMACEN
25833;GRANA FLOR ROJO 50G;ALMACEN
25840;GRANA FLOR ROSA 50G;ALMACEN
25834;GRANA FLOR TURQUESA 50G;ALMACEN
01819;GRANADINA CUSENIER 750CC;ALMACEN
01768;GRANADINA DELLEPIANE 750CC;ALMACEN
14110;GRANOLA ARTESANAL 125G;ALMACEN
11584;GRANOLA GRANIX 350G ALMENDRAS PASAS;ALMACEN
07917;GRANOLA GRANIX 350G COCO MIEL;ALMACEN
11583;GRANOLA GRANIX 350G FRUTOS ROJOS;ALMACEN
24835;GRANOLA GRANIX 350G FRUTOS ROJOS ;ALMACEN
24746;GRANOLA GRANIX 350G PASAS/ALMENDRAS ;ALMACEN
26116;GRANOLA KELLOGGS 200G BANANA/MANZANA;ALMACEN
26115;GRANOLA KELLOGGS 200G NUTS;ALMACEN
26117;GRANOLA KELLOGGS 200G TRADICIONAL;ALMACEN
21650;GRANOLA KUATI 250G MANI/ALMENDRA;ALMACEN
25991;GRANOLA KUATI 400G ORIGINAL;ALMACEN
14960;GRANOLA LULEMUU 200G C/COCO;ALMACEN
15907;GRANOLA PATAGONIA 250G ;ALMACEN
21872;GRANOLA PATAGONIA 250G ;ALMACEN
24654;GRANOLA PATAGONIA 250G C/ALM.S/A;ALMACEN
15908;GRANOLA PATAGONIA 500G CROCANTE;ALMACEN
02964;GRAPPA VALLEVIEJO 950CC ORUJO;ALMACEN
00164;GRASA FRESCA EL KILO;CARNICERIA
06936;GRASA PALADINI 500G CERDO;CARNICERIA
09214;GRASA RICABE 1KG;ALMACEN
06026;GRISINES BAMMI 250G BLANCO MINI;ALMACEN
00943;GRISINES FRANKI QUESO X KG;PANADERIA
00397;GRISINES FRANKY CEBOLLA X KG;PANADERIA
00424;GRISINES FRANKY OFERTA X KG;PANADERIA
00410;GRISINES FRANKY SALAME X KG;PANADERIA
00403;GRISINES FRANKY SALVADO X KG;PANADERIA
00506;GRISINES OREGANO FRANKY;PANADERIA
00510;GRISINES PIZZA FRANKY;PANADERIA
00505;GRISINES SEMILLAS FRANKY;PANADERIA
27521;GRISSINI SCHAR 150G ;ALMACEN
27366;GUACAMOLE SELENZA 200G;ALMACEN
03011;GUANTES DEA AFELP.CHICO;ALMACEN
000258;GUANTES DEA AFELP.GRANDE;ALMACEN
02948;GUANTES DEA AFELP.MEDIANOS;ALMACEN
22135;GUANTES LIMPEX CHICOS SUP.RESIST;ALMACEN
22509;GUANTES LIMPEX GRANDE SUP.RESIST;ALMACEN
22133;GUANTES LIMPEX MEDIANOS SUP.RESIST;ALMACEN
22134;GUANTES LIMPEX X.LARGOS SUP.RESIST;ALMACEN
25096;GUANTES MOTEADOS POR PAR - INSUMO;ALMACEN
21051;GUANTES NITRILO TALLE L 100U;ALMACEN
21049;GUANTES NITRILO TALLE M 100U;ALMACEN
21050;GUANTES NITRILO TALLE S 100U;ALMACEN
22059;GUANTES NITRILO TALLE S 100U;ALMACEN
21052;GUANTES NITRILO TALLE XL 100U;ALMACEN
022015;GUANTES POLIETILENO 100U MEDIDA UNICA;ALMACEN
21550;GUANTES SED METAL D.SOFT L/9;ALMACEN
21471;GUANTES SED METAL D.SOFT M/8;ALMACEN
21549;GUANTES SED METAL D.SOFT S/7;ALMACEN
22013;GUANTES STEFF LATEX TALLE M 100U;ALMACEN
22012;GUANTES STEFF LATEX TALLE S 100U;ALMACEN
22014;GUANTES STEFF LATEX TALLE XL 100U;ALMACEN
07891;GUARANA ANTARTICA 1.5L S/AZUCAR;ALMACEN
07984;GUARANA ANTARTICA 2.25L S/AZUCAR;ALMACEN
24729;GUISO LENTEJA GRYM 250G ;ALMACEN
02968;H2OH PET 1.5L CITRUS;ALMACEN
08159;H2OH PET 1.5L LIMA LIMON;ALMACEN
09316;H2OH PET 1.5L LIMONETO;ALMACEN
02969;H2OH PET 1.5L NARANCHELO;ALMACEN
09311;H2OH PET 2.25L CITRUS;ALMACEN
09859;H2OH PET 2.25L LIMA LIMON;ALMACEN
09326;H2OH PET 2.25L LIMONETO;ALMACEN
07537;H2OH PET 2.25L NARANCHELO;ALMACEN
09320;H2OH PET 500CC LIMONETO;ALMACEN
23232;H2OH STILL 1.5L LIMON;ALMACEN
23231;H2OH STILL 1.5L MANZANA ;ALMACEN
27020;H2OH STILL 1.5L NARANJA ;ALMACEN
23233;H2OH STILL 1.5L POMELADA;ALMACEN
25524;H2OH STILL 2L LIMONETO ;ALMACEN
25616;H2OH STILL 2L MANZANELLA;ALMACEN
25610;H2OH STILL 2L POMELO;ALMACEN
26493;H2OH STILL 500CC MANZANELLA;ALMACEN
26495;H2OH STILL 500CC POMELADA;ALMACEN
25146;H2OH STILL PET 500CC LIMONETO;ALMACEN
10664;HABANITOS TERRABUSI 60G;ALMACEN
00997;HABAS X KG;VERDULERIA
07059;HACHA REAL BATE BIFE MANGO MADERA;ALMACEN
18887;HACHUELA TRADICIONAL TRAMONTINA P/COCINA;ALMACEN
24894;HAMB. VEGANO BURGANAS 460G BERENJENAS;FIAMBRERIA
24895;HAMB. VEGANO BURGANAS 460G BROCOLI;FIAMBRERIA
24896;HAMB. VEGANO BURGANAS 460G CALABAZA;FIAMBRERIA
24897;HAMB. VEGANO BURGANAS 460G CEB.CARAMELIZADAS;FIAMBRERIA
24898;HAMB. VEGANO BURGANAS 460G ESPINACA;FIAMBRERIA
24899;HAMB. VEGANO BURGANAS 460G LENTEJAS;FIAMBRERIA
24900;HAMB. VEGANO BURGANAS 460G TOMATE SECO;FIAMBRERIA
24901;HAMB. VEGANO BURGANAS 460G ZANAHORIA;FIAMBRERIA
07075;HAMB.PALADINI  4UN 320G;FIAMBRERIA
01976;HAMB.PALADINI  4UN 320G;FIAMBRERIA
06917;HAMB.PALADINI 12UN 960G;FIAMBRERIA
04567;HAMB.PALADINI 160G VEGETAL ;FIAMBRERIA
24175;HAMB.PALADINI 2U CLASICAS;FIAMBRERIA
18919;HAMB.PATY 10U DE CANCHA ;FIAMBRERIA
05160;HAMB.PATY 12 U;FIAMBRERIA
26678;HAMB.PATY 2U DE CANCHA ;FIAMBRERIA
27522;HAMB.PATY 2U GRANDES FLOW ;FIAMBRERIA
07443;HAMB.PATY 4U CLASICO;FIAMBRERIA
05561;HAMB.PATY 4U EXPRESS;FIAMBRERIA
23069;HAMB.PATY 4U EXPRESS;FIAMBRERIA
08526;HAMB.PATY 4U LIGHT;FIAMBRERIA
08242;HAMB.PATY 4U SUPER;FIAMBRERIA
27448;HAMB.PATYNESA 226G 2U;FIAMBRERIA
08027;HAMB.POLLO 12U CRISTAL;FIAMBRERIA
03791;HAMB.POLLOLIN  2UN 160G;FIAMBRERIA
03786;HAMB.POLLOLIN  4UN;FIAMBRERIA
05240;HAMB.SWIFT 12U CLASICA;FIAMBRERIA
05252;HAMB.SWIFT 2U CLASICA XL;FIAMBRERIA
05237;HAMB.SWIFT 2U TIPO CASERA;FIAMBRERIA
13194;HAMB.SWIFT 2UN CLASICA;FIAMBRERIA
05234;HAMB.SWIFT 4U CLASICA;FIAMBRERIA
00924;HAMBURGUESAS CAPRIOLO;CARNICERIA
00183;HAMBURGUESAS DE POLLO;CARNICERIA
14723;HARINA ADELIA MARIA 25KG 4/0;ALMACEN
06427;HARINA ALMENDRAS B.VIENTOS 400G;ALMACEN
17859;HARINA ARROZ ALL RICE 1KG;ALMACEN
23090;HARINA BLANCAFLOR 1KG LEUDANTE;ALMACEN
26729;HARINA BLANCAFLOR 1KG LEUDANTE;ALMACEN
27927;HARINA BLANCAFLOR 1KG PIZZA ;ALMACEN
14523;HARINA CAÑUELAS  1KG 3/0 ULTRAREFINADA;ALMACEN
000423;HARINA CAÑUELAS 25KG 4/0;ALMACEN
26420;HARINA CAÑUELAS 5K 3/0;ALMACEN
26421;HARINA CAÑUELAS 5K 4/0;ALMACEN
000112;HARINA CARHUE 25KG 0000;ALMACEN
22601;HARINA COCO GENNARI 500GR CLASICA;ALMACEN
22602;HARINA COCO GENNARI 500GR ORGANICA;ALMACEN
25820;HARINA CUMANA 150G ALMEN C/PIEL DP;ALMACEN
25819;HARINA CUMANA 150G ALMEN S/PIEL DP;ALMACEN
25817;HARINA CUMANA 200G COCO DP;ALMACEN
25818;HARINA CUMANA 400G AVENA DP;ALMACEN
25773;HARINA DE ALMENDRAS 500G;ALMACEN
19829;HARINA DICOMERE  450GR ARROZ YAMANI;ALMACEN
19828;HARINA DICOMERE  450GR ARVEJAS;ALMACEN
04026;HARINA DIMAX 1KG ARROZ ;ALMACEN
18217;HARINA DIMAX 500G ARROZ;ALMACEN
24260;HARINA FAVORITA 1KG 3/0;ALMACEN
01846;HARINA FAVORITA 1KG 3/0 VIT;ALMACEN
23164;HARINA FAVORITA 1KG 4/0;ALMACEN
26677;HARINA FAVORITA 1KG 4/0 100G GRATIS;ALMACEN
000454;HARINA FAVORITA 1KG LEUDANTE;ALMACEN
27014;HARINA FAVORITA 1KG LEUDANTE;ALMACEN
000906;HARINA LETIZIA 25KG 4/0;ALMACEN
17027;HARINA M.PRESTOPRONTA 1KG AREPAS;ALMACEN
25607;HARINA PAN 1KG MAIZ BLANCO ;ALMACEN
05223;HARINA PUREZA 1KG 3/0;ALMACEN
000151;HARINA PUREZA 1KG 4/0 ;ALMACEN
000153;HARINA PUREZA 1KG 4/0;ALMACEN
14522;HARINA PUREZA 1KG 4/0 ;ALMACEN
24608;HARINA PUREZA 1KG 4/0 ULTRA REF.;ALMACEN
19538;HARINA PUREZA 1KG INTEGRAL;ALMACEN
17080;HARINA PUREZA 1KG INTEGRAL LEUDANTE ;ALMACEN
18927;HARINA PUREZA 1KG LEUDANTE ;ALMACEN
27129;HARINA PUREZA 1KG LEUDANTE S/SODIO;ALMACEN
24026;HARINA SAN AGUSTIN 5KG 3/0;ALMACEN
03004;HEBRAS SANCOR 150G 4 QUESOS;FIAMBRERIA
01955;HEBRAS SANCOR 150G 4 QUESOS LI;FIAMBRERIA
08056;HEBRAS SANCOR 150G LIGHT P/P;FIAMBRERIA
4098;HEL.ALMENDRADO ARCOR 637G;FIAMBRERIA
07774;HEL.ARCOR TRES CREMAS 1K CHOC/VAIN/DDL;FIAMBRERIA
09084;HEL.ARCOR TRES CREMAS 1KG FRUT/DDL/AMER;FIAMBRERIA
07682;HEL.BONOBONCITOS 18U;FIAMBRERIA
16950;HEL.COFLER 180CC D.LECHE ;FIAMBRERIA
16555;HEL.COFLER BLOCK 500G ;FIAMBRERIA
17122;HEL.COFLERCITO 18U BLOCK ;FIAMBRERIA
06144;HEL.FRIGOR 1.5K CH/DL/FRUTI;FIAMBRERIA
02221;HEL.FRIGOR 1.5K CH/DL/FRUTI;FIAMBRERIA
06153;HEL.FRIGOR 1.5K DL/VAINI/FRUTI;FIAMBRERIA
06159;HEL.FRIGOR 1K CH/DL/AMER.;FIAMBRERIA
06149;HEL.FRIGOR 1KG DLG/CH/FRUTILLA;FIAMBRERIA
27495;HEL.FRIGOR LA FRUTTA 414G FRUTILLA;FIAMBRERIA
27494;HEL.FRIGOR NESQUIK 204G CHOCOLATE ;FIAMBRERIA
27493;HEL.FRIGOR TORPEDO *5U LIMON ;FIAMBRERIA
27496;HEL.FRIGOR TORPEDO 315G FRUTILLA ;FIAMBRERIA
22869;HEL.GELATO 250G ROCKLETS ;FIAMBRERIA
22868;HEL.GELATO 275G CHOCOTORTA ;FIAMBRERIA
25748;HEL.GELATO 500G ROCKLETS DUO;FIAMBRERIA
15856;HEL.GELATO AGUILA 250G CHOC.INTENSO;FIAMBRERIA
07897;HEL.GELATO AGUILA 250G GRANIZADO;FIAMBRERIA
26787;HEL.GELATO AGUILA 520G GRAN/CHOCOL;FIAMBRERIA
17059;HEL.GELATO BC 300G FRUTILLA AL AGUA ;FIAMBRERIA
21932;HEL.GELATO BC 300G LIMON AL AGUA ;FIAMBRERIA
16549;HEL.GELATO BLOCK 250G CHOC/MANI;FIAMBRERIA
07894;HEL.GELATO COFLER 250G DULCE LECHE;FIAMBRERIA
27497;HEL.GELATO COFLER 250G FRUTILLA A LACREMA;FIAMBRERIA
26788;HEL.GELATO COFLER 500G MITI MITI;FIAMBRERIA
24126;HEL.NOEL 1KG DLECHE/VAINILLA/FRUTILLA ;FIAMBRERIA
14657;HEL.NOVELTY 600G ALMENDRADO;FIAMBRERIA
04672;HEL.SCHIETTO 1.5K FRU/CHO/FLAN;FIAMBRERIA
04670;HEL.SCHIETTO 1.5K VAI/BAN/GRA/;FIAMBRERIA
04666;HEL.SCHIETTO 1.5K VAI/CHO/FRU/;FIAMBRERIA
13992;HEL.SCHIETTO 500G BANANA SPLIT S/T;FIAMBRERIA
13995;HEL.SCHIETTO 500G CHANT.FRUTILLA;FIAMBRERIA
13993;HEL.SCHIETTO 500G CHOC.SUIZO S/T;FIAMBRERIA
13994;HEL.SCHIETTO 500G DULCE LECHE;FIAMBRERIA
02269;HEL.SCHIETTO 500G LIMON S/T;FIAMBRERIA
27981;HEL.SCHIETTO 750G TORTA CHOCOL.DL;FIAMBRERIA
27982;HEL.SCHIETTO 750G TORTA FRUT./AMERICANA;FIAMBRERIA
26799;HELADO BON O BON 540G ESCOCES *6U;FIAMBRERIA
24720;HELADO CASATA SCHIETTO 26*90G;FIAMBRERIA
09397;HELADO EXQUISITA  52G FRUTILLA;FIAMBRERIA
24507;HELADO EXQUISITA 52G DULCE LECHE ;FIAMBRERIA
19759;HELADO EXQUISITA 52G FRUTILLA;FIAMBRERIA
19758;HELADO EXQUISITA 52G VAINILLA;FIAMBRERIA
24540;HELADO EXQUISITA 52G VAINILLA ;FIAMBRERIA
23244;HELADO EXQUISITA 55G CHOCOLATE ;FIAMBRERIA
24793;HELADO FANTA 80CC ;FIAMBRERIA
24915;HELADO MOGUL 51G LIMON-FRUTILLA;FIAMBRERIA
23237;HELADO MOGUL 51G NARNJA-FRUTILLA;FIAMBRERIA
2375;HELADO MOGUL 6*60G LIMON-NARNJA;FIAMBRERIA
24721;HELADO SCHIETTO ALMENDRADO 26*100G;FIAMBRERIA
24792;HELADO SLICE 70CC LIMON ;FIAMBRERIA
28006;HERM. RIGOLLEAU RECT.VID.C/T 1.060ML;ALMACEN
28009;HERM. RIGOLLEAU RECT.VID.C/T 1.510ML;ALMACEN
28007;HERM. RIGOLLEAU RECT.VID.C/T 660ML;ALMACEN
17924;HERMETICO 2100ML CON TAPA A/R;ALMACEN
24698;HERMETICO 450ML CON TAPA A/R;ALMACEN
23352;HERMETICO MAKE RECTANGULAR  820CC;ALMACEN
23351;HERMETICO MAKE RECTANGULAR 2210CC;ALMACEN
23350;HERMETICO MAKE RECTANGULAR 3300CC;ALMACEN
23353;HERMETICO MAKE REDONDO  610CC;ALMACEN
23355;HERMETICO MAKE REDONDO 2300CC;ALMACEN
27784;HERMETICO SAN REMO CUADRADO  920CC;ALMACEN
23796;HERMETICO SAN REMO CUADRADO 200CC;ALMACEN
27785;HERMETICO SAN REMO CUADRADO 2700CC;ALMACEN
27783;HERMETICO SAN REMO CUADRADO 280CC;ALMACEN
27749;HERMETICO SAN REMO DIVISIONES 1.08LT SNACK;ALMACEN
27748;HERMETICO SAN REMO DIVISIONES 1.60LT;ALMACEN
27744;HERMETICO SAN REMO DIVISIONES 730CC;ALMACEN
17927;HERMETICO SAN REMO PORTA TOMATE ;ALMACEN
23798;HERMETICO SAN REMO PROMO 3*2;ALMACEN
24027;HERMETICO SAN REMO PROMO 4*3;ALMACEN
27746;HERMETICO SAN REMO RECTANGULAR 1.24LT;ALMACEN
23797;HERMETICO SAN REMO RECTANGULAR 1.4LT;ALMACEN
27747;HERMETICO SAN REMO RECTANGULAR 1.60LT;ALMACEN
20586;HERMETICO SAN REMO RECTANGULAR 300CC;ALMACEN
20588;HERMETICO SAN REMO RECTANGULAR 600CC;ALMACEN
20587;HERMETICO SAN REMO RECTANGULAR 800CC;ALMACEN
27745;HERMETICO SAN REMO RECTANGULAR 820CC;ALMACEN
27770;HERMETICO SAN REMO REDONDO  480CC;ALMACEN
27781;HERMETICO SAN REMO REDONDO 1100CC;ALMACEN
27782;HERMETICO SAN REMO REDONDO 3200CC;ALMACEN
23795;HERMETICO SAN REMO REDONDO 440CC ;ALMACEN
20584;HERMETICO SAN REMO REDONDO 680CC ;ALMACEN
23583;HERVIDOR GENESIS N°12 CHAROL;ALMACEN
05955;HERVIDOR REAL N12 ASA NEGRA ALUMINIO;ALMACEN
27817;HERVIDOR REAL N14 ASA CELESTE ALUMINIO;ALMACEN
12527;HERVIDOR REAL N14 ASA NEGRA ALUMINIO;ALMACEN
23805;HERVIDOR REAL N16 ASA NEGRA ALUMINIO;ALMACEN
11815;HESPERIDINA 1L;ALMACEN
000900;HIELO 2AGUAS BOLSA 2.5K;ALMACEN
000500;HIELO EL SATELITE BOLSA 2.5K;ALMACEN
00363;HIGADO;CARNICERIA
15653;HIGO NEGRO GENNARI 200G;VERDULERIA
00124;HIGOS NEGRO EL KG ;VERDULERIA
09510;HILO DENT.COLGATE 2UN;ALMACEN
26247;HILO DENT.COLGATE 50MTS MENTA;ALMACEN
00750;HINOJO C/U;VERDULERIA
13796;HISOPOS DONCELLA 100UN;ALMACEN
08436;HISOPOS ESTRELLA 125U POTE;ALMACEN
04375;HISOPOS QSOFT 100U FLEXIBLES;ALMACEN
21905;HISOPOS QSOFT 150U FLEXIBLES;ALMACEN
17273;HISOPOS QSOFT 75U FLEXIBLES;ALMACEN
01190;HOJAS DE STEVIA FRACC.;VERDULERIA
16368;HOJUELAS PATAGONIA 100G AVELLANA;VERDULERIA
16369;HOJUELAS PATAGONIA 100G CHOCOLATE;VERDULERIA
04969;HONGOS CALLIERI 25G;ALMACEN
03401;HONGOS GENNARI BOLETUS 50G;VERDULERIA
01148;HONGOS GENNARI BOLETUS KG;VERDULERIA
4708;HONGOS GENNARI CHAMPIG.30G POTE;VERDULERIA
07743;HONGOS GENNARI SHITAKE 30G;VERDULERIA
09681;HORMIGUICIDA MANCHESTER 250GR;ALMACEN
09680;HORMIGUICIDA MANCHESTER 500CC;ALMACEN
22775;HORMIGUICIDA MIREX  MANCHESTER 200CC;ALMACEN
24757;HOT DOG VEGETALEX 300G VEGETAL 100%;ALMACEN
00117;HUESITO DE CERDO EL KILO;CARNICERIA
26909;HUESO N°23 2 UNIDADES;ALMACEN
26916;HUESO SANITARIO C/REPUESTO;ALMACEN
27928;HUEVITOS BOB RELLENOS 468G ;ALMACEN
26076;HUEVO AGUILA 115G AVELLANAS;ALMACEN
20647;HUEVO AGUILA 60% CACAO 115G ;ALMACEN
10155;HUEVO AGUILA DOR 200G;ALMACEN
14805;HUEVO ARCOR 22G MILK;ALMACEN
10118;HUEVO AVENG/SPIDER. 22G LECHE;ALMACEN
06900;HUEVO BOB  55G LECHE;ALMACEN
06904;HUEVO BOB 110G BLANCO;ALMACEN
06902;HUEVO BOB 110G LECHE;ALMACEN
07807;HUEVO BOB 210G LECHE;ALMACEN
12528;HUEVO BON O BON 120G CON CHIPS;ALMACEN
26077;HUEVO BON O BON 120G CORAZON;ALMACEN
10571;HUEVO BON O BON 20G BCO;ALMACEN
10572;HUEVO BON O BON 20G CHOC;ALMACEN
27929;HUEVO COFLER 115G BLOCK;ALMACEN
27930;HUEVO COFLER 158G ALMENDRAS ;ALMACEN
27952;HUEVO COFLER 54G LECHE ;ALMACEN
08709;HUEVO COFLER BLOCK  26G;ALMACEN
08763;HUEVO COFLER BLOCK  56G;ALMACEN
20646;HUEVO COFLER BLOCK 170G MITI-MITI;ALMACEN
24024;HUEVO FERRERO ROCHER 137.5G;ALMACEN
26036;HUEVO FERRERO ROCHER 137.5G DARK;ALMACEN
17255;HUEVO FERRERO ROCHER 225G ORO;ALMACEN
17256;HUEVO FERRERO ROCHER 365G ORO;ALMACEN
26038;HUEVO MILKA 157G CHOCOLATE CON LECHE;ALMACEN
26037;HUEVO MILKA 200G ALMENDRAS;ALMACEN
27948;HUEVO MILKA 22G LECHE ;ALMACEN
20731;HUEVO MILKA OREO BLANCO 156G ;ALMACEN
15302;HUEVO PASCUA SHOT 210G;ALMACEN
15546;HUEVO ROCKLETS 28G;ALMACEN
17313;HUEVO TOFI LECHE 115G;ALMACEN
00526;HUEVOS CODORNIZ 12U;VERDULERIA
18247;HUEVOS HC 6U BLANCO GDE.;ALMACEN
18117;HUEVOS HC 6U MED.;ALMACEN
26039;HUEVOS MILKA 90G NOUGAT CREME;ALMACEN
03178;HUEVOS SAN MIGUEL  6UN GRANDES;ALMACEN
03099;HUEVOS SAN MIGUEL 6UN MEDIANOS;ALMACEN
13842;HUEVOS SAN MIGUEL MAPLE;ALMACEN
15334;HUEVOS SAN MIGUEL MAPLE GRANDE;ALMACEN
19697;HUEVOS SAN MIGUEL MAPLE MEDIANO;ALMACEN
24346;HUEVOS VALLE FERTIL 12UN ;ALMACEN
24390;HUEVOS VALLE FERTIL 6UN;ALMACEN
24347;HUEVOS VALLE FERTIL MAPLE ;ALMACEN
22873;HUMMUS DESH.105G NATURAL POP;ALMACEN
18403;HUMMUS F.LAS VACAS 220G GARBANZO;ALMACEN
21781;HUMMUS F.LAS VACAS 220G PALTA/OLIVA;ALMACEN
26982;HUMMUS GRANIX 100G INST.CLASICO;ALMACEN
26980;HUMMUS GRANIX 100G INST.ESPECIAS;ALMACEN
26981;HUMMUS GRANIX 100G INST.REMOLACHA/ZANAHORIA;ALMACEN
26976;HUMMUS GRANIX 100G INST.TOMATE PEREJIL;ALMACEN
22785;HUMMUS SANA MUNDI 100G INST.;ALMACEN
22742;ILOLAY CREM CLASICO 290G C/FOLICO Y ZN;FIAMBRERIA
27317;INFLA SELLA NEUMATICOS ESCUDO 360CC;ALMACEN
19978;INSECT.BAYGON 300CC CUCAR/ARAÑAS;ALMACEN
05648;INSECT.BAYGON 300CC MMM;ALMACEN
06807;INSECT.BAYGON CASA JARDIN 300C;ALMACEN
05663;INSECT.BAYGON CUCARACHAS 300CC;ALMACEN
27961;INSECT.ESCUDO 330CC MMYJ;ALMACEN
7938;INSECT.ESCUDO 360CC CUCAR.HORMIGA;ALMACEN
07354;INSECT.ESCUDO 360CC MMM;ALMACEN
13717;INSECT.ESCUDO 360CC MMM SIN OLOR;ALMACEN
7935;INSECT.ESCUDO 400CC HOGAR/JARDIN;ALMACEN
07351;INSECT.ESCUDO 400CC POLILLAS Y LARVAS;ALMACEN
07353;INSECT.ESCUDO 400CC PULGA GARRAPATAS;ALMACEN
19938;INSECT.FUYI  APARATO P/TAB.S/CABLE ;ALMACEN
14425;INSECT.FUYI 45 NOCHES LIQ.REP;ALMACEN
25494;INSECT.FUYI 45 NOCHES LIQ.REP.;ALMACEN
03535;INSECT.FUYI MMM 360CC;ALMACEN
22860;INSECT.FUYI MMM 360CC;ALMACEN
16824;INSECT.MANCHESTER 500CC ;ALMACEN
14343;INSECT.RAID 360CC CASA JARDIN;ALMACEN
16899;INSECT.RAID 360CC CASA Y JARDIN ;ALMACEN
13921;INSECT.RAID 360CC CASA Y JARDIN EFIC.;ALMACEN
13206;INSECT.RAID 360CC CUCARACHAS;ALMACEN
22904;INSECT.RAID 360CC CUCARACHAS EXTERMINADOR;ALMACEN
16900;INSECT.RAID 360CC ESSENT.CASA/JARDIN ;ALMACEN
16901;INSECT.RAID 360CC ESSENT.CUCAR/HORMIGA;ALMACEN
27565;INSECT.RAID 360ML MMM S/OLOR ;ALMACEN
23302;INSECT.RAID 390CC PULGAS ;ALMACEN
27343;INSECT.RAID 43,7CC 4 TOQUES;ALMACEN
02629;INSECT.RAID 45 NOCHES REPUESTO;ALMACEN
23080;INSECT.RAID 45 NOCHES REPUESTO LIQ ELECT;ALMACEN
16432;INSECT.RAID 45NOCHES ELEC.FULL APAR.GRATIS;ALMACEN
02698;INSECT.RAID ANTIPOL.PERCHA;ALMACEN
22024;INSECT.RAID CASA JARDIN 380CC;ALMACEN
22804;INSECT.RAID CUCARACHAS CEBO;ALMACEN
05809;INSECT.RAID DOBLE ACCION 360CC;ALMACEN
24726;INSECT.RAID ESSENTIALS 360ML MMMZ;ALMACEN
06167;INSECT.RAID HORMIGAS AER.390CC;ALMACEN
22861;INSECT.RAID HORMIGAS AER.390CC;ALMACEN
22934;INSECT.RAID MAX 360CC CUC. ARAÑA S/OLOR;ALMACEN
16879;INSECT.RAID MAX 360CC CUCAR.ARAÑAS S/OLOR ;ALMACEN
03976;INSECT.RAID MAX 360CC SIN OLOR;ALMACEN
16904;INSECT.RAID MAX 370CC DOBLE ACC.;ALMACEN
03572;INSECT.RAID MAX JERINGA;ALMACEN
22560;INSECT.RAID MAX MMM 360CC;ALMACEN
05784;INSECT.RAID MMM  360CC;ALMACEN
19633;INSECT.RAID MMM  370CC 5 EN 1;ALMACEN
18449;INSECT.RAID MMM 360CC ;ALMACEN
16948;INSECT.RAID MMM 360CC SIN OLOR ;ALMACEN
22031;INSECT.RAID MMM 380CC SIN OLOR ;ALMACEN
22188;INSECT.RAID MMM 380ML;ALMACEN
22806;INSECT.RAID POLLILAS Y LARVAS.360CC;ALMACEN
05103;INSECT.RAID PULGAS/GARRAPATAS 390CC;ALMACEN
11060;INSECT.TRIUNFO 500CC MMM;ALMACEN
23610;INTERLAGOS 2.25L COLA ;ALMACEN
24650;INTERLAGOS 2.25L COLA ORIGINAL  ;ALMACEN
23611;INTERLAGOS 2.25L LIMA LIMON;ALMACEN
23612;INTERLAGOS 2.25L NARANJA;ALMACEN
23613;INTERLAGOS 2.25L POMELO;ALMACEN
23614;INTERLAGOS 2.25L TONICA;ALMACEN
25024;JAB. TOC. PALMOLIVE 125G ALOE;ALMACEN
25025;JAB. TOC. PROTEX 125G AVENA;ALMACEN
25016;JAB. TOC. PROTEX 125G CREAM;ALMACEN
02356;JAB.TOC.ARGENTINO 3U;ALMACEN
06896;JAB.TOC.PALMOLIVE 125G COCO/ALGODON;ALMACEN
09712;JAB.TOC.PALMOLIVE 250ML  RELAX ;ALMACEN
25850;JABON ACE 1,4L CLASICO DOY;ALMACEN
15868;JABON ACE 1400ML POUCH ;ALMACEN
15483;JABON ACE 2.7L LIQ.DOY;ALMACEN
16500;JABON ACE 2.7L LIQ.DOY;ALMACEN
18800;JABON ACE 3.0L LIQ.COL.VERANO POUCH;ALMACEN
25851;JABON ACE 3L CLASICO DOY;ALMACEN
26299;JABON ACE 500ML DILUIR LIQUIDO BOT.;ALMACEN
25849;JABON ACE 800ML CLASICO DOY;ALMACEN
15866;JABON ACE 800ML LIQ.BOT.;ALMACEN
16916;JABON ACE 800ML LIQ.DP;ALMACEN
26749;JABON ALA 400G POLVO ECOLAVADO;ALMACEN
24600;JABON ALA 450ML CAMELLITO ROPA/F;ALMACEN
24601;JABON ALA 450ML CAMELLITO ROPA/F;ALMACEN
16666;JABON ALA 800G BE SOL;ALMACEN
26481;JABON ALA 800G POLVO ECOLAVADO;ALMACEN
26802;JABON ALA CAMELLITO LIQ. 900ML;ALMACEN
23055;JABON ALA LAVADO A MANO 3KG ECOLAVADO;ALMACEN
18472;JABON ALA LIQ. 150ML P/DILUIR;ALMACEN
18471;JABON ALA LIQ. 150ML P/DILUIR + BOT;ALMACEN
18425;JABON ALA LIQ. 500ML P/DILUIR + BOT;ALMACEN
18929;JABON ALA LIQ. 500ML P/DILUIR ECO;ALMACEN
13527;JABON ALA LIQ. 800CC DOY PACK;ALMACEN
17539;JABON ALA LIQ. 800CC DOY PACK;ALMACEN
05385;JABON ALA LIQ.3.0L DOY PACK;ALMACEN
14477;JABON ALA LIQ.3.0L DOY PACK;ALMACEN
17036;JABON ALA LIQ.3.0L DP C/VIVERE VIOL;ALMACEN
17519;JABON ALA LIQ.3.0L DP ECOLAVADO;ALMACEN
27900;JABON ALA LIQ.500ML P/DILUIR ;ALMACEN
24739;JABON ALA LIQ.500ML P/DILUIR ECO;ALMACEN
25508;JABON ALA LIQ.800CC ROPA LAV.MANO D/P;ALMACEN
25348;JABON ALA LIQ.900ML DP ECO LAVADO ;ALMACEN
03005;JABON ALA MATIC 3KG;ALMACEN
17901;JABON ALA MATIC 3KG ;ALMACEN
26179;JABON ALA MATIC 3KG ECOLAVADO BICARBONATO;ALMACEN
17900;JABON ALA MATIC 3KG MAÑANA SOL;ALMACEN
14697;JABON ALA MATIC 3KG POLVO ECO LAVADO;ALMACEN
15447;JABON ALA MATIC 3KG POLVO SOL;ALMACEN
24005;JABON ALA MATIC 400G ECOLAVADO;ALMACEN
26358;JABON ALA MATIC 400G MAÑANA DE SOL;ALMACEN
27588;JABON ALA MATIC 600G MAS BLANCOS;ALMACEN
18309;JABON ALA MATIC 800G BICARBONATO;ALMACEN
18250;JABON ALA MATIC 800G ECO MAÑANA SOL;ALMACEN
18261;JABON ALA MATIC 800G ECOLAVADO ;ALMACEN
18260;JABON ALA MATIC 800G LAVADO A MANO ;ALMACEN
25574;JABON ALA MATIC 900G ECO LAVADO;ALMACEN
17100;JABON ALA PAN 1UN COCO;ALMACEN
20740;JABON ALA PAN 1UN COCO ECO;ALMACEN
19767;JABON ALA PAN 2UN COCO;ALMACEN
20621;JABON ALA PAN 2UN COCO E/L;ALMACEN
25920;JABON ARGENTINO 150G BLANCURA EXTREMA;ALMACEN
05126;JABON ARGENTINO PAN 2UN;ALMACEN
05107;JABON ARGENTINO PAN UNIDAD;ALMACEN
16501;JABON ARIEL 1.4L EXPERT+ POUCH;ALMACEN
26301;JABON ARIEL 500ML DILUIR PLATINUM;ALMACEN
25848;JABON ARIEL 800ML DELICADOS DOY;ALMACEN
17418;JABON ARIEL 800ML EXPERT+POUCH;ALMACEN
26430;JABON ARIEL 800ML PLATINUM DP;ALMACEN
18501;JABON ARIEL LIQ. 2.7L POUCH MAX LIMP;ALMACEN
18509;JABON ARIEL LIQ. 800CC BOT MAX LIMP;ALMACEN
19657;JABON ARIEL LIQ. 800CC EXPERT BOT;ALMACEN
13723;JABON ARIEL LIQ. 800ML;ALMACEN
13722;JABON ARIEL LIQ.1.4L DOY;ALMACEN
21624;JABON ARIEL LIQ.1.4L DOY PACK ;ALMACEN
24670;JABON ARIEL LIQ.1.4L PLATINUM DOY;ALMACEN
08447;JABON ARIEL LIQ.2.7L DOY PACK;ALMACEN
20322;JABON ARIEL LIQ.2.7L DOY PACK ;ALMACEN
16186;JABON ARIEL LIQ.2.7LT DOY PACK EXPERT;ALMACEN
24466;JABON ARIEL LIQ.3.0L DELICADOS DOY PACK ;ALMACEN
27978;JABON ARIEL LIQ.3.0L PLATINUM;ALMACEN
07268;JABON ARIEL LIQ.3.0L PLATINUM DOY PACK;ALMACEN
21382;JABON ARIEL LIQ.3.0L PROFUNDA DOY PACK ;ALMACEN
24630;JABON ARIEL LIQ.3.0L PROFUNDA DOY PACK ;ALMACEN
24467;JABON ARIEL LIQ.800CC BOT.;ALMACEN
21063;JABON ARIEL LIQ.800CC BOT.LIMP.PROF.;ALMACEN
24468;JABON ARIEL LIQ.800CC DOY PACK;ALMACEN
20406;JABON ARIEL LIQ.800CC LIMP.PROF.POUCH;ALMACEN
15466;JABON BURBUJITAS 1KG CREMA ;ALMACEN
15469;JABON BURBUJITAS 1L BLANCO ;ALMACEN
000234;JABON CAMELLITO 120C DOY;ALMACEN
05150;JABON CAMELLITO B.E.450C DOY;ALMACEN
21173;JABON DOVE  90G BLANCO;ALMACEN
07145;JABON DOVE  90G BLANCO EXFOL.;ALMACEN
05639;JABON DOVE  90G GO REVIG.;ALMACEN
07164;JABON DOVE  90G KARITE;ALMACEN
11440;JABON DOVE  90G LECHE COCO;ALMACEN
07275;JABON DOVE  90G REVITALIZANTE;ALMACEN
25919;JABON DOVE 250CC LIQ.NUTRICION;ALMACEN
14549;JABON DOVE 90G CUIDA Y PROTEGE;ALMACEN
13149;JABON DOVE 90G NUT.SECRETS;ALMACEN
25982;JABON DOVE 90G ORIGINAL;ALMACEN
18825;JABON DRIVE 3KG REGUL.COLOR.RADIANTE ;ALMACEN
24006;JABON DRIVE MATIC 3KG ;ALMACEN
15189;JABON DRIVE MATIC 3KG COLOR.RADIANTES;ALMACEN
02520;JABON DRIVE MATIC 800G ANTIBAC;ALMACEN
17097;JABON DRIVE MATIC 800G COL.RADIANTES;ALMACEN
17959;JABON DRIVE MATIC 800G COL.RADIANTES;ALMACEN
02992;JABON DRIVE MATIC LIQ.  800C  DP ROSAS/LILAS;ALMACEN
18395;JABON DRIVE MATIC LIQ. 3L COL.RADIANTES D.P.;ALMACEN
18394;JABON DRIVE MATIC LIQ. 800CC COL.RADIANTES D.P.;ALMACEN
15666;JABON DRIVE MATIC.LIQ.800CC COL.RADIANTES;ALMACEN
16629;JABON ESPADOL 240G SKINCARE;ALMACEN
18907;JABON ESPADOL 3*80G ORIGINAL ;ALMACEN
22516;JABON ESPADOL 80G ALOE VERA;ALMACEN
18481;JABON ESPADOL 80G CREMOSO;ALMACEN
15524;JABON ESPADOL 80G ORIGINAL;ALMACEN
25858;JABON GRANBY 3K ROSAS;ALMACEN
23123;JABON GRANBY 3KG BLANQUEADOR PLUS MATIC ;ALMACEN
08122;JABON GRANBY 3KG LAV.MANO;ALMACEN
09942;JABON GRANBY 3KG MATIC;ALMACEN
22262;JABON GRANBY 3KG MATIC LIMON;ALMACEN
17316;JABON GRANBY 3KG PLUS MATIC ;ALMACEN
27110;JABON GRANBY 3KG ROSAS;ALMACEN
22263;JABON GRANBY 3L DP LIMON ;ALMACEN
11757;JABON GRANBY 3L DP LIQ.;ALMACEN
13745;JABON GRANBY 3L DP LIQ. VIOLETA FRESIAS;ALMACEN
18098;JABON GRANBY 3L DP LIQ. VIOLETA FRESIAS ;ALMACEN
22746;JABON GRANBY 3L DP ROSAS;ALMACEN
22155;JABON GRANBY 800CC LIMON BICARB. D.P.;ALMACEN
18456;JABON GRANBY 800CC PLUS;ALMACEN
22139;JABON GRANBY 800CC ROSAS BICARB. D.P.;ALMACEN
17644;JABON GRANBY 800G PLUS MATIC;ALMACEN
14484;JABON GRANBY 800ML DP VIOLETAS;ALMACEN
23053;JABON GRANBY LAVADO A MANO 800G LIMON ;ALMACEN
22284;JABON GRANBY MATIC 800G LIMON;ALMACEN
23122;JABON GRANBY MATIC 800G ROSAS BICARBONATO;ALMACEN
26793;JABON LIQ. QUERUBIN 1.5L P/ROPA BOTELLA;ALMACEN
26072;JABON LIQ. QUERUBIN 3L P/ROPA DP;ALMACEN
26954;JABON LIQ. SUAVE 220CC FRUTOS ROJOS;ALMACEN
26956;JABON LIQ. SUAVE 220CC JAZMIN/ALMENDRAS;ALMACEN
26955;JABON LIQ. SUAVE 220CC PEPINO/ALOE;ALMACEN
24427;JABON LIQ.ARIEL 2.7LT P/ROPA PLAT.POUCH;ALMACEN
25509;JABON LIQ.DOVE 220ML CUID.PROT.D/P;ALMACEN
24426;JABON LIQ.DRIVE 3L P/ROPA LIMP.PROF.;ALMACEN
18483;JABON LIQ.ESPADOL 220ML CREMOSO DP;ALMACEN
21922;JABON LIQ.ESPADOL 220ML REP. SKINCARE DP;ALMACEN
08833;JABON LIQ.ESPADOL 220ML.REP.ORIGINAL;ALMACEN
18484;JABON LIQ.ESPADOL 500ML ORIGINAL ;ALMACEN
18909;JABON LIQ.ESPADOL 500ML SKINCARE DP;ALMACEN
11294;JABON LIQ.LUX 220CC JAZMIN;ALMACEN
27836;JABON LIQ.LUX 220ML JAZMIN D.P.;ALMACEN
24418;JABON LIQ.LUX 220ML ORQUIDEA NEGRA;ALMACEN
24419;JABON LIQ.LUX 220ML ROSAS FRANCESAS;ALMACEN
25014;JABON LIQ.PALMOLIVE 221ML FRESC.NUTRITIVA;ALMACEN
16576;JABON LIQ.PALMOLIVE 221ML MANZ/GARDENIA;ALMACEN
21455;JABON LIQ.PALMOLIVE 221ML SUAV.RENOV;ALMACEN
21454;JABON LIQ.PALMOLIVE 250ML LUMINOUS;ALMACEN
16575;JABON LIQ.PALMOLIVE 250ML LUMINOUS OILS;ALMACEN
21456;JABON LIQ.PALMOLIVE 250ML NUTRI FRAM MORA;ALMACEN
20312;JABON LIQ.PALMOLIVE 250ML NUTRI-MILK;ALMACEN
25915;JABON LIQ.PALMOLIVE 500ML MANOS NUTRIC;ALMACEN
24846;JABON LIQ.PROTEX 200ML BALANCE;ALMACEN
15692;JABON LIQ.PROTEX DOSIF.ALOE;ALMACEN
06849;JABON LIQ.PROTEX REP.NUTRI;ALMACEN
22636;JABON LIQ.REXONA 220CC ALOE ANTIBACT. D.P.;ALMACEN
22637;JABON LIQ.REXONA 220CC FRESH ANTIBACT. D.P.;ALMACEN
19255;JABON LIQ.REXONA 220CC ORIGINA;ALMACEN
18454;JABON LIQ.REXONA 250CC ANTIBACT. ALOE;ALMACEN
18453;JABON LIQ.REXONA 250CC ANTIBACT. ORIGINAL;ALMACEN
3380;JABON LIQ.REXONA 400ML FRESH;ALMACEN
27037;JABON LIQ.ST.TROPEZ 220ML AGUACATE/KARITE;ALMACEN
27034;JABON LIQ.ST.TROPEZ 220ML COCO/MIEL;ALMACEN
23623;JABON LIQ.VITA 1L ROPA;ALMACEN
25261;JABON LIQUIDO VICTORY 5L MANOS;ALMACEN
26217;JABON LUX 120G FLOR DE VAINILLA ;ALMACEN
26218;JABON LUX 120G ROSAS FRANCESAS;ALMACEN
24072;JABON LUX 125G FLOR VAINILLA ;ALMACEN
11266;JABON LUX 125G JAZMIN;ALMACEN
18458;JABON LUX 125G JAZMIN CREMOSO;ALMACEN
18460;JABON LUX 125G LIRIO AZUL;ALMACEN
18459;JABON LUX 125G ORQUIDEA NEGRA;ALMACEN
18457;JABON LUX 125G ROSAS FRANCESAS;ALMACEN
24663;JABON LUX 3*120G FLOR DE VAINILLA ;ALMACEN
24662;JABON LUX 3*120G JAZMIN CREMOSO;ALMACEN
26158;JABON LUX 3*120G LIRIO AZUL;ALMACEN
24660;JABON LUX 3*120G ORQUIDEA NEGRA ;ALMACEN
24661;JABON LUX 3*120G ROSAS FRANCESAS ;ALMACEN
11260;JABON LUX 3*125G ORQUIDEA NEGR;ALMACEN
24071;JABON LUX 3*125G ORQUIDEAS NEGRAS ;ALMACEN
18283;JABON LUX BOTAN 3*125G LIRIO AZUL ;ALMACEN
26241;JABON MARIPOSA 400G SPORT;ALMACEN
24345;JABON NETIC 3L DOY ;ALMACEN
24635;JABON NETIC 800CC DOY PACK;ALMACEN
28074;JABON NIVEA 254G INTIMO ;ALMACEN
23099;JABON NIVEA 3*125G CREME CARE;ALMACEN
20944;JABON NIVEA 3*90G ANTIBAC. ALOE VERA;ALMACEN
24133;JABON NIVEA 3*90G ANTIBACTERIAL;ALMACEN
20946;JABON NIVEA 3*90G GLICERINA PETALOS ROSA;ALMACEN
20975;JABON NIVEA 90G ANTIBAC. ALOE VERA;ALMACEN
24249;JABON NIVEA GLICERINA 3*90G ORQUIDEAS;ALMACEN
27183;JABON OKEY 200G PAN;ALMACEN
25029;JABON PALMOLIVE 150G EXFOLIANTE;ALMACEN
25030;JABON PALMOLIVE 150G FRESCURA;ALMACEN
10885;JABON PALMOLIVE 250CC N.MILK;ALMACEN
20524;JABON PALMOLIVE 3*90G NAT.FRAMB./MORA;ALMACEN
20318;JABON PALMOLIVE 3*90G NAT.INT.KARITE;ALMACEN
26234;JABON PALMOLIVE 3*90G NATURALS;ALMACEN
19146;JABON PALMOLIVE 85G HIDRAT.;ALMACEN
20690;JABON PALMOLIVE LIQ. 200CC NUTRI MILK;ALMACEN
02377;JABON PALMOLIVE LIQ.200CC RELA;ALMACEN
24734;JABON PLUSBELLE 120G RELAJACION ;ALMACEN
24735;JABON PLUSBELLE 3*120G RELAJACION ;ALMACEN
10863;JABON PLUSBELLE 3X125G BELL.RA;ALMACEN
08988;JABON PROTEX 200ML LIQ.DOSIF.INTIMO;ALMACEN
21452;JABON PROTEX LIQ.230ML HIDRATACION DOSIF.;ALMACEN
02747;JABON PROTEX LIQ.DOSIF.AVENA;ALMACEN
25331;JABON REXONA 120G BAMBOO;ALMACEN
25330;JABON REXONA 120G COTTON FRESH;ALMACEN
24555;JABON REXONA 120G FUTBOL FANATICS;ALMACEN
26215;JABON REXONA 120G NUTRIVE ORCHID;ALMACEN
25332;JABON REXONA 120G SENSIBLE FRESH;ALMACEN
20375;JABON REXONA 125G ACTIVE ;ALMACEN
001122;JABON REXONA 125G ACTIVE MEN;ALMACEN
24556;JABON REXONA 125G BAMBOO ;ALMACEN
01696;JABON REXONA 125G COTTON FRESH;ALMACEN
24558;JABON REXONA 125G COTTON FRESH ;ALMACEN
24559;JABON REXONA 125G NUTRITIVE ORCHID ;ALMACEN
01669;JABON REXONA 125G ORCHID FRESH;ALMACEN
25302;JABON REXONA 125G SENSIBLE;ALMACEN
21023;JABON REXONA 220CC LIQ.ORIGINAL ANTIBACT. D.P.;ALMACEN
09323;JABON REXONA 220CC LIQ.REP.ANTIBACTERIAL;ALMACEN
11300;JABON REXONA 250CC LIQ.DOS.ALOE;ALMACEN
24557;JABON REXONA 3*120G  FUTBOL FANATICS;ALMACEN
25573;JABON REXONA 3*120G COTTON FRESH;ALMACEN
01707;JABON REXONA 3*125G ACTIVE;ALMACEN
03077;JABON REXONA 3*125G COTTON FRE;ALMACEN
24381;JABON REXONA 3*125G COTTON FRESH ;ALMACEN
01108;JABON REXONA 3*125G NATURAL FR;ALMACEN
24382;JABON REXONA 3*125G NUTRIT.ORCHID ;ALMACEN
02866;JABON REXONA 3*125G ORCHID FRE;ALMACEN
02795;JABON REXONA 3*125G SENSIBLE F;ALMACEN
22964;JABON REXONA 3*90G ANTIBACTERIAL ALOE;ALMACEN
22968;JABON REXONA 3*90G FRESH ANTIBACTERIAL;ALMACEN
22963;JABON REXONA 3*90G GLICERINA CITRUS;ALMACEN
21739;JABON REXONA 3*90G ORIGINAL ANTIBAC.;ALMACEN
22787;JABON REXONA 90G ANTIBACTEREAL ALOE;ALMACEN
22786;JABON REXONA 90G ANTIBACTERIAL ORIGINAL;ALMACEN
26953;JABON REXONA 90G GLIC.NEUTRO;ALMACEN
13239;JABON REXONA 90G GLICERINA;ALMACEN
13178;JABON REXONA 90G GLICERINA;ALMACEN
22635;JABON REXONA 90G GLICERINA CITRUS;ALMACEN
22634;JABON REXONA 90G GLICERINA FRUTOS ROJOS;ALMACEN
13151;JABON REXONA 90G GLICERINA GRA;ALMACEN
03892;JABON SKIP 1.0L DOY;ALMACEN
27587;JABON SKIP 2.5KG EXPERT BIO-ENZIMAS;ALMACEN
17784;JABON SKIP 3.0L C/COMFORT DP ;ALMACEN
02862;JABON SKIP 3.0L DOY;ALMACEN
13519;JABON SKIP 3.0L DOY;ALMACEN
17431;JABON SKIP 3.0L DOY ;ALMACEN
19591;JABON SKIP 500CC P/DILUIR BIO ENZIMAS;ALMACEN
26656;JABON SKIP 500CC P/DILUIR COLORES VIBRANTES;ALMACEN
22747;JABON SKIP 600G BIO ENZIMAS;ALMACEN
18265;JABON SKIP 800CC BIO ENZIMAS DOY PACK ;ALMACEN
27508;JABON SKIP 800CC EXPERT ANTI OLORES BOT;ALMACEN
27511;JABON SKIP 800CC EXPERT ANTI OLORES DP;ALMACEN
27509;JABON SKIP 800CC EXPERT EXTRAORD. BOT;ALMACEN
27510;JABON SKIP 800CC EXPERT EXTRAORD. DP;ALMACEN
27507;JABON SKIP 800CC EXPERT VIBRANTES BOT;ALMACEN
27512;JABON SKIP 800CC EXPERT VIBRANTES DP;ALMACEN
18473;JABON SKIP LIQ. 150ML P/DILUIR;ALMACEN
18470;JABON SKIP LIQ. 150ML P/DILUIR + BOT;ALMACEN
14696;JABON SKIP LIQ.500CC+BIDON 3L;ALMACEN
27903;JABON SKIP LIQ.500ML P/DILUIR + BOT.;ALMACEN
24668;JABON SKIP LIQ.500ML P/DILUIR POWER OXI;ALMACEN
13652;JABON ST.TROPEZ  3*125G BRILLO;ALMACEN
28093;JABON ST.TROPEZ 120G BRILLO Y LUZ ;ALMACEN
27921;JABON ST.TROPEZ 120G FLORES ;ALMACEN
28094;JABON ST.TROPEZ 120G FRESCURA MARINA ;ALMACEN
20813;JABON ST.TROPEZ 125G BLANCO BYL;ALMACEN
20814;JABON ST.TROPEZ 125G CELESTE FM;ALMACEN
20815;JABON ST.TROPEZ 125G ROSA FLORES;ALMACEN
20816;JABON ST.TROPEZ 125G VERDE BDP;ALMACEN
20817;JABON ST.TROPEZ 125G VIOLETA HID.;ALMACEN
13651;JABON ST.TROPEZ 3*125G ARMONIA;ALMACEN
15330;JABON ST.TROPEZ 3*125G BRISA P;ALMACEN
13869;JABON ST.TROPEZ 3*125G FLORES ROSA;ALMACEN
15329;JABON ST.TROPEZ 3*125G FRESCUR;ALMACEN
15328;JABON ST.TROPEZ 3*125G HIDRATA;ALMACEN
27047;JABON ST.TROPEZ 3*90G GLICER.F.ROJOS;ALMACEN
24849;JABON ST.TROPEZ 3*90G GLICERINA;ALMACEN
08083;JABON ST.TROPEZ 3*90GR GLICERI;ALMACEN
20332;JABON ST.TROPEZ 90G GLICER.F.ROJOS;ALMACEN
21465;JABON ST.TROPEZ 90G GLICER.NEUTRO;ALMACEN
17380;JABON TOC REXONA 125G ACTIVE;ALMACEN
11616;JABON TOC. REXONA 90G ALOE;ALMACEN
22474;JABON TOC.CUPIDO 1*90G CREMA;ALMACEN
11768;JABON TOC.CUPIDO 3*90G CREMA;ALMACEN
11767;JABON TOC.CUPIDO 3U TRICOLOR;ALMACEN
21493;JABON TOC.ESTRELLA 125G GLIC COCO;ALMACEN
19060;JABON TOC.ESTRELLA 125G GLIC JAZM/MANZ;ALMACEN
02573;JABON TOC.ESTRELLA 125G GLICER.;ALMACEN
11511;JABON TOC.ESTRELLA 75G BABY DUERME FELIZ;ALMACEN
15886;JABON TOC.ESTRELLA RELAJ.;ALMACEN
16598;JABON TOC.PALMOLIVE 150G CARBON SENS.;ALMACEN
16597;JABON TOC.PALMOLIVE 150G FRAM./TURMALINA;ALMACEN
20152;JABON TOC.PALMOLIVE 3*90G CARBON;ALMACEN
20057;JABON TOC.PALMOLIVE 3*90G CARBON FRESC.PUR.;ALMACEN
16599;JABON TOC.PALMOLIVE 3*90G CARBON SENS.;ALMACEN
16600;JABON TOC.PALMOLIVE 3*90G FRAM./TURMALINA;ALMACEN
16601;JABON TOC.PALMOLIVE 3*90G OLEO ALMENDRAS;ALMACEN
23336;JABON TOC.PLUSBELLE 120G ENERGIA;ALMACEN
22686;JABON TOC.PLUSBELLE 120G RADIANTE;ALMACEN
23337;JABON TOC.PLUSBELLE 3*120G ENERGIA;ALMACEN
06882;JABON TOC.PROTEX 270G ANTIBACT.;ALMACEN
06881;JABON TOC.PROTEX 270G OMEGA3;ALMACEN
14733;JABON TOC.PROTEX 3*90G ALOE;ALMACEN
25128;JABON TOC.PROTEX 3*90G ALOE;ALMACEN
24037;JABON TOC.PROTEX 3*90G AVENA;ALMACEN
10655;JABON TOC.REXONA 90G ANT.FRES;ALMACEN
13310;JABON TOC.REXONA 90G ORIGINAL;ALMACEN
26300;JABON ZORRO 500CC DILUIR BLUE POWER;ALMACEN
23919;JABON ZORRO 500CC DILUIR EVOLUTION;ALMACEN
27335;JABON ZORRO 500CC DILUIR EVOLUTION;ALMACEN
17158;JABONERA AUTOADHESIVA ;ALMACEN
25759;JALEA LC 454G MEMBRILLO;ALMACEN
03861;JALEA MEMBRILLO BC 390G;ALMACEN
14363;JALEA MEMBRILLO EMETH 454G;ALMACEN
01092;JAMON BOCATTI COCIDO;FIAMBRERIA
01008;JAMON CAGNOLI COCIDO GENUINO;FIAMBRERIA
00207;JAMON COC.BIERZO C/C EL KG;FIAMBRERIA
00210;JAMON COC.BIERZO OVAL EL KG;FIAMBRERIA
21689;JAMON COC.CAGNOLI 120G ;FIAMBRERIA
14761;JAMON COC.PALADINI 200G FET;FIAMBRERIA
00114;JAMON COCIDO 214 DELICATTO;FIAMBRERIA
01073;JAMON COCIDO CASONA BAJO SODIO;FIAMBRERIA
00905;JAMON COCIDO CASONA HORMA GDE;FIAMBRERIA
03905;JAMON COCIDO CASONA HORMA GDE /G ;FIAMBRERIA
00393;JAMON COCIDO CASONA NATURAL;FIAMBRERIA
27415;JAMON COCIDO LA CASONA 300G;FIAMBRERIA
24512;JAMON COCIDO LARIO 300G ;FIAMBRERIA
26858;JAMON COCIDO LARIO CENT.120G;FIAMBRERIA
00563;JAMON COCIDO LARIO CENTENARIO;FIAMBRERIA
01226;JAMON COCIDO LARIO CLASICO;FIAMBRERIA
00211;JAMON CRUDO BIERZO EL KG;FIAMBRERIA
00133;JAMON CRUDO CASONA ARGENTINO;FIAMBRERIA
00123;JAMON CRUDO ECONOMICO;FIAMBRERIA
20770;JAMON CRUDO FET.120G CENTENARIO ;FIAMBRERIA
01140;JAMON CRUDO PINO DORADO;FIAMBRERIA
00850;JAMON CRUDO PROSCIUTTO MONTORSI;FIAMBRERIA
00980;JAMON ESPUNA CRUDO PIEZA;FIAMBRERIA
01162;JAMON PALADINI BAJO SODIO;FIAMBRERIA
00148;JAMON PALADINI COCIDO;FIAMBRERIA
24602;JAMON PALADINI COCIDO FETAS 150G PERNI;FIAMBRERIA
00333;JAMON PALADINI CRUDO ;FIAMBRERIA
14717;JAMON PALADINI CRUDO 120G;FIAMBRERIA
04027;JARDINERA ARCOR 300GR;ALMACEN
21775;JARDINERA ARCOR 300GR;ALMACEN
19942;JARDINERA ARCOR 300GR S/SAL AGREGADA;ALMACEN
02863;JARDINERA CAMPAG 300G;ALMACEN
19956;JARDINERA CAMPAGNOLA 300G ;ALMACEN
19860;JARDINERA CAMPAGNOLA 300G C/CHOCLO;ALMACEN
17746;JARDINERA INALPA 300G ;ALMACEN
20829;JARDINERA INALPA 300G C/CHOCLO;ALMACEN
20672;JARDINERA VIDA 300G ;ALMACEN
09592;JARRA ACAPULCO 1.25CC;ALMACEN
17214;JARRA EXPRIMIDOR SAN REMO;ALMACEN
26701;JARRA EXPRIMIDOR SAN REMO 1L;ALMACEN
04086;JARRA SAN REMO 1LT REDONDA;ALMACEN
04072;JARRA SAN REMO 2LT REDONDA;ALMACEN
09596;JARRA VALLARTA 1500ML;ALMACEN
20804;JARRA VALLARTA 1500ML;ALMACEN
20803;JARRA VALLARTA 1500ML ESPIRAL;ALMACEN
17822;JARRO 295ML EMOTIONS VIDRIO;ALMACEN
25744;JARRO CAFE IRLANDES;ALMACEN
26050;JARRO GENESIS CHAROL N° 12;ALMACEN
23580;JARRO GENESIS N°10 CHAROL;ALMACEN
23581;JARRO GENESIS N°12 CHAROL;ALMACEN
23582;JARRO GENESIS N°14 CHAROL;ALMACEN
07483;JARRO MUG 230CC AZUL;ALMACEN
07476;JARRO MUG 230CC BLANCO;ALMACEN
26542;JARRO MUG 230CC NARANJA;ALMACEN
07729;JARRO MUG 230CC NEGRO;ALMACEN
05698;JARRO MUG 230CC ROJO ;ALMACEN
26543;JARRO MUG 230CC ROSA;ALMACEN
05774;JARRO MUG 230CC VERDE ;ALMACEN
16131;JARRO MUG 230CC VERDE ;ALMACEN
05838;JARRO MUG 230CC VERDE ESMERALDA;ALMACEN
26033;JARRO MUG 230ML NARANJA;ALMACEN
23424;JARRO MUG 270CC BON APPETIT;ALMACEN
23425;JARRO MUG 270CC CENA INGLESA;ALMACEN
26694;JARRO MUG 270CC EUFORIA;ALMACEN
20484;JARRO MUG 270CC GRECIA ;ALMACEN
23427;JARRO MUG 270CC NEGRO;ALMACEN
20624;JARRO MUG 270ML AZUL;ALMACEN
16132;JARRO MUG 330CC AMARILLO;ALMACEN
27694;JARRO MUG 330CC AZUL;ALMACEN
15407;JARRO MUG 330CC BLANCO;ALMACEN
14964;JARRO MUG 330CC CELESTE;ALMACEN
26691;JARRO MUG 330CC EASY FLORES;ALMACEN
26690;JARRO MUG 330CC EASY PAJARITOS;ALMACEN
05313;JARRO MUG 330CC NEGRO;ALMACEN
05423;JARRO MUG 330CC ROJO;ALMACEN
15754;JARRO MUG 330CC ROSA;ALMACEN
17816;JARRO MUG 330CC TULIPA AZUL ;ALMACEN
17814;JARRO MUG 330CC TULIPA BLANCO;ALMACEN
20478;JARRO MUG 330CC TULIPA CHOCOLATE;ALMACEN
20477;JARRO MUG 330CC TULIPA GRANOS CAFE;ALMACEN
26693;JARRO MUG 330CC TULIPA NARANJA;ALMACEN
17818;JARRO MUG 330CC TULIPA NEGRO;ALMACEN
23428;JARRO MUG 330CC TULIPA ROJO;ALMACEN
20476;JARRO MUG 330CC TULIPA TEMATICA ;ALMACEN
26692;JARRO MUG 330CC TULIPA VERDE LIMON;ALMACEN
06023;JARRO MUG 330CC VERDE;ALMACEN
20475;JARRO MUG 330CC VERDE LIMON ;ALMACEN
27698;JARRO MUG 350CC QUARTIER BLANCO;ALMACEN
27695;JARRO MUG 350CC QUARTIER NEGRO;ALMACEN
27696;JARRO MUG 350CC QUARTIER ROJO;ALMACEN
27697;JARRO MUG 350CC QUARTIER TURQUESA;ALMACEN
27909;JARRO MUG 350ML NEGRO ;ALMACEN
27908;JARRO MUG 350ML ROJO;ALMACEN
15156;JARRO NOUVELLE ACERO  8CM;ALMACEN
06055;JARRO NOUVELLE ACERO 10CM;ALMACEN
05974;JARRO NOUVELLE ACERO 12CM;ALMACEN
26540;JARRO OXFORD N  8 BLANCO PORCELANA;ALMACEN
26541;JARRO OXFORD N 10 BLANCO PORCELANA;ALMACEN
26747;JARRO POA 260CC JADE;ALMACEN
26748;JARRO POA 260CC RESSEGO;ALMACEN
05903;JARRO REAL N 10 ASA NEGRA ALUMINIO;ALMACEN
27816;JARRO REAL N 12 ASA CELESTE ALUMINIO;ALMACEN
05418;JARRO REAL N 12 ASA NEGRA ALUMINIO;ALMACEN
02433;JARRO REAL N 14 ASA NEGRA ALUMINIO;ALMACEN
25514;JARRO REAL N 16 ASA NEGRA;ALMACEN
10190;JARRO REAL N 16 ASA NEGRA ALUMINIO;ALMACEN
17169;JARRO TERMICO ACERO C/COLOR ;ALMACEN
17168;JARRO TERMICO PLASTICO COLOR ;ALMACEN
26745;JARRO WAVE 260CC JADE;ALMACEN
26746;JARRO WAVE 260CC RESSEGO;ALMACEN
24641;JENGIBRE GENNARI 120G GLAS.CUBOS;VERDULERIA
00782;JENGIBRE X KG;VERDULERIA
04518;JEREZ CROTTA 750CC;ALMACEN
26450;JEREZ EL ABUELO 750CC;ALMACEN
26835;JUEGO SANREMO P/ALIM.Y SNACKS AZUL;ALMACEN
26836;JUEGO SANREMO P/ALIM.Y SNACKS ROSA;ALMACEN
25597;JUGO ADES 1L ALMENDRAS ;ALMACEN
01239;JUGO ADES 1L ANANA;ALMACEN
19579;JUGO ADES 1L ANANA;ALMACEN
09711;JUGO ADES 1L DURAZNO;ALMACEN
11871;JUGO ADES 1L DURAZNO;ALMACEN
03323;JUGO ADES 1L FRUTAS TROPICALES;ALMACEN
08927;JUGO ADES 1L FRUTAS TROPICALES;ALMACEN
01419;JUGO ADES 1L MANZANA;ALMACEN
08925;JUGO ADES 1L MANZANA;ALMACEN
000534;JUGO ADES 1L NARANJA;ALMACEN
11123;JUGO ADES 1L NARANJA;ALMACEN
03766;JUGO ADES 1L NATURAL;ALMACEN
25598;JUGO ADES 1L NATURAL ;ALMACEN
13241;JUGO ADES 200CC ANANA;ALMACEN
11972;JUGO ADES 200CC DURAZNO;ALMACEN
13778;JUGO ADES 200CC FRUTAS TROPICALES;ALMACEN
11973;JUGO ADES 200CC MANZANA;ALMACEN
02468;JUGO ADES 200CC NARANJA;ALMACEN
19539;JUGO ARCOR 200CC MANZANA;ALMACEN
26925;JUGO ARCOR 200CC MANZANA;ALMACEN
19540;JUGO ARCOR 200CC MULTIFRUTA;ALMACEN
26798;JUGO ARCOR 200CC MULTIFRUTA;ALMACEN
19541;JUGO ARCOR 200CC NARANJA;ALMACEN
26795;JUGO ARCOR 200CC NARANJA;ALMACEN
16831;JUGO ARCOR POLVO 3 FRUTAS ;ALMACEN
05875;JUGO ARCOR POLVO ANANA;ALMACEN
16464;JUGO ARCOR POLVO ANANA;ALMACEN
25399;JUGO ARCOR POLVO ANANA;ALMACEN
05889;JUGO ARCOR POLVO DURAZNO;ALMACEN
25652;JUGO ARCOR POLVO FRUT-ANANA-BANANA;ALMACEN
15934;JUGO ARCOR POLVO FRUTILLA;ALMACEN
05874;JUGO ARCOR POLVO LIMONADA;ALMACEN
25489;JUGO ARCOR POLVO LIMONADA ;ALMACEN
16457;JUGO ARCOR POLVO LIMONADA 18G;ALMACEN
05873;JUGO ARCOR POLVO MANZANA;ALMACEN
16292;JUGO ARCOR POLVO MANZANA;ALMACEN
25490;JUGO ARCOR POLVO MANZANA ;ALMACEN
05862;JUGO ARCOR POLVO MULTIFRUTA;ALMACEN
15456;JUGO ARCOR POLVO MULTIFRUTA;ALMACEN
25492;JUGO ARCOR POLVO MULTIFRUTA ;ALMACEN
25491;JUGO ARCOR POLVO NAR/DURAZNO;ALMACEN
05860;JUGO ARCOR POLVO NARANJA;ALMACEN
16146;JUGO ARCOR POLVO NARANJA;ALMACEN
25603;JUGO ARCOR POLVO NARANJA ;ALMACEN
05870;JUGO ARCOR POLVO NARANJA BANAN;ALMACEN
16466;JUGO ARCOR POLVO NARANJA BANANA;ALMACEN
25359;JUGO ARCOR POLVO NARANJA BANANA;ALMACEN
05883;JUGO ARCOR POLVO NARANJA DULCE;ALMACEN
16467;JUGO ARCOR POLVO NARANJA DULCE;ALMACEN
26170;JUGO ARCOR POLVO NARANJA DULCE;ALMACEN
05863;JUGO ARCOR POLVO NARANJA DURAZ;ALMACEN
16458;JUGO ARCOR POLVO NARANJA DURAZNO;ALMACEN
06300;JUGO ARCOR POLVO NARANJA MANGO;ALMACEN
16465;JUGO ARCOR POLVO NARANJA MANGO;ALMACEN
24918;JUGO ARCOR POLVO NARANJA MANGO;ALMACEN
25415;JUGO ARCOR POLVO POMELO ROSADO;ALMACEN
28108;JUGO BAGGIO 1.5L MULTIFRUTA ;ALMACEN
27971;JUGO BAGGIO 1.5LT NARANJA ;ALMACEN
27418;JUGO BAGGIO 1L NARANJA EXPRIMIDO;ALMACEN
08561;JUGO BAGGIO 200CC DURAZNO;ALMACEN
08552;JUGO BAGGIO 200CC MANZANA;ALMACEN
08480;JUGO BAGGIO 200CC MULTIFRUTA;ALMACEN
08519;JUGO BAGGIO 200CC NARANJA;ALMACEN
01405;JUGO BAGGIO PRONTO 1L DURAZNO;ALMACEN
01116;JUGO BAGGIO PRONTO 1L DUR-NAR;ALMACEN
01302;JUGO BAGGIO PRONTO 1L MANZANA;ALMACEN
06114;JUGO BAGGIO PRONTO 1L MIX FRUT;ALMACEN
06113;JUGO BAGGIO PRONTO 1L MULTIFRU;ALMACEN
05148;JUGO BAGGIO PRONTO 1L NARANJA;ALMACEN
14200;JUGO BC POLVO ANANA;ALMACEN
05973;JUGO BC POLVO FRUTILLA LIMON;ALMACEN
17357;JUGO BC POLVO FRUTILLA/LIMON ;ALMACEN
05890;JUGO BC POLVO LIMONADA;ALMACEN
25308;JUGO BC POLVO LIMONADA FRUTOS ROJOS;ALMACEN
25309;JUGO BC POLVO LIMONADA MARACUYA;ALMACEN
25307;JUGO BC POLVO LIMONADA MENTA/JENGIBRE;ALMACEN
05981;JUGO BC POLVO MANGO MARACUYA;ALMACEN
05898;JUGO BC POLVO MANZANA;ALMACEN
18639;JUGO BC POLVO MANZANA ROJA ;ALMACEN
11501;JUGO BC POLVO MANZANA TE CHIA;ALMACEN
16699;JUGO BC POLVO MIX FRUTAL ;ALMACEN
05894;JUGO BC POLVO NARANJA;ALMACEN
16959;JUGO BC POLVO NARANJA;ALMACEN
05885;JUGO BC POLVO NARANJA DULCE;ALMACEN
17358;JUGO BC POLVO NARANJA DULCE;ALMACEN
05834;JUGO BC POLVO NARANJA DURAZNO;ALMACEN
05826;JUGO BC POLVO NARANJA MANGO;ALMACEN
17359;JUGO BC POLVO NARANJA/DURAZNO;ALMACEN
18640;JUGO BC POLVO NARANJA/MANGO;ALMACEN
05215;JUGO BC POLVO PEPINO MELON;ALMACEN
14000;JUGO BC POLVO POMELADA;ALMACEN
06019;JUGO BC POLVO POMELO AMARILLO;ALMACEN
06018;JUGO BC POLVO POMELO ROSADO;ALMACEN
13715;JUGO BIG C 1L DURAZNO;ALMACEN
4346;JUGO BIG C 1L MANZANA;ALMACEN
04346;JUGO BIG C 1L MANZANA;ALMACEN
11486;JUGO BIG C 1L MULTIFRUTA;ALMACEN
11515;JUGO BIG C 1L NARANJA;ALMACEN
13716;JUGO BIG C 1L PERA;ALMACEN
14630;JUGO BIG C 200CC DURAZNO;ALMACEN
17044;JUGO BIG C 200CC MANZANA;ALMACEN
11427;JUGO BIG C 200CC MULTIFRUTA;ALMACEN
11483;JUGO BIG C 200CC NARANJA;ALMACEN
16416;JUGO BIG C 200CC PERA;ALMACEN
06780;JUGO CEPITA 1.5L BOT.ANANA ;ALMACEN
06775;JUGO CEPITA 1.5L BOT.DURAZNO;ALMACEN
06782;JUGO CEPITA 1.5L BOT.NARANJA;ALMACEN
06452;JUGO CEPITA 1.5L BOT.NARANJA FRESH;ALMACEN
06446;JUGO CEPITA 1.5L BOT.POMELO FRESH ;ALMACEN
15402;JUGO CEPITA 1L BOT.ANANA ;ALMACEN
09925;JUGO CEPITA 1L BOT.DURAZNO;ALMACEN
24353;JUGO CEPITA 1L BOT.MAND./ANANA;ALMACEN
24354;JUGO CEPITA 1L BOT.MANGO/FRUT.;ALMACEN
09926;JUGO CEPITA 1L BOT.MANZANA ROJA;ALMACEN
09924;JUGO CEPITA 1L BOT.NARANJA;ALMACEN
08942;JUGO CEPITA 1L CAJA MANZANA;ALMACEN
08943;JUGO CEPITA 1L CAJA MULTIFRUTA;ALMACEN
08072;JUGO CEPITA 1L CAJA NARANJA;ALMACEN
04723;JUGO CEPITA 200CC DURAZNO;ALMACEN
04973;JUGO CEPITA 200CC MANZANA;ALMACEN
04719;JUGO CEPITA 200CC MULTIFRUTA;ALMACEN
04963;JUGO CEPITA 200CC NARANJA;ALMACEN
04718;JUGO CEPITA 300CC BOT.ANANA;ALMACEN
26051;JUGO CEPITA 300CC BOT.ANANA MANDARINA;ALMACEN
04712;JUGO CEPITA 300CC BOT.DURAZNO;ALMACEN
24789;JUGO CEPITA 300CC BOT.FRUTILLA/MANGO;ALMACEN
04730;JUGO CEPITA 300CC BOT.MANZANA;ALMACEN
04729;JUGO CEPITA 300CC BOT.NARANJA;ALMACEN
16442;JUGO CEPITA 500CC FRESH NARANJA;ALMACEN
18698;JUGO CEPITA 500CC POMELO ;ALMACEN
24327;JUGO CITRIC 1.5L NARANJA ;ALMACEN
26469;JUGO CITRIC 1L CHEF LIMON;ALMACEN
08934;JUGO CITRIC 1L LIMONADA MENTA ;ALMACEN
02977;JUGO CITRIC 1L MANZANA;ALMACEN
17247;JUGO CITRIC 1L MANZANA;ALMACEN
02491;JUGO CITRIC 1L NARANJA;ALMACEN
16507;JUGO CITRIC 1L NARANJA ;ALMACEN
24508;JUGO CITRIC 1L NARANJA C/PULPA;ALMACEN
15116;JUGO CITRIC 1L NARANJA COSECHA TEMPRANA;ALMACEN
02202;JUGO CITRIC 1L NARANJA DURAZNO;ALMACEN
16964;JUGO CITRIC 1L NARANJA DURAZNO;ALMACEN
24323;JUGO CITRIC 1L NARANJA DURAZNO ;ALMACEN
02258;JUGO CITRIC 1L NARANJA FRUTILLA ;ALMACEN
16952;JUGO CITRIC 1L NARANJA FRUTILLA ;ALMACEN
24094;JUGO CITRIC 1L NARANJA FRUTILLA;ALMACEN
03492;JUGO CITRIC 1L NARANJA MANGO;ALMACEN
19740;JUGO CITRIC 1L NARANJA MANGO;ALMACEN
24324;JUGO CITRIC 1L NARANJA MANGO;ALMACEN
24857;JUGO CITRIC 1L NARANJA MORO;ALMACEN
23265;JUGO CITRIC 1L NARANJA REMOLACHA;ALMACEN
16067;JUGO CITRIC 1L NARANJA SANGUINEA ;ALMACEN
02497;JUGO CITRIC 1L NARANJA SIN PULPA;ALMACEN
17260;JUGO CITRIC 1L NARANJA SIN PULPA;ALMACEN
09866;JUGO CITRIC 1L NARANJA VALENCIA;ALMACEN
23264;JUGO CITRIC 1L NARANJA ZANAHORIA;ALMACEN
02194;JUGO CITRIC 1L POMELO;ALMACEN
24325;JUGO CITRIC 1L POMELO ;ALMACEN
09879;JUGO CITRIC 1L POMELO CON MENTA ;ALMACEN
17300;JUGO CITRIC 1L POMELO CON PULPA;ALMACEN
27764;JUGO CITRIC 200ML KIDS MULTIFRUTA ;ALMACEN
27763;JUGO CITRIC 200ML KIDS NARANJA;ALMACEN
06183;JUGO CITRIC 250CC NARANJA;ALMACEN
16910;JUGO CITRIC 250CC NARANJA  ;ALMACEN
02504;JUGO CITRIC 3L NARANJA;ALMACEN
16543;JUGO CITRIC 3L NARANJA CON PULPA;ALMACEN
02511;JUGO CITRIC 500CC  NARANJA DURAZNO;ALMACEN
02453;JUGO CITRIC 500CC LIMON;ALMACEN
02494;JUGO CITRIC 500CC NARANJA  ;ALMACEN
16785;JUGO CITRIC 500CC NARANJA ;ALMACEN
17388;JUGO CITRIC 500CC NARANJA DURAZNO;ALMACEN
02557;JUGO CITRIC 500CC NARANJA FRUTILLA ;ALMACEN
17387;JUGO CITRIC 500CC NARANJA FRUTILLA;ALMACEN
24806;JUGO CITRIC 500CC NARANJA FRUTILLA Y REMOLACHA;ALMACEN
24807;JUGO CITRIC 500CC NARANJA Y ZANAHORIA;ALMACEN
25407;JUGO CITRIC 500CC NARANJA/MANGO;ALMACEN
02537;JUGO CITRIC 500CC POMELO ;ALMACEN
09675;JUGO CITRIC 5L NARANJA;ALMACEN
16544;JUGO CITRIC 5L NARANJA PULPA;ALMACEN
01246;JUGO CLIGHT POLVO ANANA ;ALMACEN
24576;JUGO CLIGHT POLVO ANANA;ALMACEN
024576;JUGO CLIGHT POLVO ANANA;ALMACEN
07538;JUGO CLIGHT POLVO LIMONADA;ALMACEN
07733;JUGO CLIGHT POLVO LIMONADA PEPINO ;ALMACEN
17268;JUGO CLIGHT POLVO LIMONADA ROSA ;ALMACEN
11661;JUGO CLIGHT POLVO LIMONADA S/A;ALMACEN
03744;JUGO CLIGHT POLVO LIMONADA STEVIA ;ALMACEN
25361;JUGO CLIGHT POLVO LIMONADA Y ARANDANOS;ALMACEN
22995;JUGO CLIGHT POLVO LIMONADA/MARACUYA;ALMACEN
001043;JUGO CLIGHT POLVO MANDARINA;ALMACEN
16877;JUGO CLIGHT POLVO MANDARINA ;ALMACEN
01930;JUGO CLIGHT POLVO MANZANA DELICIOSA ;ALMACEN
16878;JUGO CLIGHT POLVO MANZANA DELICIOSA;ALMACEN
01927;JUGO CLIGHT POLVO MANZANA STEVIA ;ALMACEN
18857;JUGO CLIGHT POLVO MANZANA VERDE ;ALMACEN
24577;JUGO CLIGHT POLVO MANZANA VERDE;ALMACEN
01982;JUGO CLIGHT POLVO NARANJA ;ALMACEN
02809;JUGO CLIGHT POLVO NARANJA ;ALMACEN
001036;JUGO CLIGHT POLVO NARANJA;ALMACEN
16468;JUGO CLIGHT POLVO NARANJA ;ALMACEN
001223;JUGO CLIGHT POLVO NARANJA DULCE ;ALMACEN
16566;JUGO CLIGHT POLVO NARANJA DULCE;ALMACEN
20313;JUGO CLIGHT POLVO NARANJA DULCE ;ALMACEN
20224;JUGO CLIGHT POLVO NARANJA DULCE 7,5G;ALMACEN
001046;JUGO CLIGHT POLVO NARANJA DURAZNO ;ALMACEN
07539;JUGO CLIGHT POLVO NARANJA MANGO;ALMACEN
01931;JUGO CLIGHT POLVO NARANJA MANGO ;ALMACEN
16293;JUGO CLIGHT POLVO NARANJA MANGO ;ALMACEN
20204;JUGO CLIGHT POLVO NARANJA MANGO 7G;ALMACEN
01929;JUGO CLIGHT POLVO NARANJA STEVIA ;ALMACEN
03906;JUGO CLIGHT POLVO PERA;ALMACEN
27236;JUGO CLIGHT POLVO POMELADA HIBISCUS;ALMACEN
11737;JUGO CLIGHT POLVO POMELO AMARILLO ;ALMACEN
20225;JUGO CLIGHT POLVO POMELO AMARILLO 8G;ALMACEN
11736;JUGO CLIGHT POLVO POMELO ROSADO;ALMACEN
16800;JUGO CLIGHT POLVO POMELO ROSADO  ;ALMACEN
20205;JUGO CLIGHT POLVO POMELO ROSADO 8G;ALMACEN
01906;JUGO CLIGHT POMELO AMARILLO 8G;ALMACEN
22324;JUGO CUARTO 1.0LT DETOX APIO LIMON ;ALMACEN
22323;JUGO CUARTO 1.0LT DETOX NARANJA ZANAHORIA;ALMACEN
22326;JUGO CUARTO 1.0LT DETOX REMOLCHA ZANAHORIA;ALMACEN
22325;JUGO CUARTO 1.0LT DETOX TOMATE LIMON ;ALMACEN
23792;JUGO CUARTO 1.0LT TETRA ARANDANO;ALMACEN
23793;JUGO CUARTO 1.0LT TETRA CIRUELA;ALMACEN
23794;JUGO CUARTO 1.0LT TETRA DURAZNO;ALMACEN
23790;JUGO CUARTO 1.0LT TETRA FUSION CITRICA;ALMACEN
23791;JUGO CUARTO 1.0LT TETRA LIMONADA;ALMACEN
23787;JUGO CUARTO 1.0LT TETRA MANZANA;ALMACEN
23788;JUGO CUARTO 1.0LT TETRA MULTIFRUTA;ALMACEN
23786;JUGO CUARTO 1.0LT TETRA NARANJA;ALMACEN
22319;JUGO CUARTO 1.5LT ARANDANO STEVIA;ALMACEN
22320;JUGO CUARTO 1.5LT CHIA ARANDANO STEVIA;ALMACEN
22318;JUGO CUARTO 1.5LT CIRUELA STEVIA;ALMACEN
22321;JUGO CUARTO 1.5LT LIMONADA JENGIBRE STEVIA;ALMACEN
22317;JUGO CUARTO 1.5LT MULTIFRUTA STEVIA;ALMACEN
22315;JUGO CUARTO 1.5LT NARANJA STEVIA;ALMACEN
22671;JUGO CUARTO 500CC ARANDANOS;ALMACEN
22673;JUGO CUARTO 500CC CIRUELA;ALMACEN
22672;JUGO CUARTO 500CC FRUTOS ROJOS;ALMACEN
23014;JUGO CUARTO 500CC LIMONADA MENTA;ALMACEN
23021;JUGO CUARTO 500CC MANZANA ;ALMACEN
22674;JUGO CUARTO 500CC NARANJA;ALMACEN
23741;JUGO CUARTO 500CC PERA;ALMACEN
20788;JUGO DEL VALLE 1L DURAZNO ;ALMACEN
19873;JUGO DEL VALLE 1L NARANJA;ALMACEN
27381;JUGO EL BOLSON  1.5L FRUTOS ROJOS BOTELLA ;ALMACEN
03023;JUGO EL BOLSON 1L ARANDANO TETRA;ALMACEN
27382;JUGO EL BOLSON 500CC FRUTOS ROJOS BOTELLA ;ALMACEN
15106;JUGO FRUGGINA 1L CONC.MANZANA POUCH;ALMACEN
25746;JUGO FRUGGINA 250CC NARANJA;ALMACEN
15200;JUGO FRUGGINA 250ML MANZANA;ALMACEN
24530;JUGO FRUGGINA 250ML MANZANA ;ALMACEN
15199;JUGO FRUGGINA 250ML PERA;ALMACEN
27941;JUGO FRUGGINA 500CC NARANJA ;ALMACEN
20519;JUGO FRUGGINA 500ML MANZANA ;ALMACEN
20520;JUGO FRUGGINA 910ML MANZANA ;ALMACEN
21482;JUGO FRUGGINA 910ML PERA;ALMACEN
16744;JUGO LIMON MARVAVIC 500ML ;ALMACEN
17570;JUGO LIMON MENOYO 1L PET;ALMACEN
17572;JUGO LIMON MENOYO 250ML PET;ALMACEN
17571;JUGO LIMON MENOYO 500ML PET;ALMACEN
14439;JUGO LIMON VANOLI 500ML CORMILLOT;ALMACEN
01576;JUGO MICO ARANDANO  500CC CON;ALMACEN
02810;JUGO MICO ARANDANO  500CC SIN;ALMACEN
02825;JUGO MICO ARANDANO 1.5L CON AZ;ALMACEN
01588;JUGO MICO ARANDANO 1.5L SIN AZ;ALMACEN
000996;JUGO MINERVA  250CC LIMON;ALMACEN
04753;JUGO MINERVA  500CC LIMON;ALMACEN
000508;JUGO MINERVA 1L LIMON;ALMACEN
02916;JUGO MOCORETA 1.5L NARANJA;ALMACEN
02920;JUGO MOCORETA 1.5L POMELO ROSA;ALMACEN
21786;JUGO MOCORETA 500CC NARANJA;ALMACEN
21787;JUGO MOCORETA 500CC POMELO ROSADO;ALMACEN
15843;JUGO PURA FRUTTA 1L DETOX;ALMACEN
23230;JUGO PURA FRUTTA 1L GREEN DETOX ;ALMACEN
04888;JUGO PURA FRUTTA 1L MANZANA ARANDANO;ALMACEN
04849;JUGO PURA FRUTTA 1L MANZANA FRUTILLA;ALMACEN
25409;JUGO PURA FRUTTA 1L MANZANA KISSABEL;ALMACEN
07154;JUGO PURA FRUTTA 1L MANZANA KIWI;ALMACEN
16089;JUGO PURA FRUTTA 1L MANZANA ORGANICO ;ALMACEN
04838;JUGO PURA FRUTTA 1L MANZANA ROJA;ALMACEN
03873;JUGO PURA FRUTTA 1L MANZANA VERDE;ALMACEN
21274;JUGO PURA FRUTTA 1L MULTIFRUTA ;ALMACEN
13941;JUGO PURA FRUTTA 1L NARANJA;ALMACEN
22479;JUGO PURA FRUTTA 1L NARANJA SALUSTIANA;ALMACEN
24933;JUGO PURA FRUTTA 1L PERA;ALMACEN
04839;JUGO PURA FRUTTA 200CC MANZANA VERDE;ALMACEN
23292;JUGO PURA FRUTTA 250CC MANZANA ROJA ;ALMACEN
23291;JUGO PURA FRUTTA 250CC MULTIFRUTA ;ALMACEN
23293;JUGO PURA FRUTTA 250CC NARANJA ;ALMACEN
25413;JUGO PURA FRUTTA 250CC PERA ;ALMACEN
27759;JUGO PURA FRUTTA 2L NARANJA ;ALMACEN
26191;JUGO SMUDIS 1L MANZANA;ALMACEN
26189;JUGO SMUDIS 1L NARANJA;ALMACEN
26190;JUGO SMUDIS 1L POMELO;ALMACEN
22206;JUGO SMUDIS 500CC BANANA ANANA;ALMACEN
23755;JUGO SMUDIS 500CC FRUTILLA NARANJA;ALMACEN
22202;JUGO SMUDIS 500CC LIMONADA JENGIBRE;ALMACEN
22205;JUGO SMUDIS 500CC MANZANA;ALMACEN
22203;JUGO SMUDIS 500CC NARANJA;ALMACEN
22204;JUGO SMUDIS 500CC POMELO;ALMACEN
19880;JUGO SOL&FRUTA  2LT POMELO;ALMACEN
19044;JUGO SOL&FRUTA 1.4LT ARANDANOS ;ALMACEN
19043;JUGO SOL&FRUTA 1.4LT MULTIFRUTA;ALMACEN
19042;JUGO SOL&FRUTA 1.4LT NARANJA ;ALMACEN
28087;JUGO SOL&FRUTA 1L ARANDANO/MANZANA ;ALMACEN
27528;JUGO SOL&FRUTA 1L MANZANA ;ALMACEN
27530;JUGO SOL&FRUTA 1L MULTIFRUTA ;ALMACEN
27527;JUGO SOL&FRUTA 1L NARANJA ;ALMACEN
27526;JUGO SOL&FRUTA 1L NARANJA/FRUTILLA ;ALMACEN
27529;JUGO SOL&FRUTA 1L POMELO;ALMACEN
27532;JUGO SOL&FRUTA 250ML MANZANA ;ALMACEN
27531;JUGO SOL&FRUTA 250ML NARANJA;ALMACEN
27525;JUGO SOL&FRUTA 2L NARANJA ;ALMACEN
03623;JUGO TANG POLVO ANANA ;ALMACEN
16782;JUGO TANG POLVO ANANA;ALMACEN
22996;JUGO TANG POLVO ANANA;ALMACEN
06699;JUGO TANG POLVO DURAZNO ;ALMACEN
17267;JUGO TANG POLVO DURAZNO ;ALMACEN
23236;JUGO TANG POLVO DURAZNO;ALMACEN
17265;JUGO TANG POLVO FRUTILLA ;ALMACEN
27237;JUGO TANG POLVO GALACTICO ;ALMACEN
01240;JUGO TANG POLVO LIMONADA DULCE ;ALMACEN
26395;JUGO TANG POLVO MANDARINA;ALMACEN
01969;JUGO TANG POLVO MANZANA ;ALMACEN
11660;JUGO TANG POLVO MIX NARAN.LIMA;ALMACEN
01354;JUGO TANG POLVO MULTIFRUTA ;ALMACEN
17266;JUGO TANG POLVO MULTIFRUTA ;ALMACEN
000503;JUGO TANG POLVO NARANJA ;ALMACEN
100558;JUGO TANG POLVO NARANJA;ALMACEN
16995;JUGO TANG POLVO NARANJA;ALMACEN
23062;JUGO TANG POLVO NARANJA ;ALMACEN
09233;JUGO TANG POLVO NARANJA BANANA ;ALMACEN
16783;JUGO TANG POLVO NARANJA BANANA;ALMACEN
04442;JUGO TANG POLVO NARANJA DULCE;ALMACEN
07728;JUGO TANG POLVO NARANJA DURAZNO;ALMACEN
21055;JUGO TANG POLVO NARANJA LIMA;ALMACEN
06126;JUGO TANG POLVO NARANJA MANGO  ;ALMACEN
06447;JUGO TANG POLVO NARANJA MARACUYA FRUTILLA;ALMACEN
22997;JUGO TANG POLVO NARANJA/DURAZNO;ALMACEN
09215;JUGO TANG POLVO PERA ;ALMACEN
03420;JUGO TANG POLVO POMELO ROSADO ;ALMACEN
03494;JUGO TANG POLVO UVA;ALMACEN
03505;JUGO TANG POLVO UVA;ALMACEN
22998;JUGO TANG POLVO UVA;ALMACEN
05595;JUGO TUTTI  200CC MULTIFRUTA;ALMACEN
16844;JUGO TUTTI  200CC NARANJA ;ALMACEN
16848;JUGO TUTTI 1L MANZANA;ALMACEN
10901;JUGO TUTTI 200CC MANZANA;ALMACEN
26910;JUGUETE LATEX VARIOS;ALMACEN
23839;JUGUITOS PLIN 12UN ;ALMACEN
10699;JUREL BAHIA 425G AGUA Y ACEITE;ALMACEN
10698;JUREL BAHIA 425G NATURAL;ALMACEN
25319;JUREL CARACAS 425G;ALMACEN
2354;JUREL CUMANA 425G ACEITE;ALMACEN
001335;JUREL CUMANA 425G NATURAL;ALMACEN
25105;KETCHUP ARYTZA 400G AHUMADO;ALMACEN
01686;KETCHUP BENIDORM 500CC;ALMACEN
000687;KETCHUP CAMPAGNOLA 250G DOY;ALMACEN
000688;KETCHUP CAMPAGNOLA 250G HOT D.P.;ALMACEN
16289;KETCHUP HELLMANNS 500G ;ALMACEN
26775;KETCHUP HELLMANNS 500G;ALMACEN
15267;KETCHUP HELLMAN'S 250G DOY;ALMACEN
19012;KETCHUP HELLMAN'S 250G DOY;ALMACEN
26786;KETCHUP LC 250G ESTILO AMERICANO;ALMACEN
07408;KETCHUP NATURA 250G;ALMACEN
07864;KETCHUP NATURA 500G;ALMACEN
21524;KETCHUP VANOLI 390CC PET;ALMACEN
21528;KETCHUP VANOLI 390CC PICANTE PET;ALMACEN
05605;KINDER BARRA 4UN 50G;ALMACEN
22006;KINDER BARRA CHOCOLATE 100G;ALMACEN
10760;KINDER BUENO 2UN 39G WHITE;ALMACEN
05603;KINDER BUENO 2UN 43G;ALMACEN
27912;KINDER HUEVO 100G PASCUA;ALMACEN
001110;KINDER HUEVO JOY;ALMACEN
04469;KINDER HUEVO SORPRESA;ALMACEN
19356;KINDER HUEVO SORPRESA;ALMACEN
04451;KINDER HUEVO SORPRESA 20G;ALMACEN
20968;KINDER HUEVO SORPRESA MIRAC.20G;ALMACEN
04681;KINDER HUEVO SORPRESA NENA;ALMACEN
05221;KINDER HUEVO SORPRESA NENE;ALMACEN
24023;KINDER HUEVOS PASCUA 100G;ALMACEN
17303;KINDER HUEVOS PASCUA 150G AZUL;ALMACEN
05839;KINDER HUEVOS PASCUA 150G ROSADO;ALMACEN
06005;KINDER HUEVOS PASCUA 150G VERDE;ALMACEN
00753;KINOTOS  EL KG.;VERDULERIA
25249;KIT BIC ESCRITORIO OFICINA 12 PIEZAS;ALMACEN
21106;KIT BIC LETTERING 13 PIEZAS;ALMACEN
22447;KIT BIC PASTEL CAJA 12 PIEZAS;ALMACEN
27140;KIT MAPED COLOREO STICK & COLOR;ALMACEN
25613;KIT PAN DULCE B.CHIPS+2CONFITES GRATIS;ALMACEN
25614;KIT PAN DULCE B.FRUTAS+2AVELLANAS GRATIS;ALMACEN
25636;KIT PAN DULCE BAUDUCCO+3ALMENDRAS GRATIS;ALMACEN
25653;KIT PANETTONE BAUD.80GR+1AVELLANA GRATIS;ALMACEN
25612;KIT SIDRA RM+2ALMENDRAS GRATIS;ALMACEN
25637;KIT TABLETA CROCANTE *3 UNIDADES;ALMACEN
25615;KIT TURRON GEORGALOS MIEL 80G X3 UNID;ALMACEN
25981;KIT VERANO WALKER;ALMACEN
00752;KIWIS EL KG;VERDULERIA
16395;KOPA ARCOR 105G AMERICANA/FRUTILLA S/TACC;FIAMBRERIA
20178;KOPA ARCOR 90G CHOCOL/D.D.LECHE;FIAMBRERIA
17492;KOPA ARCOR 90G D.LECHE/AMERICANA;FIAMBRERIA
26619;LA GOTITA 2GR ;ALMACEN
26620;LA GOTITA GEL 3GR;ALMACEN
26106;LAMP PHILIPS LED 10.5W CALIDA;ALMACEN
22517;LAMP PHILIPS LED 10W *3U LUZ FRIA;ALMACEN
21077;LAMP PHILIPS LED 12W *3U LUZ FRIA ;ALMACEN
26107;LAMP PHILIPS LED 13W CALIDA;ALMACEN
27054;LAMP PHILIPS LED 15W LUZ CALIDA;ALMACEN
26238;LAMP PHILIPS LED 15W LUZ FRIA;ALMACEN
21102;LAMP PHILIPS LED 20W CALIDA;ALMACEN
26236;LAMP PHILIPS LED 3.8W LUZ FRIA;ALMACEN
27053;LAMP PHILIPS LED 4.7W LUZ FRIA;ALMACEN
27059;LAMP PHILIPS LED 4W LUZ CALIDA;ALMACEN
27056;LAMP PHILIPS LED 4W LUZ FRIA;ALMACEN
26108;LAMP PHILIPS LED 6W CALIDA;ALMACEN
26105;LAMP PHILIPS LED 8W CALIDA;ALMACEN
26237;LAMP PHILIPS LED 8W LUZ FRIA;ALMACEN
26628;LAMP.LEDVANCE LED 12W CALIDA;ALMACEN
21734;LAMP.LEDVANCE LED 12W FRIA;ALMACEN
26626;LAMP.LEDVANCE LED 14W CALIDA;ALMACEN
21736;LAMP.LEDVANCE LED 14W FRIA;ALMACEN
26624;LAMP.LEDVANCE LED 5.5W CALIDA;ALMACEN
26627;LAMP.LEDVANCE LED 5.5W FRIA;ALMACEN
21735;LAMP.LEDVANCE LED 7W FRIA;ALMACEN
26625;LAMP.LEDVANCE LED 9W CALIDA;ALMACEN
21737;LAMP.LEDVANCE LED 9W FRIA;ALMACEN
22518;LAMP.PHILIPS BRIGHT LED 20W FRIA ;ALMACEN
16116;LAMP.PHILIPS ECOHOME LED 14W FRIA ;ALMACEN
16117;LAMP.PHILIPS ECOHOME LED 16W FRIA ;ALMACEN
05632;LAMP.PHILIPS LED 12W CALIDA;ALMACEN
3265;LAMP.PHILIPS LED 12W FRIA;ALMACEN
01697;LAMP.PHILIPS LED 4W CALIDA;ALMACEN
01638;LAMP.PHILIPS LED 4W FRIA;ALMACEN
05629;LAMP.PHILIPS LED 7W CALIDA;ALMACEN
4536;LAMP.PHILIPS LED 9W CALIDA;ALMACEN
12410;LAMP.PHILIPS LED 9W FRIA;ALMACEN
010968;LAMPAZO CLINSY 1LT;ALMACEN
20998;LAMPAZO CON CABO MADERA;ALMACEN
25122;LAMPAZO DELFINA ALGODON BLANCO;ALMACEN
19273;LAMPAZO DELFINA BALLERINA;ALMACEN
19259;LAMPAZO DELFINA BLANCO;ALMACEN
16193;LAMPAZO PABILO MEDIANO;ALMACEN
25554;LAMPAZO PABILO N50;ALMACEN
00565;LANGOSTINO MARE PRONTO GRANEL;FIAMBRERIA
24032;LANGOSTINO PELADO SUPERBE 250G ;FIAMBRERIA
18387;LANGOSTINO PELADO SUPERBE 250G COCIDO ;FIAMBRERIA
21123;LAPICES COLOR *12U STILNOVO;ALMACEN
20469;LAPICES COLOR *24U GREENCASTE LARGOS ;ALMACEN
25222;LAPICES COLOR EZCO *12U CORTO;ALMACEN
20468;LAPICES COLOR EZCO *12U LARGO;ALMACEN
27667;LAPICES COLOR FILGO *12 LARGO BORRABLES;ALMACEN
25710;LAPICES COLOR MAPED *12 LARGO;ALMACEN
27650;LAPICES COLOR MITO *12U CORTO;ALMACEN
27651;LAPIZ NEGRO FABER GRAFITO *4 ESC.HBN2;ALMACEN
25711;LAPIZ NEGRO MAPED *3;ALMACEN
26268;LAPIZ NEGRO MAPED GRAFITO;ALMACEN
27141;LAPIZ NEGRO MAPED GRAFITO *3U;ALMACEN
20441;LAPIZ NEGRO PAPER CANDY POP *4U;ALMACEN
2716;LARGUITAS HOJALMAR 150G;ALMACEN
17551;LARGUITAS HOJALMAR 250G ;ALMACEN
27803;LASAGNA BARILLA 500G ;ALMACEN
27994;LASAGNA BARILLA 500G ;ALMACEN
24263;LASAGNA MATARAZZO 250G ;ALMACEN
16307;LASAGNA MATARAZZO 400G ;ALMACEN
24262;LASAGNA MATARAZZO 400G ;ALMACEN
23684;LATA NORDICA AZUCAR;ALMACEN
23686;LATA NORDICA CAFE;ALMACEN
23685;LATA NORDICA YERBA;ALMACEN
17555;LAUREL ALICANTE 25G TRIT ST;ALMACEN
19771;LAUREL ALICANTE HOJAS 10G ST;ALMACEN
10464;LAUREL CALLIERI 10G HOJAS;ALMACEN
25262;LAV. HIPOCLORITO VICTORY 5L CONC.100 G/L;ALMACEN
17546;LAV.VIM GEL 700CC LAVANDA ;ALMACEN
17545;LAV.VIM GEL 700CC ORIGINAL ;ALMACEN
24738;LAV.VIM GEL 700ML CITRUS ;ALMACEN
15461;LAVA MAMADERAS BURBUJITAS 120CC ;ALMACEN
15252;LAVANDINA AYUDIN 1L ANTI-SPLAS;ALMACEN
15270;LAVANDINA AYUDIN 1L GLACIAR T.PODER ;ALMACEN
15269;LAVANDINA AYUDIN 1L LAVANDA T. PODER;ALMACEN
24545;LAVANDINA AYUDIN 1L ORIGINAL ;ALMACEN
17051;LAVANDINA AYUDIN 2L ANTISPLASH ;ALMACEN
14904;LAVANDINA AYUDIN 2L CLASICA;ALMACEN
15271;LAVANDINA AYUDIN 2L GLACIAR TRIPLE;ALMACEN
14658;LAVANDINA AYUDIN 2L LAVANDA TRIPLE;ALMACEN
24904;LAVANDINA AYUDIN 2L ORIGINAL ;ALMACEN
19776;LAVANDINA AYUDIN 4L CLASICA;ALMACEN
13585;LAVANDINA AYUDIN 4L LAVANDA;ALMACEN
24716;LAVANDINA AYUDIN 4L ORIGINAL ;ALMACEN
13646;LAVANDINA AYUDIN 4L PUREZA GLACIAR;ALMACEN
16269;LAVANDINA AYUDIN 700CC GEL CITRICA;ALMACEN
16270;LAVANDINA AYUDIN 700CC GEL FLORAL;ALMACEN
16267;LAVANDINA AYUDIN 700CC GEL LAVANDA;ALMACEN
16268;LAVANDINA AYUDIN 700CC GEL MENTA;ALMACEN
13899;LAVANDINA AYUDIN 700CC GEL ORIGINAL;ALMACEN
16271;LAVANDINA AYUDIN 700CC GEL ORIGINAL;ALMACEN
23284;LAVANDINA GEL ODEX 700ML ORIGINAL ;ALMACEN
25192;LAVANDINA LIMPIALIN 1L 25GR ;ALMACEN
25194;LAVANDINA LIMPIALIN 1L 55GR CONC.;ALMACEN
25193;LAVANDINA LIMPIALIN 4L 25GR ;ALMACEN
25195;LAVANDINA LIMPIALIN 4L 55GR CONC.;ALMACEN
23440;LAVANDINA MAS PURA 1L 25G;ALMACEN
25198;LAVANDINA SUIZA 1L GEL CITRUS;ALMACEN
25196;LAVANDINA SUIZA 1L GEL CLASICO;ALMACEN
25197;LAVANDINA SUIZA 1L GEL LAVANDA;ALMACEN
27837;LAVANDINA VIM GEL 700CC LAVANDA;ALMACEN
25975;LAVAPARABRISAS WALKER 500ML;ALMACEN
23621;LAVAVAJILLAS VITA 500CC BOSQUE;ALMACEN
25118;LAVAVAJILLAS VITA 500CC NARANJA;ALMACEN
23622;LAVAVAJILLAS VITA 500CC PRIMAVERA;ALMACEN
03316;LEBER CASONA 200G;FIAMBRERIA
06731;LEBER CASONA 200G PANCETA A;FIAMBRERIA
25780;LEBER LARIO 200G;FIAMBRERIA
04413;LEBER PALADINI 250G;FIAMBRERIA
01710;LECHE ARMONIA 1L 2% BRIK DESC.;FIAMBRERIA
01640;LECHE ARMONIA 1L DESC.1% BRIK;FIAMBRERIA
21421;LECHE ARMONIA 1L DESC.1% SACHET ;FIAMBRERIA
21422;LECHE ARMONIA 1L DESC.2% SACHET;FIAMBRERIA
07722;LECHE ARMONIA 400G POLVO;FIAMBRERIA
19611;LECHE ARMONIA 800G POLVO;FIAMBRERIA
22589;LECHE CHOCHOCO 1L CHOCOLATADA;FIAMBRERIA
24236;LECHE CHOCHOCO 200CC CHOCOLATADA ;FIAMBRERIA
21977;LECHE CINDOR 1L CHOCOLATADA ;FIAMBRERIA
26375;LECHE CINDOR 1L CHOCOLATADA MOCHA;FIAMBRERIA
21740;LECHE CINDOR 200CC CHOCOL.;FIAMBRERIA
22296;LECHE CINDOR CHOCOLATADA 1L C/VIT ;FIAMBRERIA
19833;LECHE COCO GOLDEN MILK 150G S/TACC;FIAMBRERIA
24673;LECHE COND.NESTLE 395G LIGHT ;FIAMBRERIA
22922;LECHE COND.NESTLE 395G ORIGINAL;FIAMBRERIA
25768;LECHE EN POLVO LS 400G ZERO LACTOSA;FIAMBRERIA
22648;LECHE FANTOCHE 200CC CHOCOLATADA;FIAMBRERIA
000036;LECHE ILOLAY 1L CHOCOLATADA;FIAMBRERIA
16969;LECHE ILOLAY 1L CHOCOLATADA ;FIAMBRERIA
25609;LECHE ILOLAY 1L LV 0% LACTOSA;FIAMBRERIA
17538;LECHE ILOLAY 1L LV DESC.;FIAMBRERIA
000773;LECHE ILOLAY 1L LV DESCREMADA;FIAMBRERIA
000772;LECHE ILOLAY 1L LV ENTERA;FIAMBRERIA
17192;LECHE ILOLAY 1L LV ENTERA;FIAMBRERIA
27972;LECHE ILOLAY 1L PD CHOCOLATADA;FIAMBRERIA
17552;LECHE ILOLAY 1L RED.LACTOSA ;FIAMBRERIA
06579;LECHE ILOLAY 200CC CHOCOLATADA ;FIAMBRERIA
17245;LECHE ILOLAY 200CC CHOCOLATADA;FIAMBRERIA
03919;LECHE ILOLAY 400G DESCR.POLVO;FIAMBRERIA
03796;LECHE ILOLAY 400G ENTERA POLVO;FIAMBRERIA
03789;LECHE ILOLAY 800G DESCR.POLVO;FIAMBRERIA
02321;LECHE ILOLAY 800G ENTERA POLVO;FIAMBRERIA
03205;LECHE ILOLAY POLVO DESC 30UN*5;FIAMBRERIA
11925;LECHE LA LECHERA 400G;FIAMBRERIA
19032;LECHE LA LECHERA 400G POLVO B9;FIAMBRERIA
19735;LECHE LA LECHERA 400G POLVO NUTRIF.;FIAMBRERIA
21726;LECHE LA LECHERA 400G POLVO NUTRIF.;FIAMBRERIA
000569;LECHE LA LECHERA 800G;FIAMBRERIA
17280;LECHE LA LECHERA 800G C/ZINC/HIERRO;FIAMBRERIA
19033;LECHE LA LECHERA 800G POLVO B9;FIAMBRERIA
12290;LECHE LA LECHERA 800G POLVO NUTRIF.;FIAMBRERIA
21728;LECHE LA LECHERA 800G POLVO NUTRIF.;FIAMBRERIA
08502;LECHE LHERITIER 200G DESC.POLVO;FIAMBRERIA
08504;LECHE LHERITIER 200G ENT.POLVO;FIAMBRERIA
14380;LECHE LIMP.NIVEA 200ML FACIL;FIAMBRERIA
22695;LECHE LS 1L CHOCOLATADA ;FIAMBRERIA
19780;LECHE NESQUIK 200CC CHOC;FIAMBRERIA
27239;LECHE NESQUIK 200CC ORIGINAL;FIAMBRERIA
25953;LECHE NIDINA 800G BEBE 3;FIAMBRERIA
26021;LECHE NIDO 200G FORTIGROW;FIAMBRERIA
26574;LECHE NIDO 200GR ;FIAMBRERIA
23278;LECHE NIDO 370G FORTIGROW;FIAMBRERIA
25585;LECHE NIDO 750G LATA CERO LACTOSA;FIAMBRERIA
24188;LECHE NIDO 750G LATA FORTIGROW;FIAMBRERIA
20112;LECHE NIDO 800G LATA FORTIGROW;FIAMBRERIA
24256;LECHE NUTRILON 1 200ML BRICK;FIAMBRERIA
04235;LECHE NUTRILON 1 800G POLVO;FIAMBRERIA
28061;LECHE NUTRILON 1 POUCH 1.2KG;FIAMBRERIA
04232;LECHE NUTRILON 2 800G POLVO;FIAMBRERIA
22167;LECHE NUTRILON 2 BRICK 200ML ;FIAMBRERIA
28062;LECHE NUTRILON 2 POUCH 1.2KG;FIAMBRERIA
22168;LECHE NUTRILON 3 200ML BRICK;FIAMBRERIA
04230;LECHE NUTRILON 3 800G POLVO;FIAMBRERIA
019826;LECHE NUTRILON 4 200ML BRICK ;FIAMBRERIA
04239;LECHE NUTRILON 4 800G POLVO;FIAMBRERIA
28059;LECHE NUTRILON 4 POUCH 1.2KG;FIAMBRERIA
13672;LECHE POLVO LS 400G ENT.ZERO LACT.;FIAMBRERIA
26316;LECHE POLVO LS 800G DESC. INST FORT LIVIANA;FIAMBRERIA
26317;LECHE POLVO LS 800G INST.FORT ENTERA CLASICA;FIAMBRERIA
04892;LECHE PURISIMA 400G DESCREMADA;FIAMBRERIA
24916;LECHE PURISIMA 400G DESCREMADA DOY;FIAMBRERIA
26399;LECHE PURISIMA 400G DESLACTOSADA;FIAMBRERIA
04826;LECHE PURISIMA 400G ENTERA DOY;FIAMBRERIA
04902;LECHE PURISIMA 400G REDUCIDA LACTOSA CAJA;FIAMBRERIA
24858;LECHE PURISIMA 800G DESCREMADA CAJA;FIAMBRERIA
16546;LECHE PURISIMA 800G DESCREMADA DOY;FIAMBRERIA
16547;LECHE PURISIMA 800G ENTERA CAJA;FIAMBRERIA
25041;LECHE PURISIMA DESC 30UN*5 GRS CAJA;FIAMBRERIA
24766;LECHE SANCOR  BEBE 3 200ML ADVANCED;FIAMBRERIA
24790;LECHE SANCOR ADVANCED 500ML BEBE 1;FIAMBRERIA
24791;LECHE SANCOR ADVANCED 500ML BEBE 2;FIAMBRERIA
23731;LECHE SANCOR BEBE 1 200CC ADVANCE;FIAMBRERIA
23599;LECHE SANCOR BEBE 1 200CC ADVANCED;FIAMBRERIA
23733;LECHE SANCOR BEBE 2 200CC ADVANCE;FIAMBRERIA
23603;LECHE SANCOR BEBE 2 200CC ADVANCED;FIAMBRERIA
23738;LECHE SANCOR BEBE 2 800GR;FIAMBRERIA
23739;LECHE SANCOR BEBE 3 800GR;FIAMBRERIA
24657;LECHE SEREKIDS 1L DES.2% FORT.;FIAMBRERIA
24656;LECHE SEREKINDS 200ML DESC.2% FORT.;FIAMBRERIA
13539;LECHE SEREN 1L PROTEINA DESC.BOT;FIAMBRERIA
1968;LECHE SEREN.1L 0% DESC.PET;FIAMBRERIA
22371;LECHE SEREN.1L DESC.1% LV CAJA FORT.EDGE;FIAMBRERIA
28091;LECHE SEREN.1L DESC.COLAG.BOT.;FIAMBRERIA
22758;LECHE SEREN.1L ENT 3% LV CAJA FORT.EDGE;FIAMBRERIA
20570;LECHE SEREN.1L LV BARISTA PET ;FIAMBRERIA
13797;LECHE SEREN.1L ZERO LACT.BOT;FIAMBRERIA
18596;LECHE SEREN.1L.DESC.C/PREBIOTICOS BOT.;FIAMBRERIA
14321;LECHE SEREN.400G DESC.POLVO LIVIANA;FIAMBRERIA
28104;LECHE SEREN.400G DESC.PROTEIN CAJA;FIAMBRERIA
01726;LECHE SEREN.BOT.1L C/HIERRO;FIAMBRERIA
13216;LECHE SEREN.BOT.EXTRA CALCIO 1;FIAMBRERIA
11926;LECHE SEREN.BOTELLA 1% DESCREM;FIAMBRERIA
11618;LECHE SEREN.BOTELLA 3% ENTERA;FIAMBRERIA
22535;LECHE SEREN.CHOCOLATADA 200ML;FIAMBRERIA
03355;LECHE SEREN.DESC. 1L MULTIDEFENSAS;FIAMBRERIA
17248;LECHE SEREN.DESC.1L SACHET RED LAC;FIAMBRERIA
19959;LECHE SEREN.ENT.200CC VIT.3% FORT.;FIAMBRERIA
14763;LECHE SEREN.ENT.POLVO 400G ESTUCHE;FIAMBRERIA
01724;LECHE SEREN.LV.1L 2% ENTERA;FIAMBRERIA
23280;LECHE SEREN.SACHET 1% DESCREMADA;FIAMBRERIA
24645;LECHE SEREN.SACHET 1L DESC.2% ;FIAMBRERIA
23289;LECHE SEREN.SACHET 3%  ENTERA ;FIAMBRERIA
21623;LECHE SILK ALMENDRA 1L NATURAL ;FIAMBRERIA
21266;LECHE SILK ALMENDRA 1L NATURAL S/AZUC.;FIAMBRERIA
21265;LECHE SILK ALMENDRA 1L VAINILLA SIN ENDULZ.;FIAMBRERIA
17713;LECHE SILK COCO 1L VIT;FIAMBRERIA
22491;LECHE SILK COCO 1L VIT;FIAMBRERIA
22170;LECHE SILK COCO 1L VIT S/AZUCAR;FIAMBRERIA
26637;LECHE TREGAR 1L DESCREMADA;FIAMBRERIA
26636;LECHE TREGAR 1L ENTERA;FIAMBRERIA
19457;LECHE VERONICA LV * 12U DESCREMADA;FIAMBRERIA
19456;LECHE VERONICA LV * 12U ENTERA;FIAMBRERIA
02083;LECHE VERONICA LV 1L DESCREMADA;FIAMBRERIA
02085;LECHE VERONICA LV 1L ENTERA;FIAMBRERIA
18569;LECHE VITAL 1 800G POLVO LATA ;FIAMBRERIA
22277;LECHE VITAL 1 BRICK 200ML;FIAMBRERIA
28056;LECHE VITAL 1 POUCH 1KG ;FIAMBRERIA
01911;LECHE VITAL 2 800G POLVO LATA;FIAMBRERIA
23013;LECHE VITAL 2 BRICK 200ML ;FIAMBRERIA
28057;LECHE VITAL 2 POUCH 1KG;FIAMBRERIA
16441;LECHE VITAL 3 800G POLVO LATA;FIAMBRERIA
22166;LECHE VITAL 3 BRICK 200ML ;FIAMBRERIA
28058;LECHE VITAL 3 POUCH 1KG ;FIAMBRERIA
01914;LECHE VITAL 4 800G POLVO;FIAMBRERIA
28060;LECHE VITAL 4 POUCH 1KG ;FIAMBRERIA
00966;LECHON EL KILO;CARNICERIA
00876;LECHON POR UNIDAD;CARNICERIA
00158;LECHON X KILO (BANDEJA) FRACCI;CARNICERIA
00633;LECHUGA BABY  X UNIDAD;VERDULERIA
00487;LECHUGA HIDROP.MANTECOSA;VERDULERIA
00683;LECHUGA HIDROP.ROBLE MORADA;VERDULERIA
00651;LECHUGA HIDROP.ROMANA ROJA;VERDULERIA
00486;LECHUGA HIDROP.STAR ;VERDULERIA
00533;LECHUGA HIDROPONICA;VERDULERIA
00756;LECHUGA MANTECA EL KG.;VERDULERIA
00757;LECHUGA MORADA EL KG.;VERDULERIA
00755;LECHUGA REPOLLADA  EL KG.;VERDULERIA
00754;LECHUGA RULITO  EL KG.;VERDULERIA
00762;LECHUGA RULITO HIDROPONICA;VERDULERIA
01088;LEMON PIE X UNIDAD;PANADERIA
00246;LENGUA;CARNICERIA
00907;LENGUA DE CHIVO EL KG;CARNICERIA
18390;LENTEJAS ARCOR 300G S/T;ALMACEN
24138;LENTEJAS BAHIA 300G ;ALMACEN
000363;LENTEJAS CADEA 400G;ALMACEN
05574;LENTEJAS CADEA CANADIENSE 400G;ALMACEN
001362;LENTEJAS CALLIERI 400G;ALMACEN
19973;LENTEJAS CAMPAGNOLA 300G ;ALMACEN
23502;LENTEJAS GRANIX 400G ;ALMACEN
17742;LENTEJAS INALPA 300G SECAS REMOJADAS;ALMACEN
21384;LENTEJAS MORA 340G SECAS TETRA PAK;ALMACEN
18308;LENTEJAS OKEY 350G REMOJADAS;ALMACEN
20710;LENTEJAS VIDA 300G SECAS REMOJADAS;ALMACEN
04119;LENTEJON CADEA 400G;ALMACEN
4773;LENTEJONES CALLIERI 400G;ALMACEN
07630;LEÑA EL TIZON 3KG;ALMACEN
90340;LEVADURA CALSA 500GS PAN;ALMACEN
11998;LEVADURA CALSA 50G;ALMACEN
09908;LEVADURA CALSA 50G FRESCA;ALMACEN
00019;LEVADURA CALSA FRACCIONADA;ALMACEN
18984;LEVADURA LEVEX 20G SOBRE;ALMACEN
18983;LEVADURA LEVEX 50G PRENSADA ;ALMACEN
08457;LEVADURA MAURIPAN 500G INST;ALMACEN
09914;LEVADURA MI PAN 10G POLVO;ALMACEN
19167;LIC.3 PLUMAS BANANA 700CC;ALMACEN
001073;LIC.3 PLUMAS CAFE COGNAC 750CC;ALMACEN
06604;LIC.3 PLUMAS CURACAO TRIPLE SE;ALMACEN
08694;LIC.3 PLUMAS DURAZNO 700CC;ALMACEN
11089;LIC.3 PLUMAS KIWI 700ML ;ALMACEN
02362;LIC.3 PLUMAS MELON 700CC;ALMACEN
02607;LIC.3 PLUMAS.SECO 1L;ALMACEN
LICCOM;Licencia Comercial;ALMACEN
001019;LICOR BAILEYS 750CC;ALMACEN
08933;LICOR BAILEYS 750CC;ALMACEN
07449;LICOR BORGHETTI 700CC;ALMACEN
27489;LICOR CUSENIER 700CC HUEVO;ALMACEN
2749;LICOR CUSENIER 700CC LIMONCELLO;ALMACEN
26075;LICOR JAGERMEISTER 350CC;ALMACEN
26074;LICOR JAGERMEISTER 750CC;ALMACEN
12548;LICOR MALIBU 750CC;ALMACEN
07456;LICOR MARIPOSA 750CC;ALMACEN
13835;LICOR SHERIDANS 750ML ORIGINAL;ALMACEN
23868;LICOR STREGA 700CC;ALMACEN
19569;LICOR TIA MARIA 690CC COFFEE;ALMACEN
00580;LICOR TIA MARIA 690CC CREAMY;ALMACEN
00414;LIMA DULCE EL KG ;VERDULERIA
00783;LIMA EL KILO;VERDULERIA
00383;LIMON BANDEJA X KG;VERDULERIA
00768;LIMON OFERTA x KG;VERDULERIA
00758;LIMONES EL KG;VERDULERIA
24919;LIMP GLADE 4L HARMONY;ALMACEN
21213;LIMP. SUIZA PISOS PORCELANATO 900CC;ALMACEN
21212;LIMP. SUIZA PISOS VINILICOS 900CC;ALMACEN
14019;LIMP.ALFOM.VANISH 600CC AEROSOL;ALMACEN
20602;LIMP.BLEM 360CC CITRUS ELEC.;ALMACEN
21773;LIMP.BLEM 360CC FLORAL ELEC.;ALMACEN
27344;LIMP.BLEM 400CC CITRUS GATILLO;ALMACEN
27345;LIMP.BLEM 400CC FLORAL GATILLO;ALMACEN
26062;LIMP.BLEM 400CC PLAST.FLOTANTES;ALMACEN
18679;LIMP.BLEM 450ML CITRUS DP;ALMACEN
18678;LIMP.BLEM 500ML CITRUS GATILLO ;ALMACEN
16215;LIMP.BLEM 800CC PLAST.FLOTANTES;ALMACEN
14852;LIMP.BLEM 800ML FLOT.ALMENDRA BT;ALMACEN
20314;LIMP.CIF 400ML GAT.MULTISUPERFICIES;ALMACEN
22387;LIMP.CIF 450CC ANTIGRASA DOY;ALMACEN
22388;LIMP.CIF 450CC BAÑO DOY PACK;ALMACEN
24758;LIMP.CIF 450ML ANTIG.DOY PACK;ALMACEN
26359;LIMP.CIF 500ML EXPERT BAÑO GATILLO;ALMACEN
22397;LIMP.CIF ANTIGRASA 500ML GAT.BIO ACTIVE;ALMACEN
23220;LIMP.CIF ANTIGRASA 900ML DP EXPERT;ALMACEN
20251;LIMP.CIF ANTIGRASA DOY 900CC BIOACTIVE;ALMACEN
23223;LIMP.CIF BAÑO 450ML EXPERT ;ALMACEN
22395;LIMP.CIF BAÑO 500CC GATILLO BIOACTIVE;ALMACEN
17592;LIMP.CIF BAÑO 900ML DP;ALMACEN
20913;LIMP.CIF CREMA 750G ORIGINAL BIO;ALMACEN
13530;LIMP.CIF CREMOSO 375CC;ALMACEN
17543;LIMP.CIF CREMOSO 375G ORIGINAL ;ALMACEN
20811;LIMP.CIF CREMOSO 375G ORIGINAL ;ALMACEN
23215;LIMP.CIF CREMOSO 375G ROSAS/JAZMINES;ALMACEN
17593;LIMP.CIF CREMOSO 750G ORIGINAL ;ALMACEN
23225;LIMP.CIF CREMOSO 750G ROSAS/JAZMIN;ALMACEN
25665;LIMP.CIF CREMOSO 750GR C/LAVANDINA;ALMACEN
23221;LIMP.CIF VIDRIO 900CC DP EXPERT ;ALMACEN
24185;LIMP.CIFANTIGRASA 500CC GAT. EXPERT;ALMACEN
18895;LIMP.FINISH 250ML P/MAQUINA LAVAV.;ALMACEN
26120;LIMP.GLADE 1,76L PARAISO AZUL;ALMACEN
25682;LIMP.GLADE 1.76L FLORAL PERFECTION;ALMACEN
001062;LIMP.GLADE 4L FLORAL;ALMACEN
25935;LIMP.GLADE 4L FLORAL PERFECTION;ALMACEN
04591;LIMP.GLADE 4L HARMONY;ALMACEN
001054;LIMP.GLADE 4L LAVANDA;ALMACEN
25683;LIMP.GLADE 4L LAVANDA;ALMACEN
001024;LIMP.GLADE 4L MANANA CAMPO;ALMACEN
25272;LIMP.GLADE 5L FLORAL;ALMACEN
25271;LIMP.GLADE 5L LAVANDA;ALMACEN
25686;LIMP.GLADE 875CC BOSQUE DE PINOS;ALMACEN
25763;LIMP.GLADE 875CC CARICIAS DE BEBE;ALMACEN
25687;LIMP.GLADE 875CC FLORAL PERFECTION;ALMACEN
26063;LIMP.GLADE 875CC HARMONY;ALMACEN
25689;LIMP.GLADE 875CC LAVANDA;ALMACEN
001158;LIMP.GLADE 900CC BOSQUE PINOS;ALMACEN
04280;LIMP.GLADE 900CC FLORES PERFEC;ALMACEN
05136;LIMP.GLADE 900CC HARMONY;ALMACEN
06892;LIMP.GLADE 900CC I LOVE YOU;ALMACEN
03711;LIMP.GLADE 900CC LAVANDA;ALMACEN
05093;LIMP.GLADE 900CC MANANAS;ALMACEN
06599;LIMP.GLADE 900CC PARAISO AZUL;ALMACEN
20780;LIMP.GLADE ADHESIVO 8.2G LAVANDA;ALMACEN
07472;LIMP.HARPIC 500CC BLA.BRILL.;ALMACEN
07474;LIMP.HARPIC 500CC POW.PLUS CITRUS/NEGRO;ALMACEN
08676;LIMP.HARPIC 500CC POW.PLUS FLO;ALMACEN
07471;LIMP.HARPIC 500CC POWER PLUS ORIGINAL ;ALMACEN
19575;LIMP.HARPIC BAÑOS 420ML DP SARRO/MANCHAS;ALMACEN
19574;LIMP.HARPIC BAÑOS 495ML GAT.SARRO/MANCHAS ;ALMACEN
05393;LIMP.HARPIC GEL REMOVEDOR SARR;ALMACEN
02185;LIMP.INOD.LYSOFORM 30G CITRICA;ALMACEN
13013;LIMP.INODO.LYSOFORM 30G FRESCURA;ALMACEN
27349;LIMP.LYSOFORM 1.76L BOSQUE DE PINOS;ALMACEN
27348;LIMP.LYSOFORM 1.76L FLORAL PERFECTION;ALMACEN
21764;LIMP.LYSOFORM 1.8 LT FLORAL;ALMACEN
21765;LIMP.LYSOFORM 1.8 LT LAVANDA;ALMACEN
21768;LIMP.LYSOFORM 1.8 LT PINO;ALMACEN
05245;LIMP.LYSOFORM 420CC DP ORIGINAL;ALMACEN
16434;LIMP.LYSOFORM 420ML CONC.DP;ALMACEN
14255;LIMP.LYSOFORM 420ML LIQ.DOY BEBE;ALMACEN
14256;LIMP.LYSOFORM 420ML LIQ.DOY CITRUS;ALMACEN
17964;LIMP.LYSOFORM 450C MULTISUPER. DP;ALMACEN
17415;LIMP.LYSOFORM 500CC GATILLO MULTIS.;ALMACEN
27244;LIMP.LYSOFORM 875CC LAVANDA;ALMACEN
27357;LIMP.LYSOFORM 900CC BOSQUE DE PINOS;ALMACEN
18354;LIMP.LYSOFORM 900ML FLORAL;ALMACEN
18355;LIMP.LYSOFORM 900ML LAVANDA ;ALMACEN
18356;LIMP.LYSOFORM 900ML PINO;ALMACEN
07510;LIMP.LYSOFORM BANO GAT;ALMACEN
3191;LIMP.LYSOFORM BAÑO 500CC CITRICA;ALMACEN
07524;LIMP.LYSOFORM CREMOSO 450CC;ALMACEN
2459;LIMP.LYSOFORM GEL 500CC LAVANDA INOD.;ALMACEN
22862;LIMP.LYSOFORM LIQ. LAVANDA BOT 800ML ;ALMACEN
22883;LIMP.LYSOFORM LIQ. ORIGINAL  BOT 800ML ;ALMACEN
26869;LIMP.LYSOFORM SOL.TOTAL.875CC FLORAL;ALMACEN
19932;LIMP.MR.MUSCULO 360CC HORNOS/PARRILLAS ;ALMACEN
26042;LIMP.MR.MUSCULO 360CC VIDRIOS AERO;ALMACEN
20202;LIMP.MR.MUSCULO 450CC DP BAÑO ;ALMACEN
20203;LIMP.MR.MUSCULO 450CC DP COCINA ;ALMACEN
17035;LIMP.MR.MUSCULO 450CC DP EXTRA POWER;ALMACEN
11154;LIMP.MR.MUSCULO 450CC DP VIDRIOS;ALMACEN
20603;LIMP.MR.MUSCULO 500CC BAÑO GAT.;ALMACEN
17584;LIMP.MR.MUSCULO 500CC COCINA GAT.;ALMACEN
07601;LIMP.MR.MUSCULO 500CC VIDRIOS GATILLO;ALMACEN
17585;LIMP.MR.MUSCULO 900CC COC.DP;ALMACEN
21553;LIMP.MR.MUSCULO 900CC DP EXTRA POWER;ALMACEN
10288;LIMP.MR.MUSCULO 900CC VIDRIOS;ALMACEN
05518;LIMP.MR.MUSCULO CREM.CIT.450CC;ALMACEN
08312;LIMP.MR.MUSCULO CREMOSO FLORAL;ALMACEN
03625;LIMP.PATO DISCO ADHESIVO FULL MARINA 36G ;ALMACEN
17408;LIMP.PATO PURIFIC 500CC GEL CITRUS ;ALMACEN
13195;LIMP.PATO PURIFIC 500CC GEL FLORAL ;ALMACEN
17409;LIMP.PATO PURIFIC 500CC GEL MARINA;ALMACEN
14224;LIMP.PATO PURIFIC 500CC GEL TROPICAL;ALMACEN
26298;LIMP.PATO PURIFIC GEL 500CC BRISA TROPICAL;ALMACEN
18169;LIMP.PATO PURIFIC GEL 500CC FLORAL;ALMACEN
18170;LIMP.PATO PURIFIC GEL 500CC FLORES LUNARES;ALMACEN
11872;LIMP.POETT  900CC LAVANDA;ALMACEN
11873;LIMP.POETT  900CC PRIMAVERA;ALMACEN
25317;LIMP.POETT 1,8L FRESCURA TROPICAL;ALMACEN
14750;LIMP.POETT 1.8L ALEGRA TU DIA;ALMACEN
14911;LIMP.POETT 1.8L ESP.PLAY;ALMACEN
15065;LIMP.POETT 1.8L LAVANDA;ALMACEN
13528;LIMP.POETT 1.8L PRIMAVERA;ALMACEN
15251;LIMP.POETT 1.8L SOLO PARA TI;ALMACEN
14823;LIMP.POETT 1.8L SUAV.ALGODON;ALMACEN
15250;LIMP.POETT 1.8L SUAV.BEBE;ALMACEN
14912;LIMP.POETT 1.8LT MUS.PRIMAVERA;ALMACEN
13699;LIMP.POETT 4L BEBE;ALMACEN
11875;LIMP.POETT 4L FLORES;ALMACEN
11874;LIMP.POETT 4L LAVANDA;ALMACEN
13647;LIMP.POETT 4L SOLO PARA TI;ALMACEN
16727;LIMP.POETT 900CC ALEGRA T/D;ALMACEN
16729;LIMP.POETT 900CC ESP PLAY ;ALMACEN
16728;LIMP.POETT 900CC MUS PRIMAVERA;ALMACEN
13583;LIMP.POETT 900CC PARA TI;ALMACEN
16730;LIMP.POETT 900CC SUAV BEBE;ALMACEN
13581;LIMP.POETT 900ML DESPERTAR;ALMACEN
13582;LIMP.POETT 900ML SUAVIDAD;ALMACEN
08287;LIMP.PROCENEX 500CC COC.GAT.NARAN.;ALMACEN
05734;LIMP.PROCENEX BANO DOY 420CC;ALMACEN
09624;LIMP.PROCENEX BANO GAT 500ML;ALMACEN
05747;LIMP.PROCENEX COC. DOY 420CC;ALMACEN
000149;LIMP.PROCENEX VIDRIOS DOY 420C GOLD ;ALMACEN
07305;LIMP.PROCENEX VIDRIOS GAT.500C;ALMACEN
20673;LIMP.SMELL FRESH 450CC VIDRIO DOY PACK;ALMACEN
18835;LIMP.SMELL FRESH 450CC VIDRIO GATILLO ;ALMACEN
23620;LIMP.VITA 900CC CTRONELLA;ALMACEN
25979;LIMPIA CONTACTOS WALKER 360ML;ALMACEN
17446;LIMPIA HORNOS LIQ.CAUCHET 500CC GATILLO;ALMACEN
27325;LIMPIA HORNOS SMELL FRESH 360ML;ALMACEN
25980;LIMPIA MANOS WALKER 500G;ALMACEN
27164;LIMPIA MANOS WALKER 500G;ALMACEN
22583;LIMPIA METALES SILVO 200CC;ALMACEN
23415;LIMPIA TAPIZADO ESCUDO 360ML ;ALMACEN
25977;LIMPIA TAPIZADOS WALKER 500ML;ALMACEN
10923;LIMPIA VIDRIO SALZANO;ALMACEN
27538;LIMPIA VIDRIOS VIRULANA C/ESPUMA Y SEC.;ALMACEN
25976;LIMPIACRISTALES WALKER 500ML;ALMACEN
23443;LIMPIADOR CLEANNY 900CC CITRONELLA;ALMACEN
24234;LIMPIADOR CLEANNY 900CC PINO;ALMACEN
21216;LIMPIADOR HORNOLIM POLVO 500G PARRILLAS;ALMACEN
18228;LIMPIADOR ODEX 400G POLVO;ALMACEN
21217;LIMPIADOR SUIZA POLVO 500G;ALMACEN
28019;LIMPIADOR VICTORY VIDRIOS 5L;ALMACEN
10555;LIMPIATECHO SALZANO PIUMINO;ALMACEN
25602;LIMPIAVIDRIOS FIORENTINA CABO EXTENSIBLE;ALMACEN
13;LIMPIEZA;ALMACEN
25538;LIQ CERAMICOL 860CC LAMPAZOS;ALMACEN
26061;LIQ CERAMICOL 875CC PISOS PLASTIFICADOS;ALMACEN
05545;LIQ.LAMPAZO H.L 1LT;ALMACEN
21577;LIQ.LAMPAZO H.L C/CERA 1LTS;ALMACEN
23712;LIQ.LAMPAZO LIMPITUS 1LT ;ALMACEN
23713;LIQ.LAMPAZO LIMPITUS 500CC GATILLO;ALMACEN
23714;LIQ.LAMPAZO LIMPITUS 5LT ;ALMACEN
13754;LIQ.LAMPAZO NASBRILL 400CC AEROSOL;ALMACEN
09449;LOCION NIVEA CORPORAL 400CC CE;ALMACEN
09219;LOCION NIVEA CORPORAL 400CC VA;ALMACEN
00289;LOMO 1RA.CALIDAD;CARNICERIA
00259;LOMO 214 AHUMADO;FIAMBRERIA
00171;LOMO AL VACIO;CARNICERIA
01207;LOMO CERDO CASONA COCIDO ;FIAMBRERIA
00255;LOMO CERDO PELAYO AHUMADO ;FIAMBRERIA
01014;LOMO COC.LARIO A LA PIMIENTA ;FIAMBRERIA
00567;LOMO DELICATO CURADO Y AHUMADO;FIAMBRERIA
00156;LOMO DULCE;FIAMBRERIA
25523;LOMO HORNEADO L ABRATTO FET X 100;FIAMBRERIA
00584;LOMO HORNEADO RIOSMA HIERBAS DELICATO;FIAMBRERIA
00351;LOMO PALADINI HORNEADO;FIAMBRERIA
00932;LONGANIZA 214 CALABRESA CORTA;FIAMBRERIA
00280;LONGANIZA 214 ESPANOLA;FIAMBRERIA
00063;LONGANIZA 214 ESPAÑOLA BASTON;FIAMBRERIA
01144;LONGANIZA BIERZO ESPAÑOLA;FIAMBRERIA
01001;LONGANIZA CAGNOLI CALABRESA;FIAMBRERIA
01002;LONGANIZA CAGNOLI ESPANOLA COR;FIAMBRERIA
20699;LUBRICANTE RG2 360CC MULTIUSO;ALMACEN
10694;LUPINOS MARVAVIC 300GR FRASCO;FIAMBRERIA
07323;LUSTRA MUEBLES DANUBIO 360ML;ALMACEN
17070;LUSTRA MUEBLES DANUBIO 360ML LAVANDA;ALMACEN
04327;LUSTRA MUEBLES POLYCERA 300CC;ALMACEN
27342;LUSTRADOR BLEM 200CC CREMA LAVANDA;ALMACEN
19676;LUSTRADOR BLEM 360CC AER AC.RENUEVA;ALMACEN
24136;LUSTRADOR BLEM 360CC LIMON ACERO/METAL;ALMACEN
23074;LUSTRADOR BLEM 360CC MADERA ARGAN;ALMACEN
24048;LUSTRADOR BLEM 360CC MADERA LAVANDA ;ALMACEN
23073;LUSTRADOR BLEM 360CC MADERA ORIGINAL;ALMACEN
23168;LUSTRADOR BLEM 360CC MARMOL Y GRANITO;ALMACEN
26052;LUSTRADOR BLEM 420CC MADERA ORIGINAL;ALMACEN
17502;LUSTRADOR BLEM CREMA ORIG.200CC;ALMACEN
24491;LUSTRADOR CERAMICOL 360CC LAVANDA ;ALMACEN
05837;LUSTRADOR SUIZA AER.360CC FLOR;ALMACEN
07003;LUSTRADOR SUIZA AER.360CC LAVANDA;ALMACEN
27957;MADALENAS D.MAMA 200G D.LECHE ;ALMACEN
27956;MADALENAS D.MAMA 200G VAINILLA;ALMACEN
05547;MAGDALENAS DON SATUR 200G MARMOLADAS;ALMACEN
10171;MAGDALENAS DON SATUR 200G VAINILLA;ALMACEN
14756;MAGDALENAS DON SATUR 200G VAINILLA C/CHIP;ALMACEN
10172;MAGDALENAS DON SATUR 220G CHOCOLATE;ALMACEN
05604;MAGDALENAS DON SATUR 220G DULCE LECHE;ALMACEN
14649;MAICITOS PEHUAMAR 125G;ALMACEN
23174;MAICITOS PEHUAMAR 260G ;ALMACEN
24689;MAICITOS PEHUAMAR 265G ;ALMACEN
24069;MAIZ CADEA PISADO AMARILLO 400G;ALMACEN
02595;MAIZ CADEA PISINGALLO 400G;ALMACEN
19547;MAIZ CALLIERI 400G PISINGALLO;ALMACEN
17096;MAIZ CALLIERI PISADO BCO 400G;ALMACEN
21926;MAIZENA 220G ORIGINAL;ALMACEN
21901;MAIZENA 500G ORIGINAL;ALMACEN
16968;MAIZENA 550G ORIGINAL ;ALMACEN
23387;MALTA EL POCILLO 100G C/LECHE DP;ALMACEN
000601;MALTA EL POCILLO 170G POTE;ALMACEN
07096;MALTA EL POCILLO 500G POUCH;ALMACEN
23105;MALVAVISCO GONGYS 200G FRUTILLA ;ALMACEN
24521;MALVAVISCO GONGYS 200G MINI;ALMACEN
24309;MALVAVISCO GONGYS 200G NUBECITAS;ALMACEN
24520;MALVAVISCO GONGYS 200G PALITOS ;ALMACEN
20398;MALVAVISCO GONGYS 200G TRENZA;ALMACEN
20598;MALVAVISCO GONGYS 200G VAINILLA;ALMACEN
27077;MALVAVISCO GONGYS 200G VAINILLA;ALMACEN
00950;MANDARINA OFERTA;VERDULERIA
00761;MANDARINAS DANCY  EL KG.;VERDULERIA
00127;MANDIOCAS EL KG.;VERDULERIA
17167;MANGA CON 4 PICOS ;ALMACEN
25795;MANGA P/DECORAR 4 PICOS;ALMACEN
00314;MANGO EL KG;VERDULERIA
4794;MANI BAÑADO ARCOR 35G;ALMACEN
00788;MANI C/CASCARA X KG;VERDULERIA
24889;MANI CHOC. BLANCO 80G ARCOR;ALMACEN
03634;MANI CHOCOLATE ARCOR  80G;ALMACEN
20076;MANI COLONIAL 100G BAÑADO ;ALMACEN
07467;MANI COLOR ARCOR  80G;ALMACEN
19049;MANI CROCANTE ARCOR 100G C/CHOCOLATE;ALMACEN
20036;MANI GEORGALOS  80G CHOCOLATE   ;ALMACEN
20034;MANI GEORGALOS 100G CONFITADO;ALMACEN
20037;MANI GEORGALOS 120G CHOCOLATE   ;ALMACEN
22642;MANI KING 100G SALADO CON PIEL;ALMACEN
22641;MANI KING 100G SALADO SIN PIEL;ALMACEN
22914;MANI KING 100G TOSTADO SIN PIEL;ALMACEN
07909;MANI KING 10KG SALADO SIN PIEL;ALMACEN
07907;MANI KING 10KG SIN SAL;ALMACEN
18114;MANI KING 175G CON CASCARA ;ALMACEN
24626;MANI KING 350G SALADO C/PIEL ;ALMACEN
23148;MANI KING 350G SALADO SIN PIEL;ALMACEN
22915;MANI KING 350G TOSTADO SIN PIEL SIN SAL;ALMACEN
18936;MANI KING 500G SALADO CON PIEL;ALMACEN
15876;MANI KING 5KG C/CASC.;ALMACEN
000958;MANI KING 80G CHOCOLATE;ALMACEN
18103;MANI KING 80G CROCANTE JAMON ;ALMACEN
18102;MANI KING 80G CROCANTE PIZZA;ALMACEN
18101;MANI KING 80G CROCANTE QUESO ;ALMACEN
19853;MANI KING 80G LIMON PIMIENTA;ALMACEN
19852;MANI KING 80G PANCETA;ALMACEN
00881;MANI KING SALADO KG;ALMACEN
01080;MANI KING SIN SAL KG;ALMACEN
22916;MANI KING TOSTADO 400G CON CASCARA ;ALMACEN
01069;MANI KING TOSTADO SIN SAL KG;ALMACEN
15380;MANI MANIAX 110G AJI Y LIMON;ALMACEN
26151;MANI MANIAX 95G AJI Y LIMON;ALMACEN
24388;MANI MANIAX 95G JAPONES C/JAMON;ALMACEN
24389;MANI MANIAX 95G SAL&LIMON;ALMACEN
22217;MANI NAMUR 80G C/CHOCOLATE ;ALMACEN
23542;MANI ORQUIDEA 100G BAÑADO;ALMACEN
23115;MANI PEHUAMAR 135G PELADO;ALMACEN
25775;MANI PEHUAMAR 135G SALADO;ALMACEN
14899;MANI PEHUAMAR 150G SALADO;ALMACEN
25310;MANI PEHUAMAR 75G PELADO;ALMACEN
25153;MANI PEHUAMAR 75G SALADO;ALMACEN
14510;MANI PEHUAMAR 85G PELADO;ALMACEN
23093;MANI PEHUAMAR 95G JAPONES ;ALMACEN
27388;MANI QUENTO 60G SIN PIEL;ALMACEN
25521;MANI QUENTO 75G PIZZA;ALMACEN
25522;MANI QUENTO 75G QUESO;ALMACEN
24183;MANTECA ILOLAY 100G;FIAMBRERIA
24244;MANTECA ILOLAY 200G ;FIAMBRERIA
23152;MANTECA ILOLAY 500G ;FIAMBRERIA
17288;MANTECA MANI CAMPIÑA 350G ;ALMACEN
18598;MANTECA MANI KING 350G CHOCOLATE;ALMACEN
21653;MANTECA MANI KING 350G ORIGINAL ;ALMACEN
27215;MANTECA NC 200G;FIAMBRERIA
04599;MANTECA SANCOR 100G;FIAMBRERIA
000641;MANTECA SANCOR 200G;FIAMBRERIA
03321;MANTECA SERENISIMA 100G PAN;FIAMBRERIA
14967;MANTECA SERENISIMA 200G LIGHT;FIAMBRERIA
03306;MANTECA SERENISIMA 200G PAN;FIAMBRERIA
13976;MANTECA TONADITA 100G;FIAMBRERIA
13977;MANTECA TONADITA 200G;FIAMBRERIA
13975;MANTECA TONADITA 200G DESLACT.;FIAMBRERIA
26463;MANTECA TONADITA 200G EXTRA SAL;FIAMBRERIA
13974;MANTECA TONADITA 200G LIGHT;FIAMBRERIA
23271;MANTECA TONADITA 200G LIGHT ;FIAMBRERIA
15233;MANTECA TONADITA 200G SIN SAL;FIAMBRERIA
14188;MANTECA TONADITA 500G;FIAMBRERIA
02124;MANTECA VERONICA 200G;FIAMBRERIA
26603;MANTECOL 111G CAFE;ALMACEN
26551;MANTECOL 111G CARAMELO;ALMACEN
16242;MANTECOL 111G CLASICO;ALMACEN
26550;MANTECOL 111G COCO;ALMACEN
26011;MANTECOL 20G BAÑADO;ALMACEN
26552;MANTECOL 250GR UNTABLE;ALMACEN
06601;MANTECOL 253G CLASICO;ALMACEN
26010;MANTECOL 26G CLASICO;ALMACEN
26465;MANTECOL 27G OBLEA;ALMACEN
10899;MANTECOL 404G CLASICO;ALMACEN
26012;MANTECOL 41G CLASICO;ALMACEN
20001;MANTECOL 500GR LINGOTE;ALMACEN
15403;MANTECOL 64G CLASICO ;ALMACEN
00081;MANTECOL C/NUEZ SUELTO;ALMACEN
22230;MANTECOL GEORGALOS 3.4KG C/ALMENDRAS ;ALMACEN
16526;MANTEL NAVIDAD COCA COLA;ALMACEN
16082;MANTELES INDV.FELPITA 70U;ALMACEN
23860;MANZANA CANALE 375G PURE;ALMACEN
25485;MANZANA FIESTITA 1L S/ALCOHOL;ALMACEN
02208;MANZANA FIZZ FIESTA 1L MOÑO ROJO;ALMACEN
23824;MANZANA FRUTITA 1LT MINIONS S/A;ALMACEN
23821;MANZANA FRUTITA 1LT PAPA NOEL S/A;ALMACEN
00592;MANZANA ROJA LA BOLSA;VERDULERIA
00360;MANZANA ROJA PREMIUM EL KG;VERDULERIA
00119;MANZANAS OFERTA   EL KG.;VERDULERIA
00763;MANZANAS ROJAS  EL KG.;VERDULERIA
00764;MANZANAS VERDES  EL KG.;VERDULERIA
27109;MAQUINA AFEITAR BIC SOLEIL X2 U;ALMACEN
27286;MAQUINA AFEITAR XMART SPEED3 1U;ALMACEN
26416;MAQUINA AFEITAR XMART SPEED3 2U;ALMACEN
26272;MARCADOR 12U EZCO VALIJA ;ALMACEN
25214;MARCADOR EZCO *6 VALIJA;ALMACEN
26269;MARCADOR EZCO 210 PERMANENTE P/CUADRAD;ALMACEN
26270;MARCADOR EZCO 211 PERMANENTE P/REDONDA;ALMACEN
26273;MARCADOR FINO FILGO 040 PERMANENTE;ALMACEN
26287;MARCADOR SHARPIE *5 GLAM POP;ALMACEN
25250;MARCADOR SHARPIE BRUSH *4U;ALMACEN
26286;MARCADOR SHARPIE ESTUCHE *10;ALMACEN
25824;MARCADOR SKY PIZARRA NEGRO;ALMACEN
3670;MARG.DANICA 200G SOFT LIGHT;FIAMBRERIA
23320;MARG.DANICA 200G SOFT LIGHT POTE ;FIAMBRERIA
14920;MARG.DANICA 220G EQUILIBRIO;FIAMBRERIA
23319;MARG.DANICA 220G EQUILIBRIO POTE ;FIAMBRERIA
14473;MARG.DANICA DORADA 210G CREMOSA;FIAMBRERIA
24471;MARG.MANTY 200G UNTABLE PAN ;FIAMBRERIA
23318;MARG.MARGADAN 200G ;FIAMBRERIA
05891;MARG.MARGADAN 200G PAN;FIAMBRERIA
000025;MARG.MARGADAN 500G PAN;FIAMBRERIA
24239;MARGARINA DANICA 200G COC./REPOST.;FIAMBRERIA
24240;MARGARINA DANICA 500G COC./REPOST.;FIAMBRERIA
00067;MARINERAS FRANKY S/SAL X KG;PANADERIA
00149;MARINERAS FRANKY X KG;PANADERIA
25676;MARISCOS BAHIA 190G NATURAL;ALMACEN
06258;MARSALA CROTTA 750ML;ALMACEN
26451;MARSALA EL ABUELO 750CC;ALMACEN
03107;MARTILLO REAL BATE BIFE;ALMACEN
07029;MARTINI 995CC BIANCO;ALMACEN
08107;MARTINI 995CC EXTRA DRY;ALMACEN
10678;MARTINI 995CC ROSSO;ALMACEN
00093;MARUCHA CAPRIOLO;CARNICERIA
00076;MASAS SECAS FRANKY;PANADERIA
00839;MASAS SECAS OFERTA FRANKY X KG;PANADERIA
25437;MASC.ISSUE SALOON PROF SILV BLONDE 200G;ALMACEN
24417;MASCAR.TRATAM.DOVE 300G OLEO NUTRICION ;ALMACEN
24416;MASCAR.TRATAM.DOVE 300G RECON.COMP.;ALMACEN
24413;MASCAR.TRATAM.DOVE 300G REG.EXTREMA;ALMACEN
24415;MASCAR.TRATAM.DOVE 300G RIT.CRECIM.;ALMACEN
26157;MASCAR.TRATAM.DOVE 300G RIT.FORTALEC;ALMACEN
24414;MASCAR.TRATAM.DOVE 300G RIT.RAPARAC.;ALMACEN
25008;MASCARILLA ELVIVE 300CC GLYCOGLOSS;ALMACEN
24036;MASCARILLA ELVIVE 300G KERALISO NUTRILISS;ALMACEN
22888;MASCARILLA ELVIVE 300G REPAR.TOTAL 5;ALMACEN
22887;MASCARILLA ELVIVE 300ML HIDRA HIAL.;ALMACEN
25141;MASCARILLA ELVIVE 300ML PROT.COLOR;ALMACEN
22148;MASCARILLA ELVIVE HIALURO.PURE ;ALMACEN
25015;MASCARILLA FRUCTIS 350CC CACAO RIZOS;ALMACEN
19015;MASCARILLA GARNIER P/LABIOS CEREZA;ALMACEN
20275;MASCARILLA GARNIER TELA 28G GRAN.;ALMACEN
00194;MATAMBRE BIERZO;CARNICERIA
00166;MATAMBRE DE CERDO;CARNICERIA
00348;MATAMBRE FELA;CARNICERIA
00370;MATAMBRE OFERTA EL KG;CARNICERIA
00290;MATAMBRE SELECCION  CAPRIOLO E;CARNICERIA
17154;MATE ACERO INOX.1 ASA;ALMACEN
17155;MATE ACERO INOX.2 ASAS;ALMACEN
25170;MATE AMANDA +BOMBILLA;ALMACEN
17737;MATE AUTOMATICO 500CC B/ MET.;ALMACEN
22124;MATE BOCON C/VIROLA ARTESANAL;ALMACEN
25326;MATE COC. ROSAMONTE 25S;ALMACEN
01853;MATE COC.LITORAL  50S C/SOBRE;ALMACEN
22358;MATE COC.LITORAL 25S CON SOBRE ;ALMACEN
22359;MATE COC.LITORAL 25S S/S;ALMACEN
22957;MATE COC.LITORAL 50S S/SOBRE ;ALMACEN
14604;MATE COC.TARAGUI  25S SIN ENSOBRAR;ALMACEN
02469;MATE COC.TARAGUI  40S ENSOBRADO;ALMACEN
14677;MATE COC.TARAGUI  50S SIN ENSOBRAR ;ALMACEN
14678;MATE COC.TARAGUI 100S SIN ENSOBRAR;ALMACEN
00468;MATE COC.TARAGUI 20S NINOS FORTIFICADO;ALMACEN
15101;MATE COC.UNION  25S SIN ENSOBRAR;ALMACEN
14679;MATE COC.UNION  50U SIN ENSOBRAR;ALMACEN
06948;MATE COC.YER VITA  25S;ALMACEN
06971;MATE COC.YER VITA 50S;ALMACEN
23683;MATE LISTO FORRADO MAMA;ALMACEN
21696;MATE ROMBO C/BOMBILLA SACAYERBA ;ALMACEN
23341;MATE ROSAMONTE ENCHAPADO;ALMACEN
25897;MATE VIDRIO FORRADO;ALMACEN
21697;MATE VIDRIO FORRADO C/BOMBILLA ;ALMACEN
17164;MAXI TARTELETAS 4U;ALMACEN
25760;MAYO.ARYTZA 190G ZANAHORIA VEGANA;ALMACEN
18461;MAYON. MENOYO 500CC LIGHT ;ALMACEN
19210;MAYON. MENOYO 500CC S/TACC;ALMACEN
15425;MAYON.BC 1KG DOY PACK;ALMACEN
18667;MAYON.BC 250G DOY PACK ;ALMACEN
18668;MAYON.BC 500G DOY PACK ;ALMACEN
08757;MAYON.CADA DIA 250G;ALMACEN
05214;MAYON.CADA DIA 475G;ALMACEN
24231;MAYON.CAÑUELAS 241G CLASICA;ALMACEN
24232;MAYON.CAÑUELAS 482G CLASICA;ALMACEN
17595;MAYON.HELLMANNS 232G  CASERA DP;ALMACEN
17622;MAYON.HELLMANNS 237G CLASICA ;ALMACEN
18434;MAYON.HELLMANNS 250CC LIGHT ;ALMACEN
20115;MAYON.HELLMANNS 250G AHUMADA;ALMACEN
19929;MAYON.HELLMANNS 250G AJO D.P.;ALMACEN
27839;MAYON.HELLMANNS 250G ASADO;ALMACEN
17598;MAYON.HELLMANNS 475G DP CLASICA;ALMACEN
18692;MAYON.HELLMANNS 950G CLASICA;ALMACEN
26774;MAYON.HELLMANS 475G LIVIANA;ALMACEN
18572;MAYON.LAGRIMAS DEL SOL 250CC DP;ALMACEN
16568;MAYON.LAGRIMAS DEL SOL 500CC DP;ALMACEN
17786;MAYON.MENOYO 250CC LIGHT ;ALMACEN
17785;MAYON.MENOYO 250CC S/T;ALMACEN
14870;MAYONESA ARYTZA 340G AHUMADA;ALMACEN
20877;MAYONESA ARYTZA 340G AJO ;ALMACEN
13275;MAYONESA BENIDORM 500CC CLASICA;ALMACEN
18779;MAYONESA LIGHT NOTCO 350G ;ALMACEN
26135;MAYONESA LIVIAN 235G ACEITE OLIVA;ALMACEN
26441;MAYONESA LIVIAN 235G AHUMADA;ALMACEN
26133;MAYONESA LIVIAN 235G AJO;ALMACEN
26134;MAYONESA LIVIAN 235G EQUILIBRIO;ALMACEN
25874;MAYONESA LIVIAN 235G ORIGINAL;ALMACEN
25875;MAYONESA LIVIAN 470G ORIGINAL;ALMACEN
07501;MAYONESA MAYOLIVA 250G DOY PAC;ALMACEN
07401;MAYONESA NATURA 237G DOY;ALMACEN
07404;MAYONESA NATURA 475G DOY;ALMACEN
04369;MAYONESA NATURA 950G DOY;ALMACEN
06921;MED.MERLUZA SOLIMENO 400G ESP.QUESO;FIAMBRERIA
06925;MED.MERLUZA SOLIMENO 400G TRAD;FIAMBRERIA
3916;MEDALLON CARNE CHAMP.2U;FIAMBRERIA
3207;MEDALLON CV CHAMPION 4U;FIAMBRERIA
20613;MEDALLON MERLUZA GRANGYS 344G;FIAMBRERIA
24677;MEDALLON NUTREE 400G BATATA/CURRY;FIAMBRERIA
24681;MEDALLON NUTREE 400G C/BROCOLI ;FIAMBRERIA
24682;MEDALLON NUTREE 400G C/ESPINACA;FIAMBRERIA
24678;MEDALLON NUTREE 400G C/LENTEJAS;FIAMBRERIA
24679;MEDALLON NUTREE 400G C/MIX DE HONGOS ;FIAMBRERIA
24680;MEDALLON NUTREE 400G C/POROTOS /MORRON;FIAMBRERIA
23261;MEDALLON NUTREE 400G QUINOA C/BROCOLI ;FIAMBRERIA
23257;MEDALLON NUTREE 400G QUINOA C/ESPINACA ;FIAMBRERIA
23258;MEDALLON NUTREE 400G QUINOA C/LENTEJAS;FIAMBRERIA
23259;MEDALLON NUTREE 400G QUINOA C/MIX HONGOS ;FIAMBRERIA
23260;MEDALLON NUTREE 400G QUINOA C/POROTOS ADUKI;FIAMBRERIA
05496;MEDALLON PATAGONIA MARE 300G E;FIAMBRERIA
2691;MEDALLON POLLO CALISA  J.Y QUESO;FIAMBRERIA
16201;MEDALLON POLLO CALISA 320G JAMON/QUESO;FIAMBRERIA
15240;MEDALLON POLLO CALISA ESP.QUES;FIAMBRERIA
2686;MEDALLON POLLO CALISA ESP.QUESO;FIAMBRERIA
01153;MEDALLON POLLO X KG;CARNICERIA
07957;MEDALLON POLLOLIN 450G POLLO;FIAMBRERIA
04890;MEDALLON POLLOLIN 450G POLLO E;FIAMBRERIA
11965;MEDALLON POLLOLIN 450GS JAM-QU;FIAMBRERIA
12544;MEDALLON QUINS 430G CALABAZA;FIAMBRERIA
12545;MEDALLON QUINS 430G ESPINACA;FIAMBRERIA
12543;MEDALLON QUINS 430G REMOLACHA;FIAMBRERIA
23072;MEDALLON VEGGIE GRANJA SOL 420G GARB/CALAB.;FIAMBRERIA
24242;MEDALLON VEGGIE GRANJA SOL 420G QUINOA/ESP.;FIAMBRERIA
25378;MEDALLON VEGGIE GRANJA SOL 440G CEB.Y ARROZ YAMANI;FIAMBRERIA
26682;MEDALLONES GRANGYS 430G MERLUZA;FIAMBRERIA
26684;MEDALLONES GRANGYS 430G POLLO;FIAMBRERIA
26685;MEDALLONES GRANGYS 430G POLLO C/JAMON.QUESO;FIAMBRERIA
24753;MEDALLONES VEGETALEX 300G BURGER ;FIAMBRERIA
24755;MEDALLONES VEGETALEX 300G CALABAZA ;FIAMBRERIA
24754;MEDALLONES VEGETALEX 300G ESPINACA ;FIAMBRERIA
24752;MEDALLONES VEGETALEX 300G LEGUM.QUINOA;FIAMBRERIA
24756;MEDALLONES VEGETALEX 300G VERDURA ;FIAMBRERIA
09869;MEDALLONES VEGGIES 420G LENT.ARROZ;FIAMBRERIA
00977;MEDIALUNAS MANTECA LA DOCENA ;PANADERIA
26840;MEDIDOR ALIMENTACION P/MASCOTAS AZUL;ALMACEN
26841;MEDIDOR ALIMENTACION P/MASCOTAS ROSA;ALMACEN
26454;MEGA QUESO QUENTO 95G QUESO;ALMACEN
27714;MEJILLONES BAHIA 190G NATURAL ;FIAMBRERIA
18787;MELON  GENNARI 150G CUBOS POTE  ;VERDULERIA
00765;MELON AMAR/ESCRITO  X KG;VERDULERIA
00766;MELON BLANCO X KG;VERDULERIA
00576;MEMBRILLOS EL KG ;VERDULERIA
00072;MENTA X ATADO;VERDULERIA
00470;MERENGUE RELLENO CREMA CHANTILLY;PANADERIA
00467;MERENGUE RELLENO DULCE DE LECHE ;PANADERIA
00070;MERENGUES FRANKY X KG;PANADERIA
14349;MERKEN CALLIERI 100G;ALMACEN
23762;MERLUZA MARBELLA 160GR FILET;ALMACEN
10960;MERLUZA MARBELLA 340G ACEITE;ALMACEN
10961;MERLUZA MARBELLA 340G NATURAL SIN SAL;ALMACEN
25341;MERLUZA PUGLISI 380G ACEITE;ALMACEN
25342;MERLUZA PUGLISI 380G NATURAL;ALMACEN
25288;MERM. BC 390G FRAMBUESA;ALMACEN
06482;MERM.ARCOR 390G CIRUELA LIGHT;ALMACEN
17125;MERM.ARCOR 390G CIRUELA LIGHT ;ALMACEN
06483;MERM.ARCOR 390G DAMASCO DIET;ALMACEN
06484;MERM.ARCOR 390G DURAZNO DIET;ALMACEN
11141;MERM.ARCOR 390G DURAZNO S/AZU;ALMACEN
06481;MERM.ARCOR 390G FRUTILLA LIGHT;ALMACEN
10896;MERM.ARCOR 390G FRUTILLA S/AZU;ALMACEN
02967;MERM.ARCOR 390G NARANJA LIGHT;ALMACEN
16963;MERM.ARCOR 390G NARANJA LIGHT ;ALMACEN
2841;MERM.ARCOR 390G NARANJA S/AZUCAR;ALMACEN
000632;MERM.ARCOR 454G CIRUELA S/TACC;ALMACEN
16223;MERM.ARCOR 454G DAMASCO S/TACC;ALMACEN
16897;MERM.ARCOR 454G DURAZNO S/TACC;ALMACEN
16222;MERM.ARCOR 454G FRUTILLA S/TACC;ALMACEN
000635;MERM.ARCOR 454G NARANJA S/TACC;ALMACEN
26458;MERM.BC 390G FRUTOS ROJOS;ALMACEN
01606;MERM.BC 390G NARANJA;ALMACEN
01256;MERM.BC ARANDANO 390G;ALMACEN
17126;MERM.BC CIRUELA 390G ;ALMACEN
02406;MERM.BC DAMASCO 390G;ALMACEN
16477;MERM.BC DURAZNO 390CC;ALMACEN
001085;MERM.BC FRUTILLA 390G;ALMACEN
16486;MERM.BC FRUTILLA 390G;ALMACEN
17457;MERM.BC FRUTOS ROJOS 390CC;ALMACEN
09827;MERM.BC FRUTOS ROJOS 390G;ALMACEN
16527;MERM.CAB.MICO 380G CEREZA S/A;ALMACEN
16528;MERM.CAB.MICO 380G GUINDA S/A;ALMACEN
16531;MERM.CAB.MICO 380G MOSQUETA S/A;ALMACEN
16530;MERM.CAB.MICO 454G CEREZA ;ALMACEN
16529;MERM.CAB.MICO 454G ZARZAMORA;ALMACEN
16822;MERM.CAMPAG.390G SELECC.DURAZNO;ALMACEN
16835;MERM.CAMPAG.390G SELECC.FRUTILLA;ALMACEN
17102;MERM.CAMPAG.390G SELECC.FRUTOS ROJOS;ALMACEN
16812;MERM.CAMPAG.454G ARANDANO S/T;ALMACEN
16020;MERM.CAMPAG.454G CIRUELA S/T;ALMACEN
16021;MERM.CAMPAG.454G DAMASCO S/T;ALMACEN
16022;MERM.CAMPAG.454G DURAZNO S/T;ALMACEN
16023;MERM.CAMPAG.454G FRUTILLA S/T;ALMACEN
17632;MERM.CAMPAG.454G FRUTOS ROJOS S/T;ALMACEN
18437;MERM.CAMPAG.454G NARANJA ;ALMACEN
19939;MERM.CAMPAG.TOMATE 454G ;ALMACEN
08586;MERM.CHANAR 450G TOMATE;ALMACEN
08566;MERM.CHANAR ARANDANOS;ALMACEN
08551;MERM.CHANAR CEREZA;ALMACEN
09630;MERM.CHANAR CIRUELA;ALMACEN
09620;MERM.CHANAR DURAZNO;ALMACEN
08592;MERM.CHANAR FRAMBUESA;ALMACEN
09617;MERM.CHANAR FRUTILLA;ALMACEN
08594;MERM.CHANAR FRUTOS ROJOS;ALMACEN
09631;MERM.CHANAR MANZANA;ALMACEN
27106;MERM.CHANAR NARANJA  C/JENGIBRE;ALMACEN
09633;MERM.CHANAR PERA;ALMACEN
08547;MERM.CHANAR ROSA MOSQUETA;ALMACEN
08573;MERM.CHANAR SAUCO;ALMACEN
21188;MERM.CORMILLOT 390G CIRUELA LIGHT;ALMACEN
21182;MERM.CORMILLOT 390G DURAZ.LIGHT ;ALMACEN
17003;MERM.CORMILLOT 390G DURAZ.S/AZUCAR ;ALMACEN
17005;MERM.CORMILLOT 390G FRAMBUESA SIN AZUCAR;ALMACEN
17008;MERM.CORMILLOT 390G FRUTI.LIGHT ;ALMACEN
21185;MERM.CORMILLOT 390G FRUTI.S/AZUCAR ;ALMACEN
17007;MERM.CORMILLOT 390G FRUTOS ROJOS SIN AZUCAR;ALMACEN
17004;MERM.CORMILLOT 390G HIGO SIN AZUCAR;ALMACEN
23066;MERM.CORMILLOT 390G MEMBRILLO LIGHT;ALMACEN
21189;MERM.CORMILLOT 390G NARANJA LIGHT;ALMACEN
21646;MERM.CUARTO 280GR ARANDANO C/STEVIA;ALMACEN
21644;MERM.CUARTO 280GR DURAZNO C/STEVIA;ALMACEN
21645;MERM.CUARTO 280GR HIGO C/STEVIA;ALMACEN
22306;MERM.CUARTO 330GR ARANDANO;ALMACEN
22309;MERM.CUARTO 330GR DURAZNO;ALMACEN
22308;MERM.CUARTO 330GR FRUTILLA;ALMACEN
22307;MERM.CUARTO 330GR FRUTOS ROJOS;ALMACEN
15970;MERM.DULCOR 420G DURAZNO LIGHT ;ALMACEN
15973;MERM.DULCOR 420G FRUTILLA LIGHT ;ALMACEN
21181;MERM.DULCOR 454G CIRUELA;ALMACEN
21179;MERM.DULCOR 454G DAMASCO;ALMACEN
21177;MERM.DULCOR 454G DURAZNO;ALMACEN
21180;MERM.DULCOR 454G FRUTILLA;ALMACEN
21184;MERM.DULCOR 454G HIGO;ALMACEN
21178;MERM.DULCOR 454G NARANJA;ALMACEN
21183;MERM.DULCOR 454G ZAPALLO;ALMACEN
15968;MERM.DULCOR 500G CIRUELA;ALMACEN
15967;MERM.DULCOR 500G DAMASCO;ALMACEN
15964;MERM.DULCOR 500G DURAZNO;ALMACEN
15969;MERM.DULCOR 500G FRUTILLA ;ALMACEN
21176;MERM.DULCOR 500G NARANJA;ALMACEN
15965;MERM.DULCOR 500G ZAPALLO ;ALMACEN
2932;MERM.EMETH 420G CIRUELA;ALMACEN
2936;MERM.EMETH 420G DAMASCO;ALMACEN
2926;MERM.EMETH 420G DURAZNO;ALMACEN
13641;MERM.EMETH 420G FRAMBUESA;ALMACEN
2923;MERM.EMETH 420G FRUTILLA;ALMACEN
13733;MERM.EMETH 420G FRUTOS BOSQUE;ALMACEN
15285;MERM.EMETH 454G CIRUELA FRASCO;ALMACEN
26459;MERM.LC 454G FRUTOS ROJOS;ALMACEN
23601;MERM.REGIDIET 380G DURAZNO;ALMACEN
23602;MERM.REGIDIET 380G FRUTILLA;ALMACEN
25293;MERMELADA TRINI 410G NARANJA C/STEVIA;ALMACEN
25223;MICROFIBRA GRADUADA UNIPIN *3;ALMACEN
27853;MIEL ALUMINE 250GR PET;ALMACEN
27851;MIEL ALUMINE 500GR PET;ALMACEN
27850;MIEL ALUMINE 900GR PET;ALMACEN
27856;MIEL ALUMINE.250GR VIDRIO ORGANICA ;ALMACEN
27855;MIEL ALUMINE.500GR VIDRIO ORGANICA ;ALMACEN
27854;MIEL ALUMINE.900GR VIDRIO ORGANICA ;ALMACEN
12014;MIEL MONTE AUSTRAL 1KG;ALMACEN
25516;MIEL MONTE AUSTRAL 250G PET;ALMACEN
25517;MIEL MONTE AUSTRAL 350G PET;ALMACEN
12012;MIEL MONTE AUSTRAL 500G P.VERT;ALMACEN
12010;MIEL MONTE AUSTRAL 500G POTE;ALMACEN
12011;MIEL MONTE AUSTRAL 500G VIDRIO;ALMACEN
25518;MIEL MONTE AUSTRAL 700G PET;ALMACEN
24153;MIEL NECTAR 250G DOY;ALMACEN
26174;MIEL NECTAR 500G ORGANICA;ALMACEN
24583;MILAN.GRANJA SOL 330G ARROZ Y VEGETALES ;ALMACEN
09622;MILAN.GRANJA SOL SOJA 330G CAL;ALMACEN
09618;MILAN.GRANJA SOL SOJA 330G REB;ALMACEN
21095;MILAN.GRANJA SOL SOJA 380G CAL/QUESO;ALMACEN
4139;MILANESA CERDO POLLOLIN 800G;FIAMBRERIA
00113;MILANESA DE BOLA DE LOMO;CARNICERIA
00131;MILANESA DE CUADRADA;CARNICERIA
00138;MILANESA DE NALGA;CARNICERIA
25671;MILANESA GRANJA DEL SOL 380G ESPINACA Y QUESO;FIAMBRERIA
25872;MILANESA GRANJA DEL SOL 380G NAPOLITANA;FIAMBRERIA
23000;MILANESA GRANJA DEL SOL CASERA 330G ;FIAMBRERIA
23012;MILANESA GRANJA DEL SOL ESPINACA  330G;FIAMBRERIA
25391;MILANESA NUTREE 180G CLASICA ;FIAMBRERIA
25390;MILANESA NUTREE 180G ESPINACA ;FIAMBRERIA
08612;MILANESA PALADINI SOJA 165G;FIAMBRERIA
08641;MILANESA PALADINI SOJA 190G ES;FIAMBRERIA
19859;MILANESA PALADINI SOJA 190G JAM QUE;FIAMBRERIA
07875;MILANESA PATY 2UN;FIAMBRERIA
21037;MILANESA PATY 36U REB.;FIAMBRERIA
23022;MILANESA PATY 4UN;FIAMBRERIA
03793;MILANESA POLLO 2.0K CONGELADA;CARNICERIA
03714;MILANESA POLLO 800G CONGELADA;CARNICERIA
00846;MILANESA PREPARADA EL KILO;CARNICERIA
04188;MILANESA SOJA DAIZU 320G;FIAMBRERIA
23130;MILANESA SOJA GRANJA SOL 330G C/CALABAZA;FIAMBRERIA
09625;MILANESA SOJA LUCCHETTI 290G;FIAMBRERIA
00181;MILANESAS DE POLLO;CARNICERIA
00287;MILANESAS PREP. DE CERDO EL KI;CARNICERIA
27234;MINI GRISINES CARILO 100G ARVEJAS;ALMACEN
27235;MINI GRISINES CARILO 100G GARBANZOS;ALMACEN
27231;MINI GRISINES CARILO 100G JAMON;ALMACEN
27233;MINI GRISINES CARILO 100G PIZZA;ALMACEN
27232;MINI GRISINES CARILO 100G QUESO;ALMACEN
27127;MINI TUBITOS MOGUL 100G SANDIA NAVIDAD;ALMACEN
12003;MIRINDA 354CC NARANJA;ALMACEN
07829;MIRINDA PET  500CC NARANJA;ALMACEN
08311;MIRINDA PET 1.5L NARANJA;ALMACEN
03611;MIRINDA PET 2.1/4L MANZANA;ALMACEN
22004;MIRINDA PET 2.1/4L MANZANA ;ALMACEN
08010;MIRINDA PET 2.1/4L NARANJA;ALMACEN
17045;MIRINDA PET 2.1/4L TROPICAL;ALMACEN
24303;MIRINDA PET 3.0L MANZANA ;ALMACEN
03612;MIRINDA PET 3.0L NARANJA;ALMACEN
09828;MIRINDA PET 3.0L NARANJA;ALMACEN
18988;MIRINDA PET 3.0L POMELO ;ALMACEN
25781;MIRINDA PET 350CC NARANJA;ALMACEN
15175;MIRINDA PET. 2.250 POMELO;ALMACEN
16815;MIRINDA POMELO 1.5L PET;ALMACEN
04512;MISTELA CROTTA  750CC;ALMACEN
03272;MISTELA CROTTA 2L ;ALMACEN
16062;MIX A LAS BRASAS ALICANTE 25G;ALMACEN
06726;MIX B.VIENTOS 150G SECO;ALMACEN
21965;MIX BERRIES GREEN LIFE 550G ;FIAMBRERIA
24029;MIX BERRIES GREEN LIFE 550G;FIAMBRERIA
25274;MIX BOCADITOS CHOCOLATE;ALMACEN
17857;MIX CAPPUCCINO VIRGINIA 100G LIGHT DOY;ALMACEN
19711;MIX CAPPUCCINO VIRGINIA 125G VAINILLA DOY;ALMACEN
17132;MIX CAPPUCCINO VIRGINIA MOUSSE CHO/AV 10*15G;ALMACEN
22471;MIX CAPPUCCINO VIRGINIA TRAD. 10S;ALMACEN
19710;MIX CORTADO VIRGINIA 125G DP DELIC.ESP;ALMACEN
16059;MIX CRIOLLO ALICANTE 25G;ALMACEN
21495;MIX CROCANTE ALICANTE 40G P/ENSALADAS;ALMACEN
21151;MIX CROCANTE ALICANTE 50G P/CARNES ST;ALMACEN
00355;MIX DE FRUTAS SECAS KG;FIAMBRERIA
04531;MIX DESAYUNO 120G GENNARI;FIAMBRERIA
18654;MIX DESAYUNO GENNARI 1KG;FIAMBRERIA
00028;MIX DESAYUNO SUELTO;FIAMBRERIA
28069;MIX DUO GENNARI 500G ;FIAMBRERIA
00579;MIX DUO GENNARI EL KG ;FIAMBRERIA
18792;MIX FINAS HIERBAS ALICANTE 20G;ALMACEN
25500;MIX FRUTOS SECOS GRYM 40G ;ALMACEN
07889;MIX GLASEADO GENNARI 500G;FIAMBRERIA
00577;MIX GLASEADO GENNARI EL KG;FIAMBRERIA
25356;MIX INALPA 300G CHOCLO/ZANAHORIA ;ALMACEN
16061;MIX ITALIANO ALICANTE 20G;ALMACEN
22626;MIX LA PLANTA 115G LATTE DOY;ALMACEN
22628;MIX LA PLANTA 115G LIGHT DOY ;ALMACEN
27799;MIX LA PLANTA 115G SALTED DOY;ALMACEN
20302;MIX LA PLANTA 125G CAPPUCCINO DOY ;ALMACEN
16939;MIX LATTE VIRGINIA 125G DOYPACK ;ALMACEN
19680;MIX ORIENTAL ALICANTE 50G;ALMACEN
26473;MIX PARRILLA ALICANTE 25G BARBACOA;ALMACEN
26472;MIX PARRILLA ALICANTE 25G CARNES GRILLADAS;ALMACEN
26470;MIX PARRILLA ALICANTE 25G CHIMICHURRI AHUMADO;ALMACEN
26474;MIX PARRILLA ALICANTE 25G HAMBURGUESAS;ALMACEN
26471;MIX PARRILLA ALICANTE 25G VEGETALES AHUMADOS;ALMACEN
06831;MIX PERSIA B.VIENTOS 100G;ALMACEN
16058;MIX PICANTE ALICANTE 25G ;ALMACEN
03056;MIX PREMIUM P.GOURMET 300G;ALMACEN
24564;MIX PRIMAVERA 300G GREEN LIFE ;ALMACEN
11273;MIX PRIMAVERA GREEN LIFE 300G;ALMACEN
24516;MIX QUENTO NACHOS 100G ;ALMACEN
18400;MIX QUESOS F.LAS VACAS 300G EN HEBRAS ;FIAMBRERIA
24869;MIX SEMILLAS MENOYO 125G DESAYUNO;FIAMBRERIA
24868;MIX SEMILLAS MENOYO 125G ENSALADAS;FIAMBRERIA
24867;MIX SEMILLAS MENOYO 125G ORIGINAL;FIAMBRERIA
04544;MIX TROPICAL 150G;FIAMBRERIA
25501;MIX TROPICAL 40G GRYM ;FIAMBRERIA
06826;MIX TROPICAL B.VIENTOS 120G;FIAMBRERIA
18653;MIX TROPICAL GENNARI 1KG;FIAMBRERIA
00013;MIX TROPICAL SUELTO;FIAMBRERIA
00898;MIX.DCE.BATATA/DCE.MEMBRILLO;FIAMBRERIA
00895;MIX.QUESO/DCE.BATATA;FIAMBRERIA
00897;MIX.QUESO/DCE.MEMBRILLO;FIAMBRERIA
27631;MOCHILA BICHI KIDS 12P ;ALMACEN
25726;MOCHILA BIG LIFE PPR STARWARS;ALMACEN
27632;MOCHILA CHIMOLA 12P CAPYMOLA;ALMACEN
27625;MOCHILA CHIMOLA 17P LISBOA CELESTE;ALMACEN
27639;MOCHILA CRESKO 12P PAW PATROL;ALMACEN
27628;MOCHILA CRESKO 16P GARFIELD;ALMACEN
25725;MOCHILA DATIER 18P LISA;ALMACEN
27626;MOCHILA ELF 18P NOTEBOOK;ALMACEN
25716;MOCHILA FILGO 17P METALIZ.DORADO;ALMACEN
25717;MOCHILA FILGO 17P METALIZ.NEGRO;ALMACEN
27629;MOCHILA FILGO 17P METALIZ.PELTRE;ALMACEN
27622;MOCHILA FILGO 18P FUTBOL CARRO;ALMACEN
25715;MOCHILA FILGO LISA FOCUS XL;ALMACEN
27619;MOCHILA FOOTY 18P CARRO;ALMACEN
27634;MOCHILA FW 17P ALL DAY VER/AZU;ALMACEN
27633;MOCHILA FW 17P CAMPEONES;ALMACEN
27635;MOCHILA FW 17P CUADRILLE;ALMACEN
27636;MOCHILA FW 18P EMMA BOR/MAR;ALMACEN
25718;MOCHILA FW BLOOM AZUL;ALMACEN
25719;MOCHILA FW PIPER AZUL/FUCSIA;ALMACEN
23190;MOCHILA GOODPACK 17P DINOSAURIO;ALMACEN
23191;MOCHILA GOODPACK 17P GAMER;ALMACEN
23192;MOCHILA GOODPACK 17P ROAR NEGRA;ALMACEN
25720;MOCHILA GOODPAK CAMUFL.AZUL;ALMACEN
25721;MOCHILA GOODPAK CAMUFL.PASTEL;ALMACEN
25722;MOCHILA GOODPAK LISA LILA;ALMACEN
25723;MOCHILA KIBURI LISA VERDE;ALMACEN
27620;MOCHILA MODAX 12P TIGRE CARRO;ALMACEN
27627;MOCHILA MODAX 16P ROJA;ALMACEN
27637;MOCHILA MODAX 17P PLAY GAMER;ALMACEN
27630;MOCHILA MODAX 18P AZUL/NEGRO;ALMACEN
27623;MOCHILA MODAX 18P GAMER CARRO;ALMACEN
27624;MOCHILA MODAX 18P GIRLS CARRO;ALMACEN
25713;MOCHILA MODAX ESTAMPADA 12P KAWAII;ALMACEN
25714;MOCHILA MODAX ESTAMPADA 12P KAWAII;ALMACEN
27642;MOCHILA MOOVING AFA AZUL;ALMACEN
27641;MOCHILA MOOVING DISNEY 100;ALMACEN
27644;MOCHILA SERO 18P NEGRA EXPANDIBLE;ALMACEN
27643;MOCHILA SERO 18P NEGRA RIGIDA NOTEBOOK;ALMACEN
27645;MOCHILA SERO 18P VIAJE AZUL ENGOMADA;ALMACEN
27646;MOCHILA SERO 18P VIAJE NEGRA ENGOMADA;ALMACEN
27621;MOCHILA SKORA 12P FUTBOL CARRO;ALMACEN
23198;MOCHILA TARGET 18P HEXAGONOS;ALMACEN
23199;MOCHILA TARGET 18P TUCAN;ALMACEN
27640;MOCHILA WANDERLUST 18P MATE/NOTEBOOK;ALMACEN
27638;MOCHILA WANDERLUST 18P PETROLEO;ALMACEN
25724;MOCHILA WANDERLUST LISA;ALMACEN
27421;MOGUL 500G EXT.LADRILLOS MIX FRUTAL;ALMACEN
27228;MOGUL EXTREME 80G MASTI PALOTES LIMON/SANDIA;ALMACEN
25177;MOGUL EXTREME LENGUA 15G TUTTI FRUTTI ;ALMACEN
22999;MOGUL EXTREME TUBITOS 20G FRUTILLA;ALMACEN
24097;MOGUL EXTREME TUBITOS 20G TUTTI FRUTTI ;ALMACEN
26659;MOGUL EXTREME TWIST 25G BLUE;ALMACEN
01485;MOGUL FRUTILLAS 150G FRUT.ACIDAS;ALMACEN
21674;MOLDE BIZCOCHUELO PAPEL NRO. 18;ALMACEN
21372;MOLDE BIZCOCHUELO PAPEL NRO. 20;ALMACEN
22007;MOLDE BUDIN PAPEL 250 GRS;ALMACEN
25802;MOLDE DESES.PLAST P/EMPANADA;ALMACEN
24984;MOLDE MARINEX FLAN 1,3LT;ALMACEN
17156;MOLDE P/MUFFIN SILICONA ;ALMACEN
22010;MOLDE PAN DULCE PAPEL 1KG;ALMACEN
22008;MOLDE PAN DULCE PAPEL 500 GRS;ALMACEN
22009;MOLDE PAN DULCE PAPEL 750 GRS;ALMACEN
17161;MOLDE PARA RAVIOLES ;ALMACEN
21363;MOLDE ROSCA PAPEL NRO. 20;ALMACEN
24985;MOLDE SOUFLE MARINEX CH.700CC;ALMACEN
27050;MOLDE SOUFLE MARINEX GDE. 2,4LT;ALMACEN
24986;MOLDE SOUFLE MARINEX MED.1,4LT;ALMACEN
18134;MOLDES P/HUEVOS LA PLANCHETTA;ALMACEN
00059;MOLLEJAS DE CHIVITO X KG;CARNICERIA
00968;MOLLEJAS X KG;CARNICERIA
16194;MOPA 500G PUNTA BUCLE ;ALMACEN
13670;MOPA ALGODON COSTERO;ALMACEN
25596;MOPA BLANCA SAMANTHA;ALMACEN
26902;MOPA IBERIA TURBO;ALMACEN
15423;MOPA LA PORTEÑA AMARILLA ;ALMACEN
23500;MOPA LA PORTEÑA BLANCA;ALMACEN
20835;MOPA LIMPEX ALGODON ;ALMACEN
13187;MOPA MISTER TRAPO BLANCA;ALMACEN
18191;MOPA MISTER TRAPO REPUESTO CENTRIFUGO ;ALMACEN
21698;MOPA PLANA LIMPEX C/CABO EXTENS.;ALMACEN
22256;MOPA SUND BLANCA ECO;ALMACEN
19223;MOPA VIRULANA ALGODON REP.;ALMACEN
19225;MOPA VIRULANA EXTRA REP;ALMACEN
07600;MOPA VIRULANA EXTRA SET COMP.;ALMACEN
19227;MOPA VIRULANA PLANA EXTRA;ALMACEN
19231;MOPA VIRULANA T.PODER C/CABO;ALMACEN
00366;MORA X BANDEJA;VERDULERIA
18945;MORAS GREEN LIFE 550G ;ALMACEN
00987;MORCILLA CAPRIOLO EL KILO;CARNICERIA
00409;MORCILLA CAPRIOLO VASCA;CARNICERIA
00971;MORCILLA PALADINI CLASICAS;CARNICERIA
00817;MORCILLA PALADINI PARRILLERA;CARNICERIA
00309;MORCILLA PALADINI VASCA;CARNICERIA
00069;MORCILLON LARIO C/LENGUA;FIAMBRERIA
00958;MORRON AMARILLO;VERDULERIA
02474;MORRON BAHIA 210G;ALMACEN
25677;MORRON BAHIA 220G;ALMACEN
00706;MORRON CALAHORRA EL KG.;VERDULERIA
00800;MORRON COLOR;VERDULERIA
25813;MORRON CUMANA 185G;ALMACEN
26171;MORRON CUMANA 185G;ALMACEN
18219;MORRON DESHID.KNORR 75G;ALMACEN
00719;MORRON OFERTA X KG;VERDULERIA
00769;MORRON ROJO  EL KG.;VERDULERIA
23783;MORRON SPAT 780GR ;ALMACEN
00771;MORRON VERDE EL KG.;VERDULERIA
26139;MORRONES BAHIA 185G LATA;ALMACEN
28041;MORRONES COLINA 750G ENTEROS;ALMACEN
14035;MORRONES DIDIER 180G PELADOS;ALMACEN
26752;MORRONES GALLARDO 160G FRASCO ;ALMACEN
23290;MORRONES GALLARDO 500G LATA ;ALMACEN
25590;MORRONES SALVITA 185G LATA;ALMACEN
00286;MORTADELA BOL.LA COSONA CAÑON EL KG ;FIAMBRERIA
00842;MORTADELA C/PIST.DELICATO 214;FIAMBRERIA
00386;MORTADELA CALCHAQUI BOCHA;FIAMBRERIA
01058;MORTADELA CASONA BOLOGNA;FIAMBRERIA
26859;MORTADELA LARIO CENT. 100G;FIAMBRERIA
04830;MORTADELA PALADINI FAM.300G;FIAMBRERIA
04827;MORTADELA PALADINI FAM.500G;FIAMBRERIA
04553;MOSCATO CROTTA 930CC;ALMACEN
19928;MOST.SAVORA 250G ORIGINAL TIPS D.P.;ALMACEN
20878;MOSTAZA ARYTZA 360G AHUMADA ;ALMACEN
20879;MOSTAZA ARYTZA 360G ALEMANA ;ALMACEN
25106;MOSTAZA ARYTZA 360G CLÁSICA;ALMACEN
18727;MOSTAZA ARYTZA 360G DIJON;ALMACEN
17121;MOSTAZA ARYTZA 360G MIEL;ALMACEN
01690;MOSTAZA BENIDORM 500CC;ALMACEN
25873;MOSTAZA LIVIAN 250G ORIGINAL;ALMACEN
17787;MOSTAZA MENOYO 250G S/T;ALMACEN
11357;MOSTAZA NATURA 250G SACHET;ALMACEN
11541;MOSTAZA NATURA 500G SACHET;ALMACEN
18743;MOSTAZA PARMESANA 300G CON MIEL ;ALMACEN
25431;MOUSSE CAPILAR ROBY 190ML;ALMACEN
25563;MOUSSE EXQUISITA 95G CHOCOLATE;ALMACEN
10062;MOUSSE FRAMS 30G LIGHT LIMON;ALMACEN
11824;MOUSSE ROYAL 65G CHOCOLATE;ALMACEN
20258;MOZZALMENDRA FLAS VACAS 250G ;FIAMBRERIA
21659;MOZZARELLA NOT CHEESE 250G ;FIAMBRERIA
02220;MOZZARELLA PAULINA EL KG;FIAMBRERIA
00460;MUFFINS FRANKY UNIDAD;PANADERIA
25487;MULTIFRUTA FIESTITA 1L S/ALCOHOL;ALMACEN
23828;MULTIFRUTA FRUTITA 1LT FROZEN S/A;ALMACEN
26719;NACHOS ANTOJITOS 85G BACON;ALMACEN
25891;NACHOS ANTOJITOS 85G CHEDDAR MELT;ALMACEN
26718;NACHOS ANTOJITOS 85G CHEESE BURGER;ALMACEN
24863;NACHOS ANTOJITOS 85G ORIGINAL;ALMACEN
25502;NACHOS ANTOJITOS 85G PICANTE FUEGO ;ALMACEN
25503;NACHOS ANTOJITOS 95G PICANTE FUERTE ;ALMACEN
24861;NACHOS MAIXANAS 95G GUACAMOLE;ALMACEN
24862;NACHOS MAIXANAS 95G HUMMUS;ALMACEN
27712;NACHOS QUENTO 40G QUESO;ALMACEN
24132;NACHOS QUENTO 80G PICANTE ;ALMACEN
26295;NACHOS QUENTO 82G GUACAMOLE;ALMACEN
26634;NACHOS QUENTO 82G QUESO;ALMACEN
18518;NACHOS QUENTO 90G CON SAL ;ALMACEN
24877;NACHOS QUENTO 90G GUACAMOLE;ALMACEN
18058;NACHOS QUENTO 90G MANTECA ;ALMACEN
18056;NACHOS QUENTO 90G QUESO;ALMACEN
05396;NAFTALINA IBERIA ANTIPOLILLA 200G;ALMACEN
20994;NAFTALINA KLOVOLIN 200G PERFUMADA;ALMACEN
00772;NARANJA JUGO  EL KG.;VERDULERIA
00940;NARANJA OFERTA;VERDULERIA
23544;NARANJA ORQUIDEA 100G BAÑADO;ALMACEN
00773;NARANJAS OMBLIGO EL KG.;VERDULERIA
26166;NATURITOS GRANIX 90G BANANA;ALMACEN
26168;NATURITOS GRANIX 90G DULCE DE LECHE;ALMACEN
26167;NATURITOS GRANIX 90G FRUTOS ROJOS;ALMACEN
24502;NECESER CHESTER ICE ;ALMACEN
23675;NECESER CIEL CRYSTAL;ALMACEN
23676;NECESER CIEL NOIR;ALMACEN
21360;NECESER COLBERT ACQUA;ALMACEN
21362;NECESER KEVIN BLACK ;ALMACEN
21361;NECESER KEVIN ICE ;ALMACEN
23678;NECESER SENS VERBENA NARANJA;ALMACEN
23552;NECESER WELLINGTON POLO AZUL;ALMACEN
23551;NECESER WELLINGTON POLO ROJO;ALMACEN
24000;NESTUM ARROZ 225G S/AZUCAR ;ALMACEN
15601;NESTUM BANANA 225G ;ALMACEN
23040;NESTUM BANANA 225G S/AZUCAR;ALMACEN
23041;NESTUM MULTICEREAL 225G S/AZUCAR;ALMACEN
23399;NESTUM TRIGO-MIEL 225G S/AZUCAR;ALMACEN
27327;NIEVE NIEVELANDIA 320GR;ALMACEN
03318;NOQUIS SALTENA 300G;ALMACEN
03522;NOQUIS SALTEÑA 900G;ALMACEN
07789;NOQUIS SUPERIORA 480G PAPA;ALMACEN
00037;NOQUIS VEC. NUNZIATO AL HUEVO;ALMACEN
25055;NOTA ADHESIVA DELI ESC.FRUTAS;ALMACEN
25828;NOTA ADHESIVA EZCO 75X75;ALMACEN
25727;NOTA ADHESIVA MOOVING BANDERITAS;ALMACEN
25728;NOTA ADHESIVA MOOVING MAW MANIA*100;ALMACEN
21660;NOTCO CHEESE CHEDDAR 140G;FIAMBRERIA
19816;NOTCO MAYONESA 325G GARLIC ;ALMACEN
19815;NOTCO MAYONESA 325G OLIVE ;ALMACEN
19817;NOTCO MAYONESA 325G ORIGINAL ;ALMACEN
22846;NOTCO MAYONESA 350G CLASICA C/LIMON;ALMACEN
03103;NUECES B.VIENTOS 150G MARIPOSA;ALMACEN
26302;NUECES CUMANA 120G FRUTOS SECOS;ALMACEN
00103;NUECES ENTERAS EL KG.;VERDULERIA
24893;NUECES MARIPOSA GENNARI 100G;FIAMBRERIA
00991;NUECES PELADAS MARIPOSA SUELTA;VERDULERIA
19772;NUEZ MOSCADA ALICANTE 25G MOL. S/TACC;ALMACEN
01847;NUEZ MOSCADA CALLIERI 25G MOLIDA;ALMACEN
01815;NUEZ MOSCADA CALLIERI GRANO 2U;ALMACEN
24402;NUEZ MOSCADA CAMPAG.23G ;ALMACEN
17556;NUEZ MOSCADA ENTERA S/T 20G ;ALMACEN
26683;NUGGETS GIGANTES GRANGYS 400G POLLO;FIAMBRERIA
04994;NUGGETS POLLOLIN 400G QUESO;FIAMBRERIA
26635;NUGGETS VEGETALEX 300G VEGETAL;FIAMBRERIA
04481;NUTELLA FERRERO 140G;ALMACEN
04501;NUTELLA FERRERO 350G;ALMACEN
09395;ÑACO CALLIERI 500G;ALMACEN
26721;ÑOQUIS SALTEÑA 450G;ALMACEN
24401;OBLEA ARCOR 20G MILK;ALMACEN
14927;OBLEA ARCOR 20G TWIT;ALMACEN
26119;OBLEA ARCOR 40G MILK *4;ALMACEN
01711;OBLEA BON O BON 30G BLANCO;ALMACEN
01396;OBLEA BON O BON 30G LECHE;ALMACEN
01413;OBLEA BON O BON 45G LECHE  XL;ALMACEN
27251;OBLEA COFLER 60G MAAAX AVELLANAS;ALMACEN
15097;OBLEA COFLER BLOCK 45G XL;ALMACEN
10954;OBLEA COFLER CHOCOLINAS 45G XL;ALMACEN
16282;OBLEA COFLER CHOCOLINAS 45G XL;ALMACEN
11867;OBLEA COFLER GRAFFITI 45G BLANCO;ALMACEN
01718;OBLEA COFLER GRAFFITI 45G CHOCOLATE;ALMACEN
26611;OBLEA FANTOCHE 28GR;ALMACEN
25377;OBLEA GALLO 20G CHOCO WHITE ;ALMACEN
002275;OBLEA GALLO ARROZ 20G BLACK;ALMACEN
02275;OBLEA GALLO ARROZ 20G LIMON;ALMACEN
18543;OBLEA GAONA CUBICUB 100G FRUTILLA;ALMACEN
18148;OBLEA GAONA CUBICUB 100G VAINILLA;ALMACEN
18153;OBLEA GAONA SINFONIA 200G CLAS. AGRUPADA;ALMACEN
18544;OBLEA GAONA SINFONIA 50G CLASICA ;ALMACEN
25257;OBLEA GAONA SINFONIA 95G THINS;ALMACEN
03717;OBLEA MILKA BIS 105.6G OREO;ALMACEN
03715;OBLEA MILKA BIS 105.6GS;ALMACEN
25323;OBLEAS BAÑADAS STA.MARIA 90G CHOCOLATE;ALMACEN
19514;OBLEAS BAUDUCCO 140G CHOCOL.;ALMACEN
19512;OBLEAS BAUDUCCO 140G FRESA;ALMACEN
19509;OBLEAS BAUDUCCO 140G VAINILLA;ALMACEN
14672;OBLEAS BAUDUCCO 70G CHOCOLATE;ALMACEN
14671;OBLEAS BAUDUCCO 70G FRUTILLA;ALMACEN
26477;OBLEAS CHOCOLINAS 60G MAAAX;ALMACEN
24950;OBLEAS COFLER 87G CHOCOLATE ;ALMACEN
25145;OBLEAS COFLER 91GR CHOCO CREAMY;ALMACEN
26604;OBLEAS MANTECOL 27G ;ALMACEN
10663;OBLEAS MINI RHODESIA  60G;ALMACEN
10660;OBLEAS RHODESIA 22G;ALMACEN
014001;OBLEAS RHODESIA 22G CHOCOLATE;ALMACEN
10665;OBLEAS RHODESIA 88G;ALMACEN
18775;OBLEAS SANTA MARIA 90G CHOCOLATE;ALMACEN
18928;OBLEAS SANTA MARIA 90G COCO;ALMACEN
16773;OBLEAS SANTA MARIA 90G FRUTILLA;ALMACEN
16772;OBLEAS SANTA MARIA 90G LIMON;ALMACEN
18774;OBLEAS SANTA MARIA 90G VAINILLA;ALMACEN
00838;OFERTAS VARIAS FRANKY;PANADERIA
21128;OJALILLO SIFAP PAPEL BLISTER;ALMACEN
00818;OJO DE BIFE EL KILO;CARNICERIA
19614;OLEO CALC.ESTRELLA 245ML C/MANZANILLA;ALMACEN
15727;OLEO CALC.ESTRELLA 500ML C/MANZANILLA;ALMACEN
26525;OLEO CALCAREO PRIFAMON 500CC;ALMACEN
19615;OLEO LIMP.ESTRELLA 245ML BABY VIT E;ALMACEN
04571;OPORTO CROTTA 750CC;ALMACEN
15722;OREGANO ALICANTE 25G SIN TACC;ALMACEN
16063;OREGANO ALICANTE 50G S/T;ALMACEN
10457;OREGANO CALLIERI 25G;ALMACEN
10458;OREGANO CALLIERI 50G;ALMACEN
12605;OREGANO CAMPAG.48G ;ALMACEN
18199;OREGANO CAMPAGNOLA 23G ;ALMACEN
27416;OREGANO EL PEONCITO 1KG;ALMACEN
21472;OVILLOS SED METAL ACERO 6U;ALMACEN
23763;PAELLA MARBELLA 400GR MARISCOS;FIAMBRERIA
02390;PALA F.S.CON CABO;ALMACEN
4044;PALA RESID.VIRULANA PLEGABLE;ALMACEN
06277;PALA RESIDUOS;ALMACEN
27918;PALA SALZANO C/CABO REBATIBLE;ALMACEN
25547;PALA SALZANO RESIDUOS ECO;ALMACEN
26837;PALA SANREMO P/CAJA ARENA GATO AZUL;ALMACEN
26838;PALA SANREMO P/CAJA ARENA GATO ROSA;ALMACEN
25984;PALETA DE CERDO PALADINI 200G COCIDA FETAS;FIAMBRERIA
00429;PALETA ENVASADA AL VACIO ;FIAMBRERIA
08539;PALETA MATAMOSCAS;ALMACEN
02479;PALETA MATAMOSCAS;ALMACEN
19373;PALETA MATAMOSCAS;ALMACEN
08545;PALETA MATAMOSCAS MANO;ALMACEN
00352;PALETA PALADINI COCIDA;FIAMBRERIA
19898;PALILLERO DESAFIO 50U;ALMACEN
24637;PALILLERO DESAFIO 50U;ALMACEN
4370;PALILLERO IDEAL 100U REUTILIZABLE;ALMACEN
000700;PALILLERO IDEAL 2*50U BOLSA;ALMACEN
03167;PALILLERO IDEAL 50U  BOLSA;ALMACEN
000400;PALILLERO IDEAL 80 UN;ALMACEN
16221;PALITO BOMBON HELADO *6U;FIAMBRERIA
19926;PALITOS BROCHETTE IBERIA 25U;ALMACEN
000814;PALITOS BROCHETTE IDEAL 25U;ALMACEN
14839;PALITOS PARA SUSHI BAMBOO;ALMACEN
26476;PALITOS PARA SUSHI BAMBOO;ALMACEN
14895;PALITOS PEHUAMAR  90G SALADOS;ALMACEN
22054;PALITOS PEHUAMAR 165G QUESO;ALMACEN
22294;PALITOS PEHUAMAR 165G SALADOS;ALMACEN
22244;PALITOS PEHUAMAR 620G QUESO;ALMACEN
22288;PALITOS PEHUAMAR 620G SALADOS;ALMACEN
14622;PALITOS PEP  84G PANCETA;ALMACEN
14650;PALITOS PEP 120G;ALMACEN
18176;PALITOS QUENTO 100G CHEDDAR ;ALMACEN
18174;PALITOS QUENTO 100G PANCETA;ALMACEN
18175;PALITOS QUENTO 100G SALADOS;ALMACEN
25520;PALITOS QUENTO 70G REDES PICANTE;ALMACEN
24514;PALITOS QUENTO 75G REDES PIZZA;ALMACEN
27269;PALITOS QUENTO 85G CHEDDAR;ALMACEN
26126;PALITOS QUENTO 85G CLASICOS;ALMACEN
27267;PALITOS QUENTO 85G PANCETA;ALMACEN
27268;PALITOS QUENTO 85G QUESO;ALMACEN
2912;PALMERAS HOJALMAR 150G;ALMACEN
18144;PALMERITA GAONA 200G;ALMACEN
00827;PALMERITAS FRANKY  KG.;PANADERIA
00965;PALMERITAS FRANKY OFERTA;PANADERIA
05637;PALMETA MATA MOSCA;ALMACEN
16512;PALMITOS ACAPULCO 800G TROZOS CHICOS;ALMACEN
07878;PALMITOS BAHIA 400G LATA;ALMACEN
2359;PALMITOS CUMANA 400G LATA ENTEROS;ALMACEN
27398;PALMITOS EMETH 400G ENTEROS;ALMACEN
27399;PALMITOS EMETH 400G RODAJAS;ALMACEN
27395;PALMITOS FRUTAS DE ORO 400G RODAJAS;ALMACEN
24010;PALMITOS OKEY 400G;ALMACEN
24139;PALMITOS OKEY 400G TROZOS ;ALMACEN
00888;PALTA HASS OFERTA;VERDULERIA
00361;PALTA HASS X KG;VERDULERIA
09650;PAN ARTESANO 500G;ALMACEN
25608;PAN ARTESANO 500G;ALMACEN
20617;PAN ARTESANO BIMBO 240G BRIOCHE ;ALMACEN
09655;PAN ARTESANO HAMBURGUESA;ALMACEN
20901;PAN ARTESANO HAMBURGUESA;ALMACEN
10095;PAN ARTESANO PANCHO 240G;ALMACEN
00319;PAN AYUYAS FRANKY;PANADERIA
24802;PAN BAUDUCCO 390G INTEGRAL MASA MADRE  ;ALMACEN
24801;PAN BAUDUCCO 390GR BLANCO MASA MADRE  ;ALMACEN
27258;PAN BAUDUCCO 390GR MULTIGRANOS MASA MADRE ;ALMACEN
23565;PAN BAUDUCCO 400G BLANCO;ALMACEN
23566;PAN BAUDUCCO 400G INTEGRAL;ALMACEN
20551;PAN BIMBO 240G ARTESANO PANCHO;ALMACEN
24924;PAN BIMBO 380G LINO;ALMACEN
21657;PAN BIMBO 400G BLANCO ;ALMACEN
25569;PAN BIMBO 400G BLANCO ;ALMACEN
18634;PAN BIMBO 400G INTEGRAL ;ALMACEN
27368;PAN BIMBO 580G BLANCO;ALMACEN
25568;PAN BIMBO 610G BLANCO;ALMACEN
19375;PAN BIMBO ARTESANO 500G INTEGRAL ;ALMACEN
4258;PAN BIMBO BLANCO 550G;ALMACEN
04134;PAN BIMBO HAMBUR.210G SESAMO;ALMACEN
05417;PAN BIMBO LIVIANO 400G;ALMACEN
20790;PAN BIMBO PANCHO 210G ;ALMACEN
04157;PAN BIMBO PANCHO 210G LACTEADO;ALMACEN
18504;PAN BLANCO SCHAR 200G TRADICIONAL ;ALMACEN
15757;PAN BLANCO SIGLO XXI *57;ALMACEN
01178;PAN BRIOCHE FRANKY;PANADERIA
00825;PAN CASERITO FRANKY X KG;PANADERIA
00837;PAN CASERITO OFERTA;PANADERIA
00742;PAN CASERO FRANKY X KG;PANADERIA
00321;PAN COPIHUES FRANKY;PANADERIA
00415;PAN DE CAMPO FRANKY X KG;PANADERIA
18947;PAN DE MESA DON YEYO 350G;ALMACEN
18943;PAN DE MESA DON YEYO 570G ;ALMACEN
06382;PAN DE MIGA SIGLO XXI 10 FETAS;ALMACEN
21423;PAN DE PAPA LA FRANCIA 560G;ALMACEN
14115;PAN DI LORENZO MIGA 550G;ALMACEN
11202;PAN DON YEYO S.PANCHO 360G;ALMACEN
13926;PAN DULCE ARCOR 400G  MADRILEÑO;ALMACEN
19029;PAN DULCE ARCOR 400G ALMENDRAS;ALMACEN
13816;PAN DULCE ARCOR 400G C/FRUTA;ALMACEN
13822;PAN DULCE ARCOR 400G VENECIANO;ALMACEN
24891;PAN DULCE ARCOR 600G C/FTA;ALMACEN
07646;PAN DULCE BAGLEY 400G C/FRUTA;ALMACEN
27181;PAN DULCE BAGLEY 400G FRU.SECOS;ALMACEN
27182;PAN DULCE COFLER 450G D.DE LECHE;ALMACEN
07823;PAN DULCE DIMAX 450 CHIPS;ALMACEN
07831;PAN DULCE DIMAX 450G NUECES AL;ALMACEN
07668;PAN DULCE DON SATUR 400G C/FRUTA;ALMACEN
16550;PAN DULCE DON SATUR 400G CHIPS CHOCOL.;ALMACEN
16178;PAN DULCE DON SATUR 400G S/FRUTA;ALMACEN
16325;PAN DULCE FANTOCHE 400G C/FRUTAS;ALMACEN
16326;PAN DULCE FANTOCHE 400G C/PEPAS CHOCOL.;ALMACEN
02068;PAN DULCE FANTOCHE 400G MARMOLADO;ALMACEN
07879;PAN DULCE FANTOCHE 400G SIN FRUTA;ALMACEN
26892;PAN DULCE FANTOCHE 500G C/FRUTAS;ALMACEN
16327;PAN DULCE FANTOCHE 600G PANETTONE ;ALMACEN
27339;PAN DULCE FLV 500G PISTACHOS;ALMACEN
22268;PAN DULCE FRANCE 400G C/CHIPS ;ALMACEN
22610;PAN DULCE FRANCE 400GR FRUTAS;ALMACEN
00524;PAN DULCE FRANKY C/FTOS.SECOS X UNIDAD;PANADERIA
00523;PAN DULCE FRANKY CHIPS X UNIDAD;PANADERIA
01161;PAN DULCE FRANKY FRUTAS X KILO;PANADERIA
00890;PAN DULCE FRANKY FRUTAS X UNID.;PANADERIA
18976;PAN DULCE MARCOLLA 500G C/CHIPS;ALMACEN
08605;PAN DULCE MARCOLLA 500G C/FRUTA;ALMACEN
18977;PAN DULCE MUSEL 500G C/CHIPS VENECIANO;ALMACEN
18974;PAN DULCE MUSEL 500G C/FRUTAS;ALMACEN
19102;PAN DULCE MUSEL 500G S/FRUTAS;ALMACEN
18973;PAN DULCE MUSEL 90G C/CHIPS;ALMACEN
18972;PAN DULCE MUSEL 90G C/FRUTAS;ALMACEN
00504;PAN DULCE S/FRUTA FRANKY;PANADERIA
16362;PAN DULCE SMAMS 500G CON CHIPS S/T;ALMACEN
16363;PAN DULCE SMAMS 500G CON FRUTA S/T;ALMACEN
27208;PAN DULCE VALENCIANO 400G C/CHIPS;ALMACEN
27207;PAN DULCE VALENCIANO 400G C/FRUTAS;ALMACEN
20747;PAN FARGO 350G INTEGRAL ;ALMACEN
25893;PAN FARGO 400G INTEGRAL;ALMACEN
20139;PAN FARGO 400G MIX CEREAL ;ALMACEN
20746;PAN FARGO 400G MIX CEREAL ;ALMACEN
25892;PAN FARGO 600G SALVADO;ALMACEN
27373;PAN FARGO 600G SALVADO;ALMACEN
21843;PAN FARGO HAMB.210G S/SESAMO;ALMACEN
20745;PAN FARGO HAMBUR.210G C/SESAMO;ALMACEN
03456;PAN FARGO HAMBUR.210G SESAMO;ALMACEN
03669;PAN FARGO PANCHO 210G;ALMACEN
20669;PAN FARGO PANCHO 210G ;ALMACEN
20657;PAN FARGO SALVADO 600G ;ALMACEN
00745;PAN FRANKY CON ANIS X KG;PANADERIA
00413;PAN FRANKY CON SEMILLAS X KG;PANADERIA
00810;PAN FRANKY SANDWICH X 2 UNIDAD;PANADERIA
00836;PAN FRANKY SANDWICH X 4 UNIDAD;PANADERIA
26893;PAN HAMB.DON YEYO 280G C/SESAMO 4U;ALMACEN
18565;PAN HAMB.PAPA BIMBO 240G ARTESANO ;ALMACEN
25291;PAN HAMBURGUESA 60G FRANKS;ALMACEN
18797;PAN HAMBURGUESA DON YEYO C/SESAMO;ALMACEN
18866;PAN HAMBURGUESAS DIMAX 130G;ALMACEN
25772;PAN INTEGRAL BIMBO 420G;ALMACEN
16420;PAN INTEGRAL DIMAX 490G C/CHIA/SESAMO;ALMACEN
18794;PAN INTEGRAL DON YEYO 400G C/SEMILLA;ALMACEN
24927;PAN INTEGRAL DON YEYO 500G;ALMACEN
18700;PAN LA FRANCIA DOBLE INTEGRAL;ALMACEN
18105;PAN LA FRANCIA DOBLE SALVADO ;ALMACEN
18106;PAN LA FRANCIA MULTICEREAL ;ALMACEN
18104;PAN LA FRANCIA RUSTICO SIN SAL ;ALMACEN
24732;PAN LA FRANCIA TRES HARINA 560G INTEG.;ALMACEN
1809;PAN LACTAL 210G HAMBUR.;PANADERIA
20695;PAN LACTAL 210G HAMBUR.;PANADERIA
1674;PAN LACTAL 210G PANCHO;PANADERIA
20696;PAN LACTAL 210G PANCHO;PANADERIA
19422;PAN LACTAL 315G;PANADERIA
19439;PAN LACTAL 330G SALVADO;PANADERIA
20697;PAN LACTAL 330G SALVADO;PANADERIA
17855;PAN LACTAL 350G C/SALVADO ;PANADERIA
18040;PAN LACTAL 460G MESA;PANADERIA
20698;PAN LACTAL 560G SALVADO ;PANADERIA
16993;PAN LACTAL DIMAX 490G REBANADO S/TACC;ALMACEN
25292;PAN LACTAL DIMAX 490G REBANADO SIN TACC;ALMACEN
20244;PAN LACTAL FRANK 300G SARRACENO S/T;ALMACEN
20243;PAN LACTAL FRANK 500G REBANADO S/T;ALMACEN
18942;PAN LACTEADO DON YEYO 360G ;ALMACEN
18795;PAN LACTEADO DON YEYO 600G ;ALMACEN
01056;PAN MAIZ FRANKY KG;PANADERIA
07039;PAN MIGNON FRANKY;PANADERIA
18697;PAN MOLDE DIMAX 490G S/R;ALMACEN
01200;PAN MOLDE LACTAL;PANADERIA
01196;PAN MOLDE MIX SEMILLAS;PANADERIA
01206;PAN MOLDE SALVADO;PANADERIA
21693;PAN NEWEN 500G C/SALVADO;ALMACEN
21694;PAN NEWEN 500G LACTEADO ;ALMACEN
21774;PAN NEWEN 500G MULTICEREAL ;ALMACEN
23466;PAN NEWEN 500G RUSTICO;ALMACEN
04545;PAN NEWEN MIGA 400G;ALMACEN
09663;PAN OROWEAT 600G CEREAL;ALMACEN
27540;PAN OROWEAT 600G HOGAZA BLANCA;ALMACEN
27361;PAN OROWEAT 600G MULTIGRANO;ALMACEN
05104;PAN OROWEAT 600G SEMILLA;ALMACEN
27386;PAN OROWEAT 600G SEMILLA MASA MADRE;ALMACEN
22163;PAN PANCHO PAPA BIMBO 240G;ALMACEN
00430;PAN PARA HAMBURGUESA  X 4 UN;PANADERIA
00927;PAN PARA PANCHO FRANKY ;PANADERIA
10684;PAN RALLADO DIMAX 250G S/TACC;ALMACEN
13041;PAN RALLADO DIMAX 500G S/T;ALMACEN
00278;PAN RALLADO FRANKY X 1KG;PANADERIA
005059;PAN RALLADO LUCCHETTI 500G;ALMACEN
05406;PAN RALLADO MAMA COCINA  500G;ALMACEN
05404;PAN RALLADO MAMA COCINA 1KG;ALMACEN
23165;PAN RALLADO PREFERIDO 500G;ALMACEN
27292;PAN RALLADO PREFERIDO 500G 10% GRATIS;ALMACEN
06510;PAN RALLADO PREFERIDO 500G AJO/PEREJIL;ALMACEN
23297;PAN RALLADO PREFERIDO 500G AJO/PEREJIL;ALMACEN
23166;PAN RALLADO PREFERIDO 500G HORNO;ALMACEN
25465;PAN RALLADO SMAMS 350G;ALMACEN
00920;PAN ROSETAS FRANKY;PANADERIA
18503;PAN RUSTICO SCHAR 200G MULTIGRANO;ALMACEN
2546;PAN SALVADO 600G LACTAL;ALMACEN
18793;PAN SALVADO DON YEYO 350G;ALMACEN
18796;PAN SALVADO DON YEYO 600G;ALMACEN
27442;PAN SALVADO FARGO 390G;ALMACEN
00824;PAN SALVADO FRANKY X KG;PANADERIA
00967;PAN SALVADO OFERTA X KG;PANADERIA
18505;PAN SCHAR 100G FRANCES ;ALMACEN
23625;PAN SCHAR 130G HAMBUGUESA;ALMACEN
22844;PAN SCHAR 200G MANZANA/CANELA ;ALMACEN
22845;PAN SCHAR 200G QUINOA/LINAZA ;ALMACEN
23025;PANAL PAMPERS 10U MED BABYSAN HIPOALARGENICOS;ALMACEN
22827;PANAL PAMPERS 30U XXG BABYSAN HIPOALARGENICOS;ALMACEN
22826;PANAL PAMPERS 32U XG BABYSAN HIPOALARGENICOS;ALMACEN
22825;PANAL PAMPERS 40U G BABYSAN HIPOALARGENICOS;ALMACEN
23024;PANAL PAMPERS 8U XG BABYSAN HIPOALARGENICOS;ALMACEN
25639;PANAL PAMPERS 8U XXG BABYSAN HIPOALARGENICOS;ALMACEN
23026;PANAL PAMPERS 9U GDE BABYSAN HIPOALARGENICOS;ALMACEN
22801;PANAL PAMPERS BABYSAN PACK 54U XXG;ALMACEN
22800;PANAL PAMPERS BABYSAN PACK 58U XG;ALMACEN
22799;PANAL PAMPERS BABYSAN PACK 72U GD;ALMACEN
00855;PANCETA 214 RIOSMA AHUMADA;FIAMBRERIA
00088;PANCETA 214 RIOSMA SALADA;FIAMBRERIA
00038;PANCETA 214 TIERNIZADA;FIAMBRERIA
00252;PANCETA AHUMADA LA CASONA EL KG;FIAMBRERIA
01096;PANCETA CALCHAQUI AHUMADA;FIAMBRERIA
01101;PANCETA CALCHAQUI SALADA;FIAMBRERIA
00953;PANCETA PALADINI AHUMADA;FIAMBRERIA
00087;PANCETA PALADINI SALADA;FIAMBRERIA
00253;PANCETA SALADA LA CASONA EL KG;FIAMBRERIA
07560;PANETTONE BAUDUCCO 400G C/CHOCOLATE;ALMACEN
07564;PANETTONE BAUDUCCO 400G C/FRUTA;ALMACEN
25283;PANETTONE BAUDUCCO 80G CHOCOLATE;ALMACEN
25282;PANETTONE BAUDUCCO 80G FRUTAS;ALMACEN
27189;PANETTONE FANTOCHE 600G ALM/NUECES/CAJU;ALMACEN
00676;PANETTONE FRANKY UNIDAD;PANADERIA
18975;PANETTONE MUSEL 700G C/ALMENDRAS;ALMACEN
25259;PANKO 1KG REBOZADOR;ALMACEN
15070;PANKO TASSYA 200G REBOZADOR;ALMACEN
05952;PANO DELFINA 35*35 MICROFIBRA;ALMACEN
13260;PANO DELFINA 3U40*40 AMARILLO;ALMACEN
27741;PANO DELFINA 50*60 MICROFIBRA PISO;ALMACEN
26900;PANOS ALG.ESTRELLA 40U;ALMACEN
11167;PANOS ALGODON ESTRELLA 40U BAB;ALMACEN
23011;PANUELO ELEGANTE 6*10U TRIPLE HOJA;ALMACEN
08028;PANUELO FELPITA CAJA 75U;ALMACEN
07990;PANUELO FELPITA PACK 6*10U;ALMACEN
00866;PANZOTTIS VEC.NUNZIATO;ALMACEN
14645;PAÑAL DUFFY 17U XXG;ALMACEN
14613;PAÑAL DUFFY 18UN XG;ALMACEN
14612;PAÑAL DUFFY 20U GRANDE;ALMACEN
14611;PAÑAL DUFFY 24U MEDIANO;ALMACEN
21669;PAÑAL DUFFY 24U PEQUE;ALMACEN
26521;PAÑAL DUFFY 26UN XXG;ALMACEN
26520;PAÑAL DUFFY 28UN XG;ALMACEN
26519;PAÑAL DUFFY 32UN G;ALMACEN
26518;PAÑAL DUFFY 36UN M;ALMACEN
26517;PAÑAL DUFFY 40UN P;ALMACEN
26523;PAÑAL DUFFY 42UN XXG;ALMACEN
26522;PAÑAL DUFFY 44UN XG;ALMACEN
24481;PAÑAL HUGGIES 50U XXG TRIPLE PROTECT AM ;ALMACEN
24482;PAÑAL HUGGIES AM CLASSIC 32U XG;ALMACEN
25034;PAÑAL HUGGIES G 40U CLASSIC;ALMACEN
25392;PAÑAL HUGGIES G 60U CLASSIC;ALMACEN
25925;PAÑAL HUGGIES G 8U CLASSIC;ALMACEN
26417;PAÑAL HUGGIES M 44U CLASSIC;ALMACEN
25032;PAÑAL HUGGIES M 48U CLASSIC;ALMACEN
25393;PAÑAL HUGGIES M 68U CLASSIC;ALMACEN
25924;PAÑAL HUGGIES M 8U CLASSIC;ALMACEN
28051;PAÑAL HUGGIES P 30U CLASSIC MEGA ;ALMACEN
26418;PAÑAL HUGGIES XG 30U CLASSIC;ALMACEN
24622;PAÑAL HUGGIES XG 52U ULT.CONF.;ALMACEN
26805;PAÑAL HUGGIES XG 56U CLASSIC;ALMACEN
25922;PAÑAL HUGGIES XG 8U CLASSIC;ALMACEN
25033;PAÑAL HUGGIES XXG 30U CLASSIC;ALMACEN
26419;PAÑAL HUGGIES XXG 30U CLASSIC;ALMACEN
26806;PAÑAL HUGGIES XXG 54U CLASSIC;ALMACEN
25923;PAÑAL HUGGIES XXG 8U CLASSIC;ALMACEN
26220;PAÑAL TENA PANTS 16U CLASICO L;ALMACEN
26219;PAÑAL TENA PANTS 16U CLASICO M;ALMACEN
24277;PAÑAL TENA PANTS 8U CLASICO L;ALMACEN
26221;PAÑAL TENA PANTS 8U CLASICO M;ALMACEN
24279;PAÑAL TENA PANTS 8U ULTRA L;ALMACEN
20527;PAÑAL TENA PANTS CLAS.L 8U;ALMACEN
21509;PAÑAL TENA PANTS CLASICO LARGO 16U ;ALMACEN
21508;PAÑAL TENA PANTS CLASICO MED. 16U ;ALMACEN
21507;PAÑAL TENA PANTS CLASICO MED. 8U ;ALMACEN
20526;PAÑAL TENA PANTS ULT. L 8U;ALMACEN
20528;PAÑAL TENA PANTS ULT.MED. 8U ;ALMACEN
24278;PAÑAL TENA PLANTS 8U ULTRA M;ALMACEN
21513;PAÑAL TENA SLIP ULTRA LARGO 21U;ALMACEN
21511;PAÑAL TENA SLIP ULTRA LARGO 9U;ALMACEN
21510;PAÑAL TENA SLIP ULTRA MED. 9U;ALMACEN
25253;PAÑO COSTERO MULTIUSO VS COLORES;ALMACEN
24905;PAÑO DE PISO SUIZA RAYADO  50X38;ALMACEN
16039;PAÑO DELFINA 3U MULTIUSO;ALMACEN
27750;PAÑO DELFINA 3U MULTIUSO;ALMACEN
17625;PAÑO LAVACOCHE DELFINA NEGRO;ALMACEN
27751;PAÑO PLASSER MULTIUSO;ALMACEN
24853;PAÑO SED METAL ANTI-BACTERIAL;ALMACEN
24847;PAÑO SED METAL MULTIUSO;ALMACEN
27924;PAÑO SED METAL MULTIUSO 28*28CM ;ALMACEN
24848;PAÑO SED METAL PISO ABSORBENTE;ALMACEN
17953;PAÑO VIRULANA AMARILLO ;ALMACEN
17951;PAÑO VIRULANA TWIST;ALMACEN
21505;PAÑO VIRULANA TWIST 3 UN;ALMACEN
18515;PAÑUELO ELEGANTE 100U COMPAC. TRIPLE H;ALMACEN
18516;PAÑUELO ELEGANTE 100UN REGULAR;ALMACEN
09440;PAÑUELO ELEGANTE 150U DOBLE HOJA;ALMACEN
18798;PAÑUELO ELITE PACK 6UN;ALMACEN
24525;PAÑUELO ELITE PACK 6UN;ALMACEN
24549;PAÑUELOS ELEGANTE 6*10U D/H ;ALMACEN
22036;PAÑUELOS ELITE DH 75U BOX PROF;ALMACEN
00085;PAPA BLANCA BOLSITA  OFERTA;VERDULERIA
001071;PAPA BLANCA EN BOLSA;VERDULERIA
00775;PAPA BLANCA FRACCIONADA;VERDULERIA
00055;PAPA BLANCA SUELTA;VERDULERIA
00811;PAPA ROJA EL KG;VERDULERIA
25357;PAPAS EN CUBOS INALPA 300G ;ALMACEN
19598;PAPAS FRITAS SIMPLOT 700G;ALMACEN
21973;PAPAS LAYS 122G JAMON SERRANO;ALMACEN
23250;PAPAS LAYS 134G CLASICAS ;ALMACEN
25350;PAPAS LAYS 20G CLASICAS ;ALMACEN
24620;PAPAS LAYS 230G CLASICAS ;ALMACEN
13405;PAPAS LAYS 249G CLASICAS;ALMACEN
21832;PAPAS LAYS 30G FLAMIN HOT ;ALMACEN
22245;PAPAS LAYS 330G CLASICAS;ALMACEN
27025;PAPAS LAYS 34G BARBACOA;ALMACEN
21960;PAPAS LAYS 34G JAMON SERRANO;ALMACEN
25352;PAPAS LAYS 34G MOSTAZA ;ALMACEN
27026;PAPAS LAYS 34G PANCETA;ALMACEN
25351;PAPAS LAYS 34G PROVOLETA;ALMACEN
21959;PAPAS LAYS 34G Q.CREMA/CEBOLLA;ALMACEN
26199;PAPAS LAYS 380G CLASICAS;ALMACEN
21958;PAPAS LAYS 40G CLASICAS ;ALMACEN
21945;PAPAS LAYS 70G FLAMIN HOT ;ALMACEN
27943;PAPAS LAYS 77G ASADO ;ALMACEN
26422;PAPAS LAYS 77G BARBACOA;ALMACEN
22140;PAPAS LAYS 77G JAMON SERRANO;ALMACEN
22755;PAPAS LAYS 77G KETCHUP ;ALMACEN
24434;PAPAS LAYS 77G MOSTAZA&MIEL ;ALMACEN
26423;PAPAS LAYS 77G PANCETA;ALMACEN
24433;PAPAS LAYS 77G PROVOLETA ;ALMACEN
23138;PAPAS LAYS 77G QUESO CREMA/CEBOLLA;ALMACEN
22975;PAPAS LAYS 85G CLASICAS ;ALMACEN
15795;PAPAS LAYS 85G KETCHUP;ALMACEN
19100;PAPAS LAYS CLASICAS 20G;ALMACEN
23262;PAPAS MC CAIN 600G NOISETTE;ALMACEN
03839;PAPAS MC CAIN 700G CLASICAS;ALMACEN
24582;PAPAS MC CAIN 700G SMILES ;ALMACEN
22620;PAPAS MCCAIN HORNEABLE 700GR;ALMACEN
22660;PAPAS PEHUAMAR 135G ACANALADAS;ALMACEN
22141;PAPAS PEHUAMAR 135G LISA ;ALMACEN
16378;PAPAS PEHUAMAR 140G ACANALADAS;ALMACEN
15201;PAPAS PEHUAMAR 230G ACANALADAS;ALMACEN
22142;PAPAS PEHUAMAR 230G LISA ;ALMACEN
14467;PAPAS PEHUAMAR 245G ACANALADAS;ALMACEN
26308;PAPAS PEHUAMAR 450G ACANALADAS ;ALMACEN
26415;PAPAS PEHUAMAR 450G LISA;ALMACEN
22976;PAPAS PEHUAMAR 485G ACANALADAS ;ALMACEN
23247;PAPAS PEHUAMAR 485G LISA ;ALMACEN
13590;PAPAS PEHUAMAR 520G ACANALADAS;ALMACEN
13592;PAPAS PEHUAMAR 520G LISA;ALMACEN
23785;PAPAS PEHUAMAR 75G;ALMACEN
13591;PAPAS PEHUAMAR 80G ACANALADAS;ALMACEN
26339;PAPAS PEHUAMAR 80G CHIMICHURRI;ALMACEN
26338;PAPAS PEHUAMAR 80G MATAMBRITO A LA PIZZA;ALMACEN
26949;PAPAS PEHUAMAR 90G;ALMACEN
26789;PAPAS PEHUAMAR 90G ACANALADAS ;ALMACEN
27090;PAPAS PRINGLES 100G STRANGER THINGS BLACK CHIPS;ALMACEN
27089;PAPAS PRINGLES 100G STRANGER THINGS RED CHIPS;ALMACEN
22336;PAPAS PRINGLES 104G ORIGINAL;ALMACEN
25669;PAPAS PRINGLES 105G CHEDDAR Y BACON;ALMACEN
26781;PAPAS PRINGLES 105G CHEDDAR Y BACON;ALMACEN
23436;PAPAS PRINGLES 109G BIFE CHORIZO;ALMACEN
22334;PAPAS PRINGLES 109G CREMA CEBOLLA;ALMACEN
22335;PAPAS PRINGLES 109G QUESO;ALMACEN
25556;PAPAS PRINGLES 109G QUESO;ALMACEN
25540;PAPAS PRINGLES 37G ORIGINAL;ALMACEN
25541;PAPAS PRINGLES 39G CREMA Y CEBOLLA;ALMACEN
18057;PAPAS QUENTO  90G ASADO CRIOLLO;ALMACEN
18062;PAPAS QUENTO  90G LIMON;ALMACEN
18213;PAPAS QUENTO  90G MOSTAZA ;ALMACEN
18060;PAPAS QUENTO  90G SALAME;ALMACEN
18050;PAPAS QUENTO 100G CLASICAS ;ALMACEN
18051;PAPAS QUENTO 100G ONDULADAS ;ALMACEN
18285;PAPAS QUENTO 110G PAY ;ALMACEN
27454;PAPAS QUENTO 145G JAMON SERRANO;ALMACEN
27692;PAPAS QUENTO 145G KETCHUP;ALMACEN
27266;PAPAS QUENTO 160G CLASICAS;ALMACEN
18049;PAPAS QUENTO 162G JAMON SERRANO;ALMACEN
18047;PAPAS QUENTO 180G CLASICAS ;ALMACEN
18048;PAPAS QUENTO 180G ONDULADAS;ALMACEN
23273;PAPAS QUENTO 475G CLASICAS ;ALMACEN
23274;PAPAS QUENTO 475G ONDULADAS;ALMACEN
27962;PAPAS QUENTO 475G PAY ;ALMACEN
27846;PAPAS QUENTO 50G CLASICAS;ALMACEN
24131;PAPAS QUENTO 70G PICANTE;ALMACEN
26127;PAPAS QUENTO 82G ASADO CRIOLLO;ALMACEN
26389;PAPAS QUENTO 82G BBQ;ALMACEN
26297;PAPAS QUENTO 82G CHEDDAR;ALMACEN
18061;PAPAS QUENTO 82G CREMA/CIBOUL.;ALMACEN
26000;PAPAS QUENTO 82G JAMON SERRANO;ALMACEN
26388;PAPAS QUENTO 82G KETCHUP;ALMACEN
26125;PAPAS QUENTO 82G LIMON;ALMACEN
26296;PAPAS QUENTO 82G MOSTAZA;ALMACEN
26633;PAPAS QUENTO 82G SALAME;ALMACEN
20930;PAPAS QUENTO 90G BBQ;ALMACEN
18054;PAPAS QUENTO 90G CHEDDAR ;ALMACEN
18053;PAPAS QUENTO 90G JAMON SERRANO ;ALMACEN
18055;PAPAS QUENTO 90G KETCHUP ;ALMACEN
26294;PAPAS QUENTO 92G CLASICAS;ALMACEN
26071;PAPAS QUENTO 92G ONDULADAS;ALMACEN
27389;PAPAS QUENTO 92G SIN SAL;ALMACEN
27363;PAPAS SALADIX 72G CHEDDAR;ALMACEN
27362;PAPAS SALADIX 72G CREMA Y CEBOLLA;ALMACEN
27364;PAPAS SALADIX 80G ORIGINAL;ALMACEN
27097;PAPAS SCHAR 170G CURVIES BBQ;ALMACEN
27096;PAPAS SCHAR 170G CURVIES ORIGINAL;ALMACEN
27113;PAPAS SIMPLOT 2.5K TRADICIONAL;ALMACEN
24613;PAPAS SIMPLOT 700G E.CRUNCH ;ALMACEN
17389;PAPAS SIMPLOT 700G EXTRA CRUNCH;ALMACEN
07143;PAPAS SIMPLOT RUSTICAS 700G;ALMACEN
26288;PAPEL FOTO GLOSSY *20U;ALMACEN
27615;PAPEL FOTO IBI CRAFT *20U A4;ALMACEN
09131;PAPEL FROZENS MANTECA  5M;ALMACEN
22445;PAPEL GLACE LUMA COMUN X10HJS;ALMACEN
23334;PAPEL HIG.CARTABELLA 4U;ALMACEN
14078;PAPEL HIG.ELEGANTE  4U  80M ALOE;ALMACEN
17578;PAPEL HIG.ELEGANTE  4U 120M BLANCO;ALMACEN
02316;PAPEL HIG.ELEGANTE  4U 30M BLANCO;ALMACEN
02319;PAPEL HIG.ELEGANTE  4U 30M DOBLE HOJA;ALMACEN
2885;PAPEL HIG.ELEGANTE  4U 30M TRIPLE HOJA;ALMACEN
06716;PAPEL HIG.ELEGANTE  4U 80M HS MAX;ALMACEN
06551;PAPEL HIG.ELEGANTE  6U 30M ALOE VERA;ALMACEN
10176;PAPEL HIG.ELEGANTE  6U 30M BLANCO;ALMACEN
03904;PAPEL HIG.ELEGANTE 12U 30M ALOE VERA;ALMACEN
01569;PAPEL HIG.ELEGANTE 24U 30M ALOE VERA;ALMACEN
24548;PAPEL HIG.ELEGANTE 4U 30M DH RINDE MAS;ALMACEN
22037;PAPEL HIG.ELITE 4U 100MTS H/S PLUS;ALMACEN
18266;PAPEL HIG.ELITE 4U 30MTS H/S;ALMACEN
24212;PAPEL HIG.FELPITA 4U 50MTS SH;ALMACEN
14525;PAPEL HIG.FELPITA 4U DH 30MTS;ALMACEN
25190;PAPEL HIG.FELPITA 4U DH 50MTS INFINITY;ALMACEN
14524;PAPEL HIG.FELPITA 4U KIDS;ALMACEN
08685;PAPEL HIG.FELPITA LARGE 4U 80M;ALMACEN
223334;PAPEL HIG.FELPITA LARGE 6U SH 80M;ALMACEN
02360;PAPEL HIG.FELPITA QUALITY 12U;ALMACEN
14526;PAPEL HIG.FELPITA QUALITY 24U SH;ALMACEN
03586;PAPEL HIG.FELPITA QUALITY 4U 30M SH;ALMACEN
06586;PAPEL HIG.FELPITA QUALITY 6U;ALMACEN
24355;PAPEL HIG.HIGIENOL 4U 30M TEXTURADO;ALMACEN
27963;PAPEL HIG.HIGIENOL 4U 50M MAX ;ALMACEN
15551;PAPEL HIG.HIGIENOL 4U DUO 50MT;ALMACEN
27570;PAPEL HIG.HIGIENOL 4U DUO 50MT;ALMACEN
25604;PAPEL TOALLA 300MTS ELITE*2U;ALMACEN
00536;PAPINES EL KG;VERDULERIA
10478;PAPRIKA CALLIERI 90G PICANTE;ALMACEN
03864;PASACERA SALZANO;ALMACEN
19053;PASAS AGUILA DOR 120G C/CHOCOLATE;ALMACEN
11192;PASAS B.VIENTOS 100G CHOCOLATE;ALMACEN
10425;PASAS B.VIENTOS 120G;ALMACEN
07530;PASAS CALLIERI UVA 100G;ALMACEN
20075;PASAS DE UVA COLONIAL 100G BAÑADAS;ALMACEN
25882;PASAS DE UVA FRUIT LIFE 250G MORENAS;ALMACEN
28078;PASAS DE UVA FRUIT LIFE 250G RUBIAS;ALMACEN
05113;PASAS LHERITIER CHOCOLATE 80G;ALMACEN
08210;PASAS UVA GENNARI 150G MOROCHA S/S ;ALMACEN
06575;PASAS UVA GENNARI 150G RUBIA S/S;ALMACEN
20040;PASAS UVA GEORGALOS  80G CHOCOLATE   ;ALMACEN
20046;PASAS UVA GEORGALOS 100G CHOCOLATE   ;ALMACEN
23545;PASAS UVA ORQUIDEA 100G BAÑADS;ALMACEN
00048;PASAS UVA RUBIAS SUELTA;FIAMBRERIA
00024;PASAS UVA SUELTA;FIAMBRERIA
15460;PASCUALINA DIMAX 300G S/T ;ALMACEN
01462;PASCUALINA DON YEYO CRIOLLAS ;ALMACEN
08268;PASCUALINA DON YEYO HOJALDRE;ALMACEN
00869;PASCUALINA FRANKY;PANADERIA
07768;PASCUALINA SALTENA 380G LIBRE;ALMACEN
24703;PASCUALINA SALTEÑA 380G HOJALDRE ;ALMACEN
22856;PASCUALINA SALTEÑA 400G CRIOLLA;ALMACEN
001228;PASCUALINA SALTEÑA 400G HOJALDRE;ALMACEN
07557;PASCUALINA SUPERIORA 350G HOJA;ALMACEN
07424;PASCUALINAS VEC.NUNZIATO;ALMACEN
19891;PASO TOROS 1.5L PET  TONICA S/AZUCAR ;ALMACEN
08815;PASO TOROS 1.5L PET POMELO S/AZUCAR;ALMACEN
09912;PASO TOROS 1.5L PET POMELO S/AZUCAR;ALMACEN
20958;PASO TOROS 269ML LATA ;ALMACEN
05618;PASO TOROS 269ML POMELO LATA;ALMACEN
05634;PASO TOROS 269ML TONICA LATA;ALMACEN
20213;PASO TOROS 6*269ML TONICA LATA;ALMACEN
03881;PASO TOROS PET  500CC POMELO;ALMACEN
01510;PASO TOROS PET 1.5L POMELO;ALMACEN
01634;PASO TOROS PET 1.5L TONICA;ALMACEN
04477;PASO TOROS PET 2.1/4L POMELO;ALMACEN
28037;PASO TOROS PET 2L POMELO ;ALMACEN
26494;PASO TOROS PET 350CC TONICA;ALMACEN
14952;PASO TOROS PET 500CC POM.S/AZUCAR;ALMACEN
19138;PASO TOROS PET.500CC POMELO;ALMACEN
09484;PAST.INOD.BELARON 20G F.CAMPO;ALMACEN
09490;PAST.INOD.BELARON 20G MARINA;ALMACEN
04618;PAST.INOD.GLADE MAN.CAMPO;ALMACEN
26646;PAST.INOD.HARPIC 20G CITRUS C/FUNDA;ALMACEN
07974;PAST.INOD.HARPIC 20G PINO C/FUNDA;ALMACEN
07972;PAST.INOD.HARPIC BELAROM 1UN;ALMACEN
08129;PASTA ACEIT.MERIDIANO 330G NEGRAS ;ALMACEN
14317;PASTA ACEIT.NUCETE 190G AJO NEGRA;ALMACEN
14320;PASTA ACEIT.NUCETE 190G AJO VERDE;ALMACEN
14319;PASTA ACEIT.NUCETE 190G VERDES;ALMACEN
15544;PASTA AJI CALLIERI 180G PICANTE ;ALMACEN
27288;PASTA DE PISTACHO FLV 220G ENDULZADA;ALMACEN
27287;PASTA DE PISTACHO FLV 220G NATURAL;ALMACEN
22657;PASTA DIDIER  90G AJO ;FIAMBRERIA
20548;PASTA DIDIER 160G ACEITUNAS ROQUEFORT;FIAMBRERIA
27103;PASTA FROLA DIMAX 60G BATATA;PANADERIA
27104;PASTA FROLA DIMAX 60G DDL COCO;PANADERIA
27102;PASTA FROLA DIMAX 60G MEMBRILLO;PANADERIA
00279;PASTA FROLA PORCIÓN;PANADERIA
00939;PASTA FROLA TARTA UNID;PANADERIA
15708;PASTA LEGUME 284G POROTO NEGRO;ALMACEN
15707;PASTA LEUME 284G POROTO ROJO;ALMACEN
16541;PASTA MANI ENTRENUTS 380G NATURAL;ALMACEN
16278;PASTA MANI ENTRENUTS 380G STEVIA;ALMACEN
14559;PASTA MANI ENTRENUTS 400G;ALMACEN
14560;PASTA MANI ENTRENUTS 400G S/AZUCAR;ALMACEN
21059;PASTA MANI KING 245G NATURAL;ALMACEN
21058;PASTA MANI KING 350G CRUNCHY;ALMACEN
06417;PASTA MANI KING 485G;ALMACEN
27812;PASTAFROLA REAL N 22 DESMONTABLE;ALMACEN
26606;PASTAFROLA REAL N 22 FIJA;ALMACEN
27813;PASTAFROLA REAL N 24 DESMONTABLE;ALMACEN
27811;PASTAFROLA REAL N 24 FIJA;ALMACEN
01558;PASTAFROLA REAL N 26 DESMONTABLE;ALMACEN
16191;PASTAS LEGUME 284G KALE SPIRULINA;ALMACEN
16190;PASTAS LEGUME 284G QUINOA/CHIA ;ALMACEN
00237;PASTELES FRANKY X 1/2 DOC;PANADERIA
00828;PASTELES FRANKY X DOC;PANADERIA
00431;PASTELES FRANKY X UN OFERTA;PANADERIA
00239;PASTELES FRANKY X UNID;PANADERIA
04871;PASTELITOS LA SUPERIORA;ALMACEN
24921;PASTILLA GLADE 25G LAVANDA;ALMACEN
26059;PASTILLA PATO PURIFIC 25G CITRUS;ALMACEN
25878;PASTILLA PATO PURIFIC 25G LAVANDA;ALMACEN
25877;PASTILLA PATO PURIFIC 25G PINO;ALMACEN
00223;PASTRON EL BIERZO EL KG;FIAMBRERIA
00111;PATA MUSLO X KG;CARNICERIA
04939;PATAGONITAS POLLOLIN 400G;FIAMBRERIA
04908;PATAGONITAS POLLOLIN 400G ESP/;FIAMBRERIA
04911;PATAGONITAS POLLOLIN 400G JAM/;FIAMBRERIA
06884;PATE PALADINI  FOIE 90G;ALMACEN
27413;PATE SWIFT 85G PIMIENTA VERDE;ALMACEN
27563;PATE SWIFT 85G PROVENZAL GOURMET ;ALMACEN
27754;PATE SWIFT 85G SALMON;ALMACEN
000681;PATE SWIFT 90G;ALMACEN
27412;PATE SWIFT 90G CARNE PICANTE;ALMACEN
02990;PATITA POLLO 800G CONGELAD;FIAMBRERIA
26899;PATITAS DE POLLO G. DEL SOL 400G PICANTES;FIAMBRERIA
26790;PATITAS DE POLLO GRANJA DEL SOL 400G ORIGINAL;FIAMBRERIA
00186;PATITAS DE POLLO KILO;FIAMBRERIA
07058;PATITAS GRANJA SOL 1.1K;FIAMBRERIA
08522;PATITAS GRANJA SOL 400G;FIAMBRERIA
08076;PATITAS GRANJA SOL 400G QUE/JA;FIAMBRERIA
25286;PATITAS POLLO GRANJA DEL SOL 1,1K;FIAMBRERIA
25287;PATITAS POLLO GRANJA DEL SOL 400G;FIAMBRERIA
17909;PAVA ALUMINIO N 14 LA PORTEÑA ;ALMACEN
23586;PAVA GENESIS N° 14 AMERICANA CHAROL;ALMACEN
23588;PAVA GENESIS N° 16 CON TALON;ALMACEN
23587;PAVA GENESIS N° 16 ECONOMICA CHAROL;ALMACEN
23803;PAVA REAL N 12 ASA NEGRA ALUMINIO;ALMACEN
27818;PAVA REAL N 14 ASA CELESTE ALUMINIO;ALMACEN
02959;PAVA REAL N 14 ASA NEGRA ALUMINIO;ALMACEN
27819;PAVA REAL N 16 ASA CELESTE ALUMINIO;ALMACEN
05391;PAVA REAL N 16 ASA NEGRA ALUMINIO;ALMACEN
23804;PAVA REAL N 18 ASA NEGRA ALUMINIO;ALMACEN
00559;PAVITA SADIA CONDIMENTADA;FIAMBRERIA
01065;PEBETE FRANKY X KG;PANADERIA
00291;PECETO;CARNICERIA
00672;PECETO ENV. AL VACIO EL KG;CARNICERIA
26918;PECHERA REGULABLE CHICA;ALMACEN
26920;PECHERA REGULABLE GRANDE;ALMACEN
26919;PECHERA REGULABLE MEDIANA;ALMACEN
00547;PECHITO DE CERDO DESHUESADO;CARNICERIA
01103;PECHUGA CAMPO AUSTRAL PAVO;CARNICERIA
00106;PECHUGA CON HUESO;CARNICERIA
01089;PECHUGUITA POLLOLIN 2KG REBO.;FIAMBRERIA
17254;PECHUGUITA POLLOLIN 800G;FIAMBRERIA
04891;PECHUGUITAS POLLOLIN 450G REBO;FIAMBRERIA
08151;PELA AJOS REAL 4 USOS;ALMACEN
27834;PELA PICA AJOS REAL ;ALMACEN
20035;PELADILLA GEORGALOS 120G MANI;ALMACEN
25447;PELAPAPA LOEKEMEYER CUCH.CORTE LASER ;ALMACEN
05455;PELAPAPA LOEKEMEYER METALICO;ALMACEN
05449;PELAPAPA LOEKEMEYER PLASTICO;ALMACEN
25113;PELAPAPA PORTEÑA ;ALMACEN
00776;PELON BLANCO EL KG.;VERDULERIA
00036;PELON OFERTA;VERDULERIA
00777;PELONES EL KG.;VERDULERIA
27017;PELOTA QUILMES;ALMACEN
26911;PELOTA SPORTING;ALMACEN
01225;PEPA DULCE BATATA;ALMACEN
01229;PEPA FRUTOS ROJOS ;ALMACEN
00848;PEPAS FRANKY MEMBRILLO X KG;ALMACEN
08078;PEPINILLOS MARVAVIC 200G BANDEJA;FIAMBRERIA
22658;PEPINILLOS MARVAVIC 330GR FRASCO;FIAMBRERIA
26001;PEPINILLOS MARVAVIC VINAGRE 1,8KG;FIAMBRERIA
24981;PEPINILLOS MARVAVIC VINAGRE 5KG;FIAMBRERIA
00009;PEPINILLOS VINAGRE SUELTOS;FIAMBRERIA
00779;PEPINO EL KG.;FIAMBRERIA
00925;PEPINO OFERTA EL KG;FIAMBRERIA
05491;PEPINOS DIDIER 1.5KG EN CONSERVA;FIAMBRERIA
22659;PEPINOS MARVAVIC 330GR FRASCO AGRID;FIAMBRERIA
07579;PEPINOS MARVAVIC 3KG AGRIDULCES;FIAMBRERIA
00830;PEPINOS SUELTOS;FIAMBRERIA
08994;PEPSI 354CC LATA;ALMACEN
15811;PEPSI 354ML BLACK ;ALMACEN
24832;PEPSI 354ML BLACK LATA ;ALMACEN
25515;PEPSI 354ML LATA;ALMACEN
07830;PEPSI PET  500CC;ALMACEN
01408;PEPSI PET  500CC;ALMACEN
07841;PEPSI PET  500CC BLACK S/A;ALMACEN
03966;PEPSI PET 1.5L;ALMACEN
02422;PEPSI PET 1.5L;ALMACEN
24510;PEPSI PET 1.5L;ALMACEN
03888;PEPSI PET 1.5L BLACK. ;ALMACEN
23658;PEPSI PET 1.5L BLACK. ;ALMACEN
03882;PEPSI PET 1.5L LIGHT;ALMACEN
09757;PEPSI PET 2.0 CERO RETORNABLE;ALMACEN
24584;PEPSI PET 2.1/4L;ALMACEN
28070;PEPSI PET 2.1/4L BLACK;ALMACEN
14341;PEPSI PET 2.1/4L RETORNABLE;ALMACEN
24357;PEPSI PET 2.25L RETOR.;ALMACEN
19791;PEPSI PET 250CC;ALMACEN
25546;PEPSI PET 2L;ALMACEN
23059;PEPSI PET 2L BLACK ;ALMACEN
25782;PEPSI PET 2L BLACK;ALMACEN
02423;PEPSI PET 3.0L;ALMACEN
24358;PEPSI PET 3.0L;ALMACEN
27284;PEPSI PET 3L BLACK;ALMACEN
24420;PEPSI PET 500CC ;ALMACEN
26391;PEPSI PET 500CC BLACK;ALMACEN
00362;PERA OFERTA;VERDULERIA
00781;PERA WILLIAMS X KG;VERDULERIA
01189;PERAS CHACRA;ALMACEN
09639;PERAS CHANAR VINO BLANCO MENTA;ALMACEN
09640;PERAS CHANAR VINO TINTO CANEL;ALMACEN
16127;PERAS COLINA 820G LATA MITADES;ALMACEN
000565;PERAS GENNARI 150G MITAD DISECADA;ALMACEN
17941;PEREJIL ALICANTE 25G DESHIDRATADO;ALMACEN
10463;PEREJIL CALLIERI 25G;ALMACEN
06824;PEREJIL X KG;VERDULERIA
25729;PERFORADORA KANGARO DP-52;ALMACEN
00969;PERNIL DE CERDO ENTERO X KG;CARNICERIA
24537;PESTO DESH.CALLIERI 45G;ALMACEN
18506;PEVET SCHAR 150G;ALMACEN
06883;PICADILLO PALADINI CARNE;ALMACEN
000680;PICADILLO SWIFT 90G;ALMACEN
27564;PICADILLO SWIFT 90G PICANTE CHILE ;ALMACEN
14311;PICKLES COLIFLOR MARVAVIC 330C;FIAMBRERIA
19184;PICKLES DIDIER 300G MIXTOS;FIAMBRERIA
06137;PICKLES MARVAVIC 200G BANDEJA;FIAMBRERIA
24982;PICKLES MARVAVIC 330G FRASCO;FIAMBRERIA
27434;PICKLES MIXTOS MARVAVIC 300GR;FIAMBRERIA
27436;PICKLES MIXTOS MARVAVIC 3KG;FIAMBRERIA
21989;PICKLES MIXTOS VANOLI 300GR DP;FIAMBRERIA
13062;PICKLES NUCETE 150G DOY PACK;FIAMBRERIA
03091;PICKLES NUCETE 150G VINAGRE FRASCO;FIAMBRERIA
16858;PICKLES NUCETE 2KG EN VINAG.;FIAMBRERIA
00390;PICKLES SUELTOS VINAGRE;FIAMBRERIA
24082;PIEDRA SANITARIA CADEA 2K;ALMACEN
09207;PILAS DURACELL AA 2U;ALMACEN
03458;PILAS DURACELL AA 4U;ALMACEN
10083;PILAS DURACELL AAA 2U;ALMACEN
15865;PILAS DURACELL AAA 2U;ALMACEN
10768;PILAS DURACELL AAA 4U;ALMACEN
25983;PILAS DURACELL AAA 4U;ALMACEN
08495;PILAS DURACELL BATERIA 9V;ALMACEN
07225;PILAS DURACELL C 2U;ALMACEN
07226;PILAS DURACELL D 2U;ALMACEN
25553;PILAS ENERGIZER AA *4U MAX;ALMACEN
25633;PILAS ENERGIZER AA *4U MAX;ALMACEN
15438;PILAS ENERGIZER AAA *4U;ALMACEN
25745;PILAS EVEREADY *3U;ALMACEN
15440;PILAS EVEREADY AA *4U;ALMACEN
15439;PILAS EVEREADY AAA *2U;ALMACEN
25634;PILAS EVEREADY AAA *2U;ALMACEN
16739;PIMENTON ALICANTE 200G S/T;ALMACEN
16640;PIMENTON ALICANTE 25G S/T;ALMACEN
16641;PIMENTON ALICANTE 50G S/T;ALMACEN
10455;PIMENTON CALLIERI 25G;ALMACEN
10456;PIMENTON CALLIERI 50G;ALMACEN
14348;PIMENTON CALLIERI 90G AHUMADO;ALMACEN
18270;PIMENTON CAMPAG.23G ;ALMACEN
20256;PIMENTON CAMPAG.48G SELECC.DULCE;ALMACEN
21710;PIMENTON DE CACHI 90G ;ALMACEN
18013;PIMENTON DICOMERE 50GR AHUMADO;ALMACEN
27297;PIMENTON LA CHINATA 70G DULCE;ALMACEN
27296;PIMENTON LA CHINATA 70G PICANTE;ALMACEN
16304;PIMIENTA ALICANTE 50G BLANCA MOL.ST;ALMACEN
19773;PIMIENTA ALICANTE BCA 25G GRAN S/T;ALMACEN
000742;PIMIENTA ALICANTE BCA 25G MOL;ALMACEN
19681;PIMIENTA ALICANTE NGA 25G GRAN S/TACC;ALMACEN
24562;PIMIENTA BLANCA ALICANTE  45G MOLINILLO ;ALMACEN
16931;PIMIENTA BLANCA ALICANTE 25G MOLIDA S/T;ALMACEN
10460;PIMIENTA CALLIERI BCA.25G GRAN;ALMACEN
10461;PIMIENTA CALLIERI BCA.25G MOLI;ALMACEN
10459;PIMIENTA CALLIERI BCA.50G MOLI;ALMACEN
10462;PIMIENTA CALLIERI NGA.25G GRANO;ALMACEN
12614;PIMIENTA CAMPAG.23G BCA.MOLIDA;ALMACEN
12615;PIMIENTA CAMPAG.23G NEGRA GRANO;ALMACEN
13894;PIMIENTA CAMPAG.23G NEGRA MOLIDA;ALMACEN
16932;PIMIENTA NEGRA ALICANTE 25G MOLIDA S/T;ALMACEN
22630;PIMIENTA NEGRA ALICANTE 45G MOLINILLO;ALMACEN
4066;PIMIENTA NEGRA CALLIERI 25G;ALMACEN
21529;PIMIENTO MORRON VANOLI 1KG VINAGRE;FIAMBRERIA
18436;PIMIENTOS M. MARVAVIC 300G;ALMACEN
06138;PIMIENTOS M.MARVAVIC 330G PREMIUM A FUEGO;ALMACEN
26159;PIMIENTOS MORRONES ALPACHIRY 780G LATA;ALMACEN
01752;PINA COLADA 750C AMERICAN CLUB;ALMACEN
25092;PINATA GLOBO GIGANTE MARMOLADA;ALMACEN
26434;PINATA TUKI FIESTA;ALMACEN
02934;PINOLUZ  900CC ACEITE PINO;ALMACEN
16720;PINZA CAROL C/RESORTE AC/INX.;ALMACEN
27740;PINZA LOEKEMEYER FIDEOS;ALMACEN
19408;PIONONO BON MASE SALADO 200G;PANADERIA
19406;PIONONO BON MASE TRADICIONAL 200G;PANADERIA
27990;PIONONO DEVIANO 180G ;PANADERIA
07834;PIONONO DIMAX 170G;PANADERIA
00770;PIONONO FRANKY X KG;PANADERIA
00438;PIONONO VAIN.MOUSSE D/CHOCOLATE;FIAMBRERIA
00335;PIONONO VAIN.MOUSSE D/FRUTILLA;FIAMBRERIA
00442;PIONONO VAINILLA MOUSSE D/CREMA OREO;FIAMBRERIA
00440;PIONONO VAINILLA MOUSSE D/DCE.LECHE;FIAMBRERIA
21979;PIROTINES NRO 10;ALMACEN
25142;PIROTINES NRO 7;ALMACEN
27820;PISAPAPA REAL MANGO PLASTICO;ALMACEN
05484;PISAPAPAS LOEKEMEYER;ALMACEN
18785;PISCO CAPEL 700CC ESPECIAL ;ALMACEN
06956;PISCO MISTRAL 750CC ESPECIAL;ALMACEN
27365;PISTACHOS BUENOS VIENTOS 100G;VERDULERIA
27506;PISTACHOS BUENOS VIENTOS 80G;VERDULERIA
25647;PISTACHOS FRUIT LIFE 200GR CON CASCARA;VERDULERIA
04919;PISTACHOS GENNARI 100G;VERDULERIA
00105;PISTACHOS KG;VERDULERIA
00872;PIZZA J.CRUDO FRANKY;PANADERIA
00140;PIZZA JAMON Y MOZZARELLA FRANKY;PANADERIA
00852;PIZZA LISTA FRANKY 4 QUESOS ;PANADERIA
01071;PIZZA LISTA FRANKY RUCULA/PARMESANO;PANADERIA
00864;PIZZA MORRON FRANKY;PANADERIA
00865;PIZZA MOZZARELLA FRANKY;PANADERIA
00863;PIZZA NAPOLITANA FRANKY;PANADERIA
00875;PIZZA PEPPERONI FRANKY;PANADERIA
24217;PIZZA SIBARITA 470G MOZZARELLA ;PANADERIA
14802;PIZZA SIBARITA 530G MIZZA./JAMON;PANADERIA
24218;PIZZA SIBARITA 530G MUZZARELLA&JAMON;PANADERIA
19616;PIZZERA DOÑA CLARA N 7;ALMACEN
23576;PIZZERA GENESIS ECONOMICA;ALMACEN
23574;PIZZERA GENESIS N° 30;ALMACEN
23575;PIZZERA GENESIS N° 32;ALMACEN
23577;PIZZERA GENESIS PERFORADA;ALMACEN
02106;PIZZERA REAL N 32 ALUMINIO;ALMACEN
07554;PIZZERA REAL N 35 ALUMINIO;ALMACEN
27814;PIZZERA REAL N 35 REFORZADA ALUMINIO;ALMACEN
00329;PIZZETA  FRANKY;PANADERIA
01175;PIZZETAS FRANKY 6UN CEBOLLA;PANADERIA
01174;PIZZETAS FRANKY 6UN SALSA TOMA;PANADERIA
18129;PLANCHETITTA EXPRESS;ALMACEN
19130;PLANCHETTA 1 HORNALLA CON TAPA;ALMACEN
19129;PLANCHETTA 2 HORNALLAS;ALMACEN
23201;PLASTILINA MAPED *12 SURTIDO;ALMACEN
25216;PLASTILINA MODEL *10 SURTIDO;ALMACEN
25215;PLASTILINA PLAYCOLOR *6 FLUOR;ALMACEN
09328;PLATO ACQUAMARINA HONDO FLINT;ALMACEN
21295;PLATO ALUM. PROVOLET. P14 FIAMBRERIA;ALMACEN
21292;PLATO ALUM. PROVOLET. P15 FIAMBRERIA;ALMACEN
06722;PLATO GALAXIA HONDO INCOLORO;ALMACEN
09734;PLATO GOURMET HONDO;ALMACEN
26743;PLATO HONDO 20.5CM OCEANICA;ALMACEN
27723;PLATO HONDO 20.5CM ZEN;ALMACEN
27796;PLATO HONDO 21CM CUADRADO NEGRO;ALMACEN
26740;PLATO HONDO 22CM CAMPESTRE;ALMACEN
27793;PLATO HONDO 22CM CANELE SALMON ;ALMACEN
27720;PLATO HONDO 22CM CENA INGLESA;ALMACEN
26737;PLATO HONDO 22CM MARGARITAS;ALMACEN
07577;PLATO HONDO 23CM BLANCO OXFORD ;ALMACEN
21917;PLATO HONDO DURAX FIRENZE 21,5CM INCO;ALMACEN
21914;PLATO HONDO DURAX GEMA 22CM INCO;ALMACEN
21915;PLATO HONDO DURAX MILANO 22CM INCO;ALMACEN
4301;PLATO HONDO DURAX ORQUIDEA 21CM INCO;ALMACEN
25933;PLATO HONDO FENIX;ALMACEN
26034;PLATO HONDO OXFORD 23CM;ALMACEN
18823;PLATO ILUSTRADO +COPA ANDES ;ALMACEN
26539;PLATO OXFORD 15CM DESAYUNO PORCELANA;ALMACEN
26689;PLATO OXFORD PLAYO 20CM ZEN;ALMACEN
26744;PLATO PLAYO 18.5CM OCEANICA;ALMACEN
22604;PLATO PLAYO 18CM BON APPETIT;ALMACEN
26738;PLATO PLAYO 18CM MARGARITAS;ALMACEN
17179;PLATO PLAYO 20CM BLANCO OXFORD ;ALMACEN
27369;PLATO PLAYO 22CM FENIX;ALMACEN
22603;PLATO PLAYO 24CM BON APPETIT;ALMACEN
26739;PLATO PLAYO 24CM CAMPESTRE;ALMACEN
27792;PLATO PLAYO 24CM CANELE SALMON ;ALMACEN
06186;PLATO PLAYO 24CM EMOTIONS;ALMACEN
17178;PLATO PLAYO 24CM FOLK;ALMACEN
20482;PLATO PLAYO 24CM GRECIA ;ALMACEN
26695;PLATO PLAYO 24CM MANDALA;ALMACEN
26736;PLATO PLAYO 24CM MARGARITAS;ALMACEN
07588;PLATO PLAYO 25CM BLANCO OXFORD ;ALMACEN
26035;PLATO PLAYO 25CM BLANCO OXFORD ;ALMACEN
27795;PLATO PLAYO 26.5CM CUADRADO NEGRO;ALMACEN
27699;PLATO PLAYO 26CM CENA INGLESA;ALMACEN
21920;PLATO PLAYO 26CM DURAX FIRENZE MALBEC;ALMACEN
26742;PLATO PLAYO 26CM OCEANICA;ALMACEN
27722;PLATO PLAYO 26CM ZEN;ALMACEN
06800;PLATO PLAYO ACQUAMARINE;ALMACEN
21911;PLATO PLAYO DURAX MILANO 26CM INCO;ALMACEN
4341;PLATO PLAYO DURAX ORQUIDEA 22CM INCO;ALMACEN
000407;PLATO POSTRE 17CM 10UN;ALMACEN
17802;PLATO POSTRE 18CM BLANCO OXFORD ;ALMACEN
26741;PLATO POSTRE 18CM CAMPESTRE;ALMACEN
27794;PLATO POSTRE 19CM CANELE SALMON ;ALMACEN
27724;PLATO POSTRE 20 CM ZEN;ALMACEN
27797;PLATO POSTRE 20CM CUADRADO NEGRO;ALMACEN
27721;PLATO POSTRE 22CM CENA INGLESA;ALMACEN
26032;PLATO POSTRE OXFORD 18CM;ALMACEN
10734;PLATO RED. 22CM BLANCO 10UN;ALMACEN
20836;PLUMERO LIMPEX MULTIUSO;ALMACEN
27067;PLUMERO N4;ALMACEN
06286;PLUMERO OSTRICH COMUN 22;ALMACEN
26274;PLUMERO OSTRICH COMUN 24;ALMACEN
14731;PLUMERO OSTRICH COMUN 26;ALMACEN
01859;PLUMERO OSTRICH COMUN 30;ALMACEN
01446;PLUMERO OSTRICH COMUN 34;ALMACEN
06281;PLUMERO OSTRICH GUANTERITO;ALMACEN
26271;PLUMERO OSTRICH GUANTERITO;ALMACEN
27432;PLUMERO OSTRICH LANA AUTO;ALMACEN
23540;POCHOCLO ORQUIDEA 100G;ALMACEN
09733;POCHOCLOS CIRCUS 100G;ALMACEN
06238;POCHOCLOS CIRCUS 500G;ALMACEN
08439;POLENTA CADEA 500G FACIL;ALMACEN
24190;POLENTA CADEA 500G P/PERRO;ALMACEN
18010;POLENTA DICOMERE 450GR ORGANICA RAPIDA;ALMACEN
24293;POLENTA PRESTOPRONTA 490G ;ALMACEN
000449;POLENTA PRESTOPRONTA 500G;ALMACEN
18447;POLENTA PRESTOPRONTA 730G ;ALMACEN
02594;POLENTA SULTAN 5KG;ALMACEN
00731;POLLO ARROLLADO FELA;ALMACEN
00276;POLLO DE CHACRA;ALMACEN
00367;POLLO POLLOLIN BANDEJA;ALMACEN
00369;POLLO POLLOLIN BOLSA;ALMACEN
00860;POLLO SOYCHU EL KG;ALMACEN
00930;POLLO SOYCHU EL KG;ALMACEN
26017;POLVO DECOL. ISSUE 30G SEM. DE LINO;ALMACEN
26016;POLVO DECOLORANTE ISSIE 20G ACTIVE;ALMACEN
25424;POLVO DECOLORANTE ISSUE 30G HIERBAS;ALMACEN
06629;POLVO DECOLORANTE ROUBAIX 70G ;ALMACEN
11718;POLVO HORNEAR 200G DIMAX S/T;ALMACEN
08147;POLVO HORNEAR CALLIERI 50G;ALMACEN
09052;POLVO HORNEAR DICOMERE 250G;ALMACEN
26599;POLVO HORNEAR DICOMERE 50GR;ALMACEN
11407;POLVO HORNEAR ROYAL 100G;ALMACEN
04415;POLVO HORNEAR ROYAL 50G;ALMACEN
01184;POLVORON FRANKY KG;ALMACEN
25580;POLVORON SMAMS 150G VAIN.C/CHIPS CHOCOLATE;ALMACEN
07670;POMADA COBRA 30G PASTA MARRON;ALMACEN
07689;POMADA COBRA 30G PASTA NEGRO;ALMACEN
04222;POMADA WASSINGTON LIQ.MARRON;ALMACEN
00785;POMELO OFERTA EL KG;VERDULERIA
00786;POMELO X KG;VERDULERIA
03858;POMPONES ESTRELLA 50U;ALMACEN
25816;POROTO CUMANA 300G;ALMACEN
24432;POROTOS ALUBIA BAHIA 300G ;ALMACEN
28106;POROTOS CADEA 500G MUNG;ALMACEN
03286;POROTOS CADEA ALUBIA 500G;ALMACEN
02104;POROTOS CADEA COLORADOS 500G;ALMACEN
10605;POROTOS CADEA PALLARES 500G;ALMACEN
06783;POROTOS CADEA SOJA 500G;ALMACEN
14254;POROTOS CALLIERI 400G ALUBIA;ALMACEN
20611;POROTOS CALLIERI 400G COLORADO;ALMACEN
14253;POROTOS CALLIERI 400G PALLARES;ALMACEN
07201;POROTOS CAMPAG.300G ALUBIA ;ALMACEN
00904;POROTOS EL KG ;VERDULERIA
22255;POROTOS GRANIX 400G NEGROS ;ALMACEN
23847;POROTOS INALPA 300G COLORADOS SECOS REMOJADOS;ALMACEN
17744;POROTOS INALPA 300G NEGROS SECOS REMOJADOS;ALMACEN
17743;POROTOS INALPA 300G SECOS REMOJADOS;ALMACEN
22782;POROTOS INALPA 350G CRANBERRY;ALMACEN
08156;POROTOS MARVAVIC ALUBIA ESCABE;ALMACEN
27457;POROTOS NEGROS BAHIA 300G;ALMACEN
16983;POROTOS NEGROS STURLA 500G;ALMACEN
20285;POROTOS PRODEMAN 400GR ALUBIAS;ALMACEN
20665;POROTOS VIDA 300G SECOS REMOJADOS;ALMACEN
26833;PORTA BOLSA SANREMO AZUL;ALMACEN
26834;PORTA BOLSA SANREMO ROSA;ALMACEN
27128;PORTA SACHET LA PORTEÑA;ALMACEN
26584;PORTA SACHET PORTEÑA;ALMACEN
13598;PORTAFILTROS MELITTA NRO.4;ALMACEN
20445;PORTAMINA 0.5 MICRO EXECUTIVE;ALMACEN
23202;PORTAMINA 0.5 TRABI PLASTICO;ALMACEN
26289;PORTAMINA DELI 0,5MM 4 COLORES;ALMACEN
26290;PORTAMINA DELI 0,7MM 4 COLORES;ALMACEN
91200;PORTAVELAS PLASTICO;ALMACEN
17147;POSA PAVA 60G SILICONA VERDE;ALMACEN
21727;POST.HEL.AGUILA 637G ;FIAMBRERIA
27378;POST.HEL.AGUILA 675G ALMENDRADO;FIAMBRERIA
04099;POST.HEL.BON O BON 637G;FIAMBRERIA
04504;POST.HEL.CHOCOTORTA 637g;FIAMBRERIA
19884;POST.HEL.COFLER 500G 3 PLACERES ;FIAMBRERIA
101058;POST.HEL.TOFI 637G;FIAMBRERIA
26393;POSTRE AGUILA 150G FRAMBRUESA C/CHOCOLATE AMARGO;FIAMBRERIA
26394;POSTRE AGUILA 150G FRAMBRUESA C/CHOCOLATE LECHE;FIAMBRERIA
25372;POSTRE BALCARCE 600G CHOCOLATE;FIAMBRERIA
25373;POSTRE BALCARCE 600G DUOMO;FIAMBRERIA
25374;POSTRE BALCARCE 600G FRUTILLA;FIAMBRERIA
25371;POSTRE BALCARCE 600G TIRAMISU;FIAMBRERIA
25375;POSTRE BALCARCE 600G VAINILLA;FIAMBRERIA
25752;POSTRE BALCARCE 80G TIRAMISU;FIAMBRERIA
17455;POSTRE BC CAMPAG.50G DCE LECHE ;FIAMBRERIA
16144;POSTRE BC CAMPAG.50G LIMON;FIAMBRERIA
16145;POSTRE BC CAMPAG.50G VAINILLA;FIAMBRERIA
14055;POSTRE BC CAMPAG.60G CHOCOLATE;FIAMBRERIA
16143;POSTRE BC CAMPAG.60G CHOCOLATE;FIAMBRERIA
27986;POSTRE DANETTE 190G CHOCOLATE ;FIAMBRERIA
28052;POSTRE DANETTE 190G CREMA AMERICANA;FIAMBRERIA
28053;POSTRE DANETTE 190G D.LECHE ;FIAMBRERIA
26382;POSTRE DANETTE 380G *4 DULCE DE LECHE;FIAMBRERIA
27173;POSTRE DANETTE 95G CHOCO/AVELLANAS;FIAMBRERIA
22493;POSTRE DANETTE 95G CHOCOLATE;FIAMBRERIA
01340;POSTRE EXQUISITA  80G CHOCOLAT;ALMACEN
18341;POSTRE EXQUISITA 80G CHOCOLATE ;ALMACEN
18340;POSTRE EXQUISITA 80G D.LECHE ;ALMACEN
18342;POSTRE EXQUISITA 80G VAINILLA;ALMACEN
04064;POSTRE EXQUISITA LIGHT 50G  VAINILL;ALMACEN
04060;POSTRE EXQUISITA LIGHT 60G D.LECHE;ALMACEN
21428;POSTRE EXQUISITA LIGHT 65G CHOCOLATE ;ALMACEN
18413;POSTRE F.LAS VACAS 170G CHOCOLATE ;FIAMBRERIA
18412;POSTRE F.LAS VACAS 170G DULCE LECHE ;FIAMBRERIA
26445;POSTRE FRANUI 150G AMARGO;FIAMBRERIA
25856;POSTRE FRANUI 150G C/LECHE;FIAMBRERIA
27520;POSTRE FRANUI 150G FREE;FIAMBRERIA
26446;POSTRE FRANUI 150G PINK;FIAMBRERIA
01342;POSTRE GODET  60G CHOCOLATE;ALMACEN
24385;POSTRE GODET 60G DULCE LECHE ;ALMACEN
17456;POSTRE GODET 60G VAINILLA;ALMACEN
03948;POSTRE KIDS ILOLAY 120G CHOCOL;FIAMBRERIA
01296;POSTRE KIDS ILOLAY 120G DULCE LECHE;FIAMBRERIA
07398;POSTRE KIDS ILOLAY 120G VAI/DU;FIAMBRERIA
07552;POSTRE KIDS ILOLAY 120G VAIN;FIAMBRERIA
24811;POSTRE KIDS ILOLAY 120G VAINILLA CON DULCE DE LECHE;FIAMBRERIA
24931;POSTRE LIGHT ROYAL 43G VAINILLA;ALMACEN
28054;POSTRE LS CLASICO 190G CHOCOLATE ;FIAMBRERIA
23568;POSTRE QUIMYA 140G MOKA/MACCHIATO S/TACC VEGAN;FIAMBRERIA
19632;POSTRE ROYAL 50G CHOCOLATE BAJO AZUCARES;ALMACEN
26926;POSTRE ROYAL 50G CHOCOLATE LIGHT;ALMACEN
21639;POSTRE ROYAL 65G CHOCOLATE ;ALMACEN
01278;POSTRE ROYAL 75G DULCE LECHE;ALMACEN
21640;POSTRE ROYAL 75G FRUTILLA ;ALMACEN
13764;POSTRE ROYAL 75G VAINILLA;ALMACEN
28109;POSTRE SER 190G CHOCOLATE ;FIAMBRERIA
28110;POSTRE SER 190G D.LECHE ;FIAMBRERIA
22473;POSTRE SER 95G CHOCOLATE;FIAMBRERIA
22480;POSTRE SER 95G VAINILLA;FIAMBRERIA
22650;POSTRE SER 95GR DULCE DE LECHE;FIAMBRERIA
28079;POSTRE SEREN.190G VAINILLA CLASICO ;FIAMBRERIA
22831;POSTRE SEREN.CLASICO 95G CHOCOLATE ;FIAMBRERIA
22830;POSTRE SEREN.CLASICO 95G VAINILLA ;FIAMBRERIA
22651;POSTRE SERENITO 100GR DULCE DE LECHE;FIAMBRERIA
22757;POSTRE SERENITO 118G CHOCOBOMBAS BYN  ;FIAMBRERIA
22777;POSTRE SERENITO 120G C/ROCKLETS;FIAMBRERIA
24173;POSTRE SERENITO 120G VAINILLA;FIAMBRERIA
28063;POSTRE SERENITO 190G D.LECHE ;FIAMBRERIA
27992;POSTRE SERENITO 190G VAINILLA ;FIAMBRERIA
22820;POSTRE SERENITO 95G CHOCOLATE ;FIAMBRERIA
22808;POSTRE SERENITO 95G VAINILLA ;FIAMBRERIA
07397;POSTRE.KIDS ILOLAY 110G C/CRISPINES;FIAMBRERIA
07400;POSTRE.KIDS ILOLAY 110G CONFIT;FIAMBRERIA
21319;POTES ROTLEN 3042 BISAGRA;ALMACEN
17030;POTES ROTLEN 3071 BISAGRA;ALMACEN
19195;POUCH CARNICERIA 25*35/90 CRISTAL;ALMACEN
21566;POUCH CARNICERIA 30*40/100 CRISTAL;ALMACEN
19196;POUCH CARNICERIA 35*45/90 CRISTAL;ALMACEN
19182;POUCH FIAMBRERIA 17-18*25/70 CRISTAL;ALMACEN
19192;POUCH FIAMBRERIA 20*25/70 CRISTAL;ALMACEN
01743;POWERADE 500CC FRUTAS TROPICAL;ALMACEN
24464;POWERADE 500CC GOLD RUSH ;ALMACEN
01808;POWERADE 500CC MANZANA;ALMACEN
01746;POWERADE 500CC MOUNTAIN BLAST;ALMACEN
01744;POWERADE 500CC NARANJA;ALMACEN
01292;POWERADE 500CC POMELO ZERO;ALMACEN
27257;POWERADE 500CC SOUR MANZANA VERDE;ALMACEN
27383;POWERADE 500CC UVA;ALMACEN
02266;POWERADE 995CC FRUTAS TROPICAL;ALMACEN
02292;POWERADE 995CC MANZANA;ALMACEN
02516;POWERADE 995CC MOUNTAIN BLAST;ALMACEN
26614;POXI RAN 23GR;ALMACEN
26617;POXILINA 70GR;ALMACEN
26618;POXIPOL 16GR TRANSPARENTE;ALMACEN
24993;PRECINTO NEGRO 10 CM *100U;ALMACEN
25767;PRECINTO NEGRO 15 CM *100U;ALMACEN
06581;PRELAV.TRENET BOLILLA 120ML;ALMACEN
03467;PRELAV.TRENET OXI 500CC GATILL;ALMACEN
08799;PRELAV.TRENET OXI DOY 400ML;ALMACEN
25358;PREM.MAMA COCINA 500G ÑOQUIS ;ALMACEN
16562;PREMEZCLA ALL RICE 250G BUDIN ;ALMACEN
12027;PREMEZCLA ARCOR 400G ÑOQUIS PAPAS S/T;ALMACEN
20556;PREMEZCLA ARCOR 500G PIZZA S/T;ALMACEN
22068;PREMEZCLA BLANCAFLOR 400G PIZZA;ALMACEN
22907;PREMEZCLA BLANCAFLOR 500G PAN/PIZZA ;ALMACEN
24330;PREMEZCLA CAÑUELAS 25KG PIZZA ;ALMACEN
15749;PREMEZCLA CREPES VEGGIE 200G ;ALMACEN
10894;PREMEZCLA DIMAX 1K PANIF.PASTAS UNIV.;ALMACEN
4647;PREMEZCLA DIMAX 500G PANIF.PASTAS;ALMACEN
22707;PREMEZCLA LUCCHETTI 400G CHIPA ;ALMACEN
13564;PREMEZCLA LUCCHETTI 500G ÑOQUIS;ALMACEN
21519;PREMEZCLA LUCCHETTI 500G ÑOQUIS;ALMACEN
15389;PREMEZCLA LUCCHETTI 500G TORTAS FRITAS;ALMACEN
22908;PREMEZCLA LUCCHETTI 500G TORTAS FRITAS;ALMACEN
23294;PREMEZCLA LUCCHETTI 850G PIZZA ;ALMACEN
14357;PREMEZCLA LUCCHETTI CHIPA;ALMACEN
02612;PREMEZCLA MAMA NOQUIS PAPA;ALMACEN
03907;PREMEZCLA MAMA PIZZA 500G;ALMACEN
15699;PREMEZCLA NATUZEN 450G BIZCOCHUELO;ALMACEN
15698;PREMEZCLA NATUZEN 450G PAN ;ALMACEN
24430;PREMEZCLA PAN DICOMERE 450G C/PSYLLUM HUSK;ALMACEN
24880;PREMEZCLA PIZZA DICOMERE 450G C/PSYLLUM HUSK;ALMACEN
08399;PREMEZCLA POP 100G HUMMUS INSTANTANEO;ALMACEN
15750;PREMEZCLA POP 200G FALAFEL  ;ALMACEN
15751;PREMEZCLA POP 200G HAMBURGUESA VEGETAL ;ALMACEN
24201;PREMEZCLA POP 200G MILANESA VEGETAL;ALMACEN
24997;PREMEZCLA PUREZA 500G PIZZA/PAN ;ALMACEN
27955;PREMEZCLA PUREZA 550G PIZZA;ALMACEN
22784;PREMEZCLA SANA MUNDI 500G PAN/PIZZA;ALMACEN
15136;PREMEZCLA SANTA MARIA 1KG PAND.REPOST.;ALMACEN
15137;PREMEZCLA SANTA MARIA 1KG S/LACTOSA;ALMACEN
24431;PREMEZCLA UNIVERSAL DICOMERE 450G ;ALMACEN
00376;PRE-PIZZA 100% INTEGRAL 2U;ALMACEN
00379;PRE-PIZZA 100% INTEGRAL UNIDAD ;ALMACEN
14148;PRE-PIZZA DI LORENZO;ALMACEN
07038;PRE-PIZZA FRANKY;ALMACEN
00199;PRE-PIZZA FRANKY OFERTA;ALMACEN
07031;PRE-PIZZA MEDIDA ESPECIAL;ALMACEN
04554;PRE-PIZZA NEWEN 250G;ALMACEN
26320;PRE-PIZZA NEWEN MULTISEMILLAS;ALMACEN
01791;PRESERVATIVOS PRIME;ALMACEN
01784;PRESERVATIVOS PRIME EXTRA LUBRICADO;ALMACEN
23645;PRESERVATIVOS PRIME RETARD;ALMACEN
23253;PRESERVATIVOS PRIME STRONGER;ALMACEN
01783;PRESERVATIVOS PRIME SUPER FINO;ALMACEN
01797;PRESERVATIVOS PRIME TACHAS;ALMACEN
01795;PRESERVATIVOS PRIME TEXTURADO;ALMACEN
01796;PRESERVATIVOS PRIME ULTRAFINO;ALMACEN
06142;PRESTOBARBA 3 COOLING FEM 2UN;ALMACEN
05557;PRESTOBARBA 3 FEM 2UN;ALMACEN
07343;PRESTOBARBA 3 SENSE CARE X 2U;ALMACEN
000733;PROCENEX  900CC BLANCO;ALMACEN
09256;PROCENEX  900CC JAZMIN;ALMACEN
09258;PROCENEX  900CC LAVANDA;ALMACEN
03751;PROCENEX  900CC LIMON;ALMACEN
09216;PROCENEX  900CC ORQUIDEA;ALMACEN
000737;PROCENEX  900CC PINO;ALMACEN
21869;PROCENEX  900CC TROPICAL;ALMACEN
27467;PROCENEX 1.8 GARDENIA;ALMACEN
22899;PROCENEX 1.8L AIRES PRIMAVERA ;ALMACEN
09218;PROCENEX 1.8L BEBE;ALMACEN
04778;PROCENEX 1.8L BLANCO;ALMACEN
22900;PROCENEX 1.8L BRISA FLORAL;ALMACEN
03096;PROCENEX 1.8L FLORES DEL JARDI;ALMACEN
05475;PROCENEX 1.8L JAZMIN;ALMACEN
000736;PROCENEX 1.8L LAVANDA;ALMACEN
01734;PROCENEX 1.8L LIMON;ALMACEN
01316;PROCENEX 1.8L MARINA;ALMACEN
04023;PROCENEX 1.8L PINO;ALMACEN
22901;PROCENEX 1.8L TROPICAL ;ALMACEN
11160;PROCENEX 1.8L VAINILLA;ALMACEN
0001076;PROCENEX 5L BLANCO;ALMACEN
05884;PROCENEX 5L FLORES JARDIN;ALMACEN
04300;PROCENEX 5L LAVANDA;ALMACEN
05845;PROCENEX 5L MARINA;ALMACEN
11220;PROCENEX 820CC GOLD BANO DP;ALMACEN
11219;PROCENEX 820CC GOLD COC.DP;ALMACEN
11218;PROCENEX 820CC GOLD VIDRIOS DP;ALMACEN
000740;PROCENEX 900CC AIRES PRIMAVER;ALMACEN
09260;PROCENEX 900CC BEBE;ALMACEN
23373;PROCENEX 900CC BRISA FLORAL;ALMACEN
01285;PROCENEX 900CC FLORES DEL JARDIN;ALMACEN
08964;PROCENEX 900CC MAGNOLIA CHERR;ALMACEN
13045;PROCENEX 900CC MARINA;ALMACEN
22154;PROD.VEGET BEB.SILK 1L ALMEN.VAINILLA S/A;FIAMBRERIA
22369;PROD.VEGET.LIQ SILK 1L ALMENDRA ;FIAMBRERIA
23061;PROD.VEGET.LIQ.SILK 1L ALMENDRA C/CHOCOLATE;FIAMBRERIA
22360;PROD.VEGET.LIQ.SILK 1L ALMENDRA S/AZUCAR ;FIAMBRERIA
27238;PROD.VEGET.LIQ.SILK CAFE MOCHA;FIAMBRERIA
07867;PROMO CORONA CONSERVADORA;ALMACEN
20082;PROMO QUILMES KIT ASADO ;ALMACEN
05070;PRONTO BITT 473CC LATA;ALMACEN
23335;PRONTO SHAKE 1L BOTELLA ;ALMACEN
05064;PRONTO SHAKE 473CC LATA;ALMACEN
26964;PROT.SOLAR NIVEA 150ML FPS 50;ALMACEN
03076;PROT.SOLAR NIVEA 200ML FPS30;ALMACEN
03080;PROT.SOLAR NIVEA 200ML FPS50;ALMACEN
26963;PROT.SOLAR NIVEA 200ML FPS50+ U.SENS.;ALMACEN
19661;PROT.SOLAR NIVEA 200ML KIDS SENSITIVE FP60;ALMACEN
19660;PROT.SOLAR NIVEA 400ML HIDRAT.PRO FP30;ALMACEN
26967;PROT.SOLAR NIVEA 40ML FPS50 FAC.ULTRA.CLARO;ALMACEN
26968;PROT.SOLAR NIVEA 40ML FPS50 FAC.ULTRA.MEDIO;ALMACEN
26966;PROT.SOLAR NIVEA 50ML FPS50 FACIAL;ALMACEN
26965;PROT.SOLAR NIVEA TRIGGER 270ML FPS60 ;ALMACEN
25123;PROTEC. NOSOTRAS 60U MULTIESTILO C/ALOE;ALMACEN
24772;PROTEC.ALWAYS 15U XTRA DIARIOS S/P;ALMACEN
22486;PROTEC.CALIPSO 20U CLESS C/ALOE;ALMACEN
16804;PROTEC.CALIPSO 20U CLESS C/E;ALMACEN
02665;PROTEC.CALIPSO 20U COLA LESS;ALMACEN
23081;PROTEC.CALIPSO 20U MULTIESTILO C/E.SEDA;ALMACEN
22487;PROTEC.CALIPSO 20U NORMAL C/E;ALMACEN
22488;PROTEC.CALIPSO 50U C.LESS;ALMACEN
22495;PROTEC.CALIPSO 50U NORM.C/FRAG;ALMACEN
21248;PROTEC.CAREFREE 20U COMPACT;ALMACEN
24818;PROTEC.CAREFREE 20U DIARIOS ;ALMACEN
21996;PROTEC.CAREFREE 20U LARGO ;ALMACEN
22000;PROTEC.CAREFREE 20U T/DIAS S/P;ALMACEN
22988;PROTEC.CAREFREE 20U TODOS DIAS SIN PERFUME;ALMACEN
21997;PROTEC.CAREFREE 60U LARGO ;ALMACEN
21276;PROTEC.CAREFREE 60U T.DIAS TANGA;ALMACEN
21999;PROTEC.CAREFREE 60U TODOS DIAS SIN PERFUME ;ALMACEN
021999;PROTEC.CAREFREE.100U TODOS DIAS SIN PERFUME ;ALMACEN
17781;PROTEC.KOTEX ESENCIAL 20U CLASSIC;ALMACEN
17780;PROTEC.KOTEX ESENCIAL 60U CLASSIC;ALMACEN
24737;PROTEC.KOTEX ESENCIAL 60U DIARIOS;ALMACEN
10433;PROTEC.LINA 20U ANATOMICO;ALMACEN
24180;PROTEC.LINA 20U DIARIOS MULTIAJUSTABLES;ALMACEN
25629;PROTEC.NOSOTRAS 100U MULTIESTILO;ALMACEN
17648;PROTEC.NOSOTRAS 12U LACTANCIA ;ALMACEN
25628;PROTEC.NOSOTRAS 15U DIARIO RESPIRABLE;ALMACEN
23084;PROTEC.NOSOTRAS 15U LARGOS C/ALOE;ALMACEN
24282;PROTEC.NOSOTRAS 20U MULTIESTILO ;ALMACEN
22483;PROTEC.NOSOTRAS 20U NORMAL C/ALOE;ALMACEN
25630;PROTEC.NOSOTRAS 25U DOBLES MULTIESTILO;ALMACEN
27539;PROTEC.NOSOTRAS 50U LARGOS ;ALMACEN
24281;PROTEC.NOSOTRAS 60U NORMAL ;ALMACEN
22484;PROTEC.NOSOTRAS 8U NORMAL SUAVE BOB;ALMACEN
28001;PROTEC.SOLAR EMYNENT 170ML F10;ALMACEN
28002;PROTEC.SOLAR EMYNENT 170ML F25;ALMACEN
28003;PROTEC.SOLAR EMYNENT 170ML F40;ALMACEN
27326;PROTEC.SOLAR EMYNENT 170ML F50;ALMACEN
27285;PROTEC.SOLAR EMYNENT 170ML F50;ALMACEN
22690;PROTEC.SOLAR NIVEA 150ML FPS60 SWIM Y PLAY;ALMACEN
22683;PROTEC.SOLAR NIVEA 200ML FPS50;ALMACEN
22685;PROTEC.SOLAR NIVEA 200ML FPS65 PROTECT Y HIDRATE;ALMACEN
22684;PROTEC.SOLAR NIVEA 200ML FPS65 SENSITIVE;ALMACEN
20133;PROTEC.SOLAR NIVEA 200ML FPS70 ;ALMACEN
22680;PROTEC.SOLAR NIVEA 200ML FPS70 ;ALMACEN
19066;PROTEC.TENA 15U DISCREET LARGO C/ALAS;ALMACEN
19065;PROTEC.TENA 15U DISCREET LARGO S/ALAS;ALMACEN
21474;PROTEC.TENA 50U DISCREET LARGO C/ALAS;ALMACEN
21473;PROTEC.TENA 50U DISCREET LARGO S/ALAS;ALMACEN
24477;PROTECT.PLUS HUGGIES 48U XXXG CELESTE;ALMACEN
24478;PROTECT.PLUS HUGGIES 50U XXG  CELESTE ;ALMACEN
24479;PROTECT.PLUS HUGGIES 52U XG CELESTE ;ALMACEN
24480;PROTECT.PLUS HUGGIES 60U G CELESTE ;ALMACEN
25655;PROTECT.PLUS HUGGIES 8U G CELESTE;ALMACEN
25656;PROTECT.PLUS HUGGIES 8U XG CELESTE;ALMACEN
27031;PROTECTOR KOTEX 100U ESENCIAL;ALMACEN
27033;PROTECTOR KOTEX 20U ESENCIAL;ALMACEN
24910;PROTECTOR LABIAL NIVEA 4.8G BLACKBERRY SHINE;ALMACEN
08738;PROTECTOR LABIAL NIVEA 4.8G ESSENTIAL;ALMACEN
24135;PROTECTOR LABIAL NIVEA 4.8G FRUITY SHINE CEREZA;ALMACEN
15227;PROTECTOR LABIAL NIVEA 4.8G MED PROTECT;ALMACEN
25582;PROTECTOR LABIAL NIVEA 4.8G MEDREPAIR;ALMACEN
24134;PROTECTOR LABIAL NIVEA 4.8G ROSE;ALMACEN
13854;PROTECTOR LABIAL NIVEA 4.8G SUN;ALMACEN
25526;PROTECTOR LABIAL NIVEA 4.8G SUN;ALMACEN
25525;PROTECTOR LABIAL NIVEA 4.8G VAINILLA;ALMACEN
25430;PROTECTOR TERMICO ROBY 190ML;ALMACEN
05020;PROVENZAL 25G ALICANTE DOY;ALMACEN
04271;PROVENZAL 50G ALICANTE DOY;ALMACEN
15823;PROVENZAL ALICANTE 25G S/TACC;ALMACEN
19441;PROVENZAL ALICANTE 50G S/TACC;ALMACEN
10454;PROVENZAL CALLIERI 25G;ALMACEN
12607;PROVENZAL CAMPAG.48G;ALMACEN
12606;PROVENZAL CAMPAGNOLA 23G;ALMACEN
00806;PROVOLETA;FIAMBRERIA
18399;PROVOLETA F.LAS VACAS 250G ;FIAMBRERIA
27165;PROVOLETERA LA PLANCHETTA;ALMACEN
26605;PROVOLETERA REAL N°14;ALMACEN
25403;PUDDING 100 DUCADOS 300GR LIMON;ALMACEN
25401;PUDDING 100 DUCADOS 300GR MARACUYA;ALMACEN
25402;PUDDING 100.DUCADOS 300GR C/CASCARA NARANJA;ALMACEN
25404;PUDDING DUCADOS 300GR CHOCOLATE C/CHIPS;ALMACEN
23331;PUDDING DUCADOS 300GR FRUTOS BOSQUE;ALMACEN
25405;PUDDING DUCADOS 300GR MARROC;ALMACEN
23333;PUDDING DUCADOS 300GR VAINILLA C/FRUT.SECOS;ALMACEN
27016;PUDDING FANTOCHE 300GR VAINILLA CHOCOLATE;ALMACEN
27015;PUDDING FANTOCHE 300GR VAINILLA DULCE LECHE ;ALMACEN
16610;PULPA ANANA BAHIA 420G LATA;ALMACEN
00392;PULPA DE CERDO EL KILO;CARNICERIA
00139;PULPA DE PALETA;CARNICERIA
16777;PULPA DURAZNO BAHIA 420G LATA;ALMACEN
17699;PULPA DURAZNO BAHIA 900G;ALMACEN
16609;PULPA FRUTILLA BAHIA 420G LATA ;ALMACEN
17693;PULPA FRUTILLA BAHIA 900G ;ALMACEN
25823;PULPA FRUTILLA GENTLEMAN 900G;ALMACEN
27367;PULPA SELENZA 200G PALTA;ALMACEN
4462;PULVERIZADOR DELFINA 250CC;ALMACEN
04371;PULVERIZADOR DELFINA 750CC;ALMACEN
26818;PULVERIZADOR GATILLO PORTEÑA 1L;ALMACEN
25035;PULVERIZADOR GATILLO PORTEÑA 500CC;ALMACEN
25579;PULVERIZADOR RUMAR MULTIUSOS PROFESIONAL;ALMACEN
26573;PURE CHEF 125GR;ALMACEN
26022;PURE DE PAPAS CHEF 100G;ALMACEN
10307;PURE KNORR 125G;ALMACEN
20497;PURE KNORR 125G LISTO NF;ALMACEN
20808;PURE KNORR 125G REC. COMPLETA;ALMACEN
15209;PURE MAGGI 125G;ALMACEN
23091;PURE MAGGI 125G CREMOSO ;ALMACEN
20110;PURE MAGGI 125G CREMOSO S/BHT;ALMACEN
24198;PURE MAGGI 200G CREMOSO;ALMACEN
24230;PURE MAMA COCINA 125G REC.TRAD.;ALMACEN
19691;PURE MANZANAS BAHIA 375G S/TACC ;ALMACEN
17577;PURE PAPAS MAGGI 125G ORIGINAL;ALMACEN
16874;PURE PAPAS MAGGI 200G;ALMACEN
09134;PURE TOMATE MORA 520G TETRA;ALMACEN
22838;QUESO ADLER 100G AZUL ;FIAMBRERIA
27433;QUESO ADLER 100G CHEDDAR PICANTE;FIAMBRERIA
12105;QUESO ADLER 100G FONTINA;FIAMBRERIA
12104;QUESO ADLER 100G GRUYERE;FIAMBRERIA
12103;QUESO ADLER 100G JAMON;FIAMBRERIA
12102;QUESO ADLER 100G SALAME;FIAMBRERIA
22839;QUESO ADLER 100G TOMATE/ALBAHACA;FIAMBRERIA
24926;QUESO ADLER 190G CREMOSO QUESO AZUL;FIAMBRERIA
01191;QUESO ARMONIA DANBO HORMA;FIAMBRERIA
00046;QUESO BARRA FERMIER CRIOLLO AHUMADO ;FIAMBRERIA
00496;QUESO BARRA PUNTA DE AGUA ;FIAMBRERIA
19732;QUESO BIORGANIC 500G COCO CREMOSO S/TACC;FIAMBRERIA
22196;QUESO BLANCO SEREN.290G CLASICO;FIAMBRERIA
24090;QUESO BLANCO SEREN.290G LIGHT;FIAMBRERIA
21316;QUESO BLANCO SEREN.290G LIGHT CLAS.VIT.AYD ;FIAMBRERIA
26136;QUESO BLANCO SEREN.460G CLASICO;FIAMBRERIA
26137;QUESO BLANCO SEREN.460G ENTERO;FIAMBRERIA
02228;QUESO CABRA CAB.SAN MARCOS ;FIAMBRERIA
22173;QUESO CASANCREM 290G ENTERO;FIAMBRERIA
22189;QUESO CASANCREM 290G LIGHT ;FIAMBRERIA
24083;QUESO CASANCREM 290G SIN SAL;FIAMBRERIA
22269;QUESO CASANCREM 480G ENT.FORT.;FIAMBRERIA
24829;QUESO CASANCREM 500G BALANCE;FIAMBRERIA
24838;QUESO CASANCREM 500G CLASICO ENT.;FIAMBRERIA
22328;QUESO CASANCREM 500G LIGHT FORT;FIAMBRERIA
00847;QUESO CASANTO CREMOSO;FIAMBRERIA
00564;QUESO CASANTO FONTINA EL KG ;FIAMBRERIA
00687;QUESO CASANTO TYBO BARRA;FIAMBRERIA
00307;QUESO CERDO 214 RIOSMA;FIAMBRERIA
00485;QUESO CERDO LA CASONA EL KG ;FIAMBRERIA
00922;QUESO CERDO PALADINI;FIAMBRERIA
22778;QUESO CHEDDAR TONADITA 120G;FIAMBRERIA
00285;QUESO CHUBUT HORMA;FIAMBRERIA
20263;QUESO CLASICO COCOIOGO 150G ;FIAMBRERIA
20266;QUESO COCOIOGO 150G AHUMADO ;FIAMBRERIA
20265;QUESO COCOIOGO 150G HIERBAS ;FIAMBRERIA
20264;QUESO COCOIOGO 150G MIX PIMIENTAS ;FIAMBRERIA
24348;QUESO CREMA LECHELITA 300G ;FIAMBRERIA
00229;QUESO CREMOSO NC ;FIAMBRERIA
01034;QUESO CREMOSO PUNTA DE AGUA ;FIAMBRERIA
01085;QUESO CRIOLLO C/ALBAHACA FERMIER ;FIAMBRERIA
22840;QUESO DANBO TONADITA 120G ;FIAMBRERIA
00583;QUESO EL CONDE CREMOSO HORMA;FIAMBRERIA
00587;QUESO EL CONDE CREMOSO MEDIA HORMA;FIAMBRERIA
00655;QUESO EL CONDE FONTINA;FIAMBRERIA
00574;QUESO EL CONDE MEDIA HORMA;FIAMBRERIA
00654;QUESO EL CONDE MINI FONTINA;FIAMBRERIA
00548;QUESO EL CONDE PATEGRAS;FIAMBRERIA
00549;QUESO EL CONDE PATEGRAS MINI;FIAMBRERIA
00656;QUESO EL CONDE PROVOLETA;FIAMBRERIA
00572;QUESO EL CONDE REGGIANITO;FIAMBRERIA
00588;QUESO EL CONDE ROMANO HORMA;FIAMBRERIA
00571;QUESO EL CONDE ROMANO MEDIA HORMA;FIAMBRERIA
00573;QUESO EL CONDE SARDO HORMA;FIAMBRERIA
00581;QUESO EL CONDE TYBO;FIAMBRERIA
00582;QUESO EL CONDE TYBO SABORIZADO;FIAMBRERIA
24748;QUESO EMPERADOR BRIE 100G ;FIAMBRERIA
24749;QUESO EMPERADOR CAMEMBERT 100G;FIAMBRERIA
23272;QUESO F.LAS VACAS 200G FETAS CHEDDAR;FIAMBRERIA
18402;QUESO F.LAS VACAS 500G BIORG.MUZARELLA;FIAMBRERIA
19728;QUESO FELICES LAS VACAS 200G ALM CHEDDAR FETAS;FIAMBRERIA
19729;QUESO FELICES LAS VACAS 200G ALM DANBO FETAS;FIAMBRERIA
20257;QUESO FELICES LAS VACAS 250G CREMOSO;FIAMBRERIA
19731;QUESO FELICES LAS VACAS 500G ALM CREMOSO S/TACC;FIAMBRERIA
24554;QUESO FELICES LVACAS 150G DANBO FETAS ;FIAMBRERIA
03472;QUESO FINLANDIA 100G BRIE NATURAL;FIAMBRERIA
13298;QUESO FINLANDIA 130G HEBRAS 4QUESOS;FIAMBRERIA
16347;QUESO FINLANDIA 130G HEBRAS CHEDDAR;FIAMBRERIA
13299;QUESO FINLANDIA 130G HEBRAS LIGHT;FIAMBRERIA
16346;QUESO FINLANDIA 130G HEBRAS MOZZ/PARM.;FIAMBRERIA
01394;QUESO FINLANDIA 150G FETAS DANBO;FIAMBRERIA
04797;QUESO FINLANDIA 150G FETAS LIGHT;FIAMBRERIA
14720;QUESO FINLANDIA 180G BALANCE;FIAMBRERIA
13666;QUESO FINLANDIA 180G CHEDDAR;FIAMBRERIA
13665;QUESO FINLANDIA 180G CLASICO;FIAMBRERIA
22470;QUESO FINLANDIA 180G GRUYERE;FIAMBRERIA
13664;QUESO FINLANDIA 180G JAM.PARMES.;FIAMBRERIA
13619;QUESO FINLANDIA 180G ORIGINAL ;FIAMBRERIA
21159;QUESO FINLANDIA 180G SIN SAL;FIAMBRERIA
13668;QUESO FINLANDIA 290G BALANCE;FIAMBRERIA
13702;QUESO FINLANDIA 290G CLASICO;FIAMBRERIA
13703;QUESO FINLANDIA 290G ORIGINAL ;FIAMBRERIA
21153;QUESO FINLANDIA 290G S/SAL ;FIAMBRERIA
03483;QUESO FINLANDIA CAMEMBERT 200G NATURAL;FIAMBRERIA
4796;QUESO FINLANDIA CHEDDAR FETAS;FIAMBRERIA
24882;QUESO HEBRAS  F.LAS VACAS 150G MIX QUESOS;FIAMBRERIA
24881;QUESO HEBRAS  F.LAS VACAS 150G REGGIANITO ;FIAMBRERIA
18814;QUESO HEBRAS  F.LAS VACAS 200G REGGIANITO ;FIAMBRERIA
18815;QUESO HEBRAS F.LAS VACAS 200G MIX ;FIAMBRERIA
03008;QUESO ILOLAY BARRA /G;FIAMBRERIA
00008;QUESO ILOLAY BARRA TYBO;FIAMBRERIA
00365;QUESO ILOLAY BLUE CHEESE ROQUE;FIAMBRERIA
26340;QUESO ILOLAY CREM 290G CLASICO;FIAMBRERIA
00001;QUESO ILOLAY CREMOSO KILO;FIAMBRERIA
22981;QUESO ILOLAY LIGHT 290G CREM C/FOLICO ;FIAMBRERIA
00915;QUESO ILOLAY MOZZARELLA BARRA;FIAMBRERIA
00342;QUESO ILOLAY P.SALUT 1/2 H;FIAMBRERIA
00122;QUESO ILOLAY P.SALUT LIGHT TR;FIAMBRERIA
00188;QUESO ILOLAY PATEGRAS;FIAMBRERIA
00318;QUESO LA QUESERA AZUL ESPECIAL;FIAMBRERIA
00879;QUESO LA QUESERA GRUYERE ESPEC;FIAMBRERIA
00045;QUESO LA QUESERA PARMESANO;FIAMBRERIA
03172;QUESO LEGENDARIO CREMOSO /G ;FIAMBRERIA
01172;QUESO LEGENDARIO CREMOSO HORMA;FIAMBRERIA
01170;QUESO LEGENDARIO SARDO HORMA;FIAMBRERIA
26843;QUESO LS 180G FONTINA;FIAMBRERIA
26844;QUESO LS 180G JAMON;FIAMBRERIA
26842;QUESO LS 180G SALAME;FIAMBRERIA
00129;QUESO LS PARMESANO FRACC.240G;FIAMBRERIA
00618;QUESO LS POR SALUD RED.CAL.HORMA;FIAMBRERIA
17496;QUESO LS PROVOLETA 180G S/L;FIAMBRERIA
1471;QUESO MELINCUE 135G HEBRAS;FIAMBRERIA
00092;QUESO MELINCUE CHEDDAR BARRA;FIAMBRERIA
00014;QUESO MELINCUE FONTINA PICANTE;FIAMBRERIA
00575;QUESO MELINCUE GOUDA RUEDA;FIAMBRERIA
00380;QUESO MELINCUE MUZZARELLA PLAN;FIAMBRERIA
00394;QUESO MELINCUE PEPATO PIMIENTA;FIAMBRERIA
00126;QUESO MELINCUE PORT SALUT LIGH;FIAMBRERIA
00162;QUESO MELINCUE REGIANITTO;FIAMBRERIA
00933;QUESO MELINCUE TYBO;FIAMBRERIA
00193;QUESO MELINCUE TYBO AHUMADO;FIAMBRERIA
22841;QUESO MOZZARELLA TONADITA 120G;FIAMBRERIA
25764;QUESO MUZZOLIVA F.LAS VACAS 500G;FIAMBRERIA
00682;QUESO NC CHEDDAR;FIAMBRERIA
00680;QUESO NC GOUDA;FIAMBRERIA
00681;QUESO NC PATEGRAS;FIAMBRERIA
00688;QUESO NC POR SALUT;FIAMBRERIA
00022;QUESO NOAL BARRA;FIAMBRERIA
03022;QUESO NOAL BARRA /G;FIAMBRERIA
00263;QUESO NOAL CREMOSO;FIAMBRERIA
03263;QUESO NOAL CREMOSO /G ;FIAMBRERIA
00102;QUESO NOAL MAGRO KILO;FIAMBRERIA
00096;QUESO NOAL MOZZARELLA BARRA;FIAMBRERIA
00301;QUESO NOAL POR SALUT;FIAMBRERIA
00025;QUESO NOAL REGIANITO;FIAMBRERIA
00034;QUESO NOAL SARDO;FIAMBRERIA
00675;QUESO PAULINA BARRA DANBO;FIAMBRERIA
00674;QUESO PAULINA CREMOSO;FIAMBRERIA
00677;QUESO PAULINA PATEGRAS ;FIAMBRERIA
00919;QUESO PAULINA TYBO DESCREMADO.;FIAMBRERIA
00678;QUESO POR SALUT NC S/SAL;FIAMBRERIA
16581;QUESO PORT SALUT 180G LIGHT POTE;FIAMBRERIA
001072;QUESO RALLADO ILOLAY  40G;FIAMBRERIA
05460;QUESO RALLADO ILOLAY 120G;FIAMBRERIA
00913;QUESO RALLADO LA PAULINA;FIAMBRERIA
10617;QUESO RALLADO LA QUESERA 100G;FIAMBRERIA
05596;QUESO RALLADO LA QUESERA 150G;FIAMBRERIA
19972;QUESO RALLADO LA QUESERA 40G;FIAMBRERIA
013811;QUESO RALLADO PAULINA 3KG;FIAMBRERIA
09208;QUESO RALLADO SANCOR  40G;FIAMBRERIA
02286;QUESO RALLADO SANCOR 100G;FIAMBRERIA
02318;QUESO RALLADO SANCOR 190G;FIAMBRERIA
08042;QUESO RALLADO SANCOR 500G;FIAMBRERIA
13571;QUESO RALLADO SERENISIMA 130G;FIAMBRERIA
10300;QUESO RALLADO SERENISIMA 175G;FIAMBRERIA
13620;QUESO RALLADO SERENISIMA 35G;FIAMBRERIA
10301;QUESO RALLADO SERENISIMA 70G;FIAMBRERIA
21565;QUESO RALLADO SERENISIMA 80G ;FIAMBRERIA
26639;QUESO RALLADO TREGAR 120G;FIAMBRERIA
00322;QUESO RAMOLAC TYBO;FIAMBRERIA
00026;QUESO ROMANITO J.C.;FIAMBRERIA
00006;QUESO SANCOR CREMOSISIMO LIGHT;FIAMBRERIA
00094;QUESO SANCOR CREMOSO VACIO;FIAMBRERIA
00357;QUESO SANCOR DANBO BARRA;FIAMBRERIA
00091;QUESO SANCOR FONTINA;FIAMBRERIA
00061;QUESO SANCOR PATEGRAS;FIAMBRERIA
00089;QUESO SANCOR SARDO;FIAMBRERIA
03032;QUESO SANCOR.TROZ.FONTINA 240G;FIAMBRERIA
03082;QUESO SANCOR.TROZ.FYNBO 280G;FIAMBRERIA
01975;QUESO SANCOR.TROZ.GOUDA 300G;FIAMBRERIA
03035;QUESO SANCOR.TROZ.LIGHT 240G;FIAMBRERIA
03039;QUESO SANCOR.TROZ.PATEGRAS 240;FIAMBRERIA
03054;QUESO SANCOR.TROZ.PEPATO;FIAMBRERIA
03050;QUESO SANCOR.TROZ.REGGIANITTO;FIAMBRERIA
03089;QUESO SANCOR.TROZ.SARDO 230G;FIAMBRERIA
00002;QUESO SER S/LACTOSA FRACC;FIAMBRERIA
00894;QUESO SEREN.CHEDDAR BARRA;FIAMBRERIA
01139;QUESO SEREN.CREMON FRACC.CREMO;FIAMBRERIA
00730;QUESO SEREN.CREMON FRACC.DOBLE;FIAMBRERIA
00358;QUESO SEREN.CREMON FRACC.LIGHT ;FIAMBRERIA
01142;QUESO SEREN.CREMON HORMA CREMOSO;FIAMBRERIA
00205;QUESO SEREN.CREMON HORMA DOBLE;FIAMBRERIA
00035;QUESO SEREN.CREMON HORMA LIGHT;FIAMBRERIA
00153;QUESO SEREN.DANBO HORMA;FIAMBRERIA
00214;QUESO SEREN.DANBO SIN LACTOSA;FIAMBRERIA
00528;QUESO SEREN.ESTILO CAMPO FRACCIONADO;FIAMBRERIA
00941;QUESO SEREN.FIAMBRIN;FIAMBRERIA
00304;QUESO SEREN.GOUDA FRACCIONADO;FIAMBRERIA
00095;QUESO SEREN.MINIFYMBO FRACCIONADO;FIAMBRERIA
09056;QUESO SEREN.MOZZARELLA 220G;FIAMBRERIA
24688;QUESO SEREN.MUZZARELLA 500G ;FIAMBRERIA
00192;QUESO SEREN.PATEGRAS FRACCIONA;FIAMBRERIA
00916;QUESO SEREN.PATEGRAS HORMA;FIAMBRERIA
00178;QUESO SEREN.PORT SALUT 450G SIN SAL FRACC;FIAMBRERIA
00891;QUESO SEREN.PORT SALUT ENTERO FRACC;FIAMBRERIA
00104;QUESO SEREN.PORT SALUT LIGHT FRACC;FIAMBRERIA
00039;QUESO SEREN.PROVOLONE FRACCIONADO;FIAMBRERIA
00899;QUESO SEREN.REGGIANITO 1/4 HORMA;FIAMBRERIA
00861;QUESO SEREN.REGGIANITO FRACCIONADO;FIAMBRERIA
01038;QUESO SEREN.SAINT PAULIN FRACC;FIAMBRERIA
00221;QUESO SEREN.SARDO 1/2HORMA;FIAMBRERIA
01016;QUESO SEREN.SARDO FRACCIONADO;FIAMBRERIA
07312;QUESO THOLEM 190G AZUL FRANCES;FIAMBRERIA
06625;QUESO THOLEM 190G CHEDDAR;FIAMBRERIA
07314;QUESO THOLEM 190G CLASICO;FIAMBRERIA
07313;QUESO THOLEM 190G JAMON SIERRA;FIAMBRERIA
04063;QUESO THOLEM 190G SALAME;FIAMBRERIA
08700;QUESO THOLEM LIGHT 190G CLASIC;FIAMBRERIA
06620;QUESO THOLEM LIGHT 190G JAMON;FIAMBRERIA
26407;QUESO TONADITA 120G CHEDDAR AMERICANO;FIAMBRERIA
26427;QUESO TONADITA 120G DANBO FETAS;FIAMBRERIA
26923;QUESO TONADITA 120G MOZZARELLA FETAS;FIAMBRERIA
27276;QUESO TONADITA 200G MASCARPONE;FIAMBRERIA
00692;QUESO TONADITA CHEDDAR;FIAMBRERIA
00617;QUESO TREGAR AZUL HORMA;FIAMBRERIA
00302;QUESO TREGAR BARRA;FIAMBRERIA
00270;QUESO TREGAR CREMOSO ;FIAMBRERIA
00657;QUESO TREGAR CREMOSO FRACC;FIAMBRERIA
00401;QUESO TREGAR CRIOLLO;FIAMBRERIA
00612;QUESO TREGAR CRIOLLO;FIAMBRERIA
00079;QUESO TREGAR FONTINA;FIAMBRERIA
00049;QUESO TREGAR HOLANDA;FIAMBRERIA
09721;QUESO TREGAR MASCARPONE 200G;FIAMBRERIA
00749;QUESO TREGAR PATEGRAS;FIAMBRERIA
00671;QUESO TREGAR POR SALUD RED.FRACC;FIAMBRERIA
00673;QUESO TREGAR POR SALUT;FIAMBRERIA
00608;QUESO TREGAR POR SALUT S/SAL;FIAMBRERIA
05937;QUESO UNT. NEUFCHATEL 180G CLASICO;FIAMBRERIA
21157;QUESO UNT. NEUFCHATEL 180G JAMÓN;FIAMBRERIA
24621;QUESO UNT.ADLER 190G CREM.C/SALAME;FIAMBRERIA
24706;QUESO UNT.ADLER 190G CREMOSO ;FIAMBRERIA
24809;QUESO UNT.ADLER 190G CREMOSO C/JAMON;FIAMBRERIA
14941;QUESO UNT.CREMON 280G LIGHT;FIAMBRERIA
14540;QUESO UNT.CREMON 280G ORIGINAL;FIAMBRERIA
18532;QUESO UNT.F.LAS VACAS 200G JAMON SERRANO;FIAMBRERIA
24747;QUESO UNT.MILKAUT 190G ;FIAMBRERIA
24612;QUESO UNT.MILKAUT 190G AZUL ;FIAMBRERIA
24684;QUESO UNT.MILKAUT 190G CHEDDAR ;FIAMBRERIA
24590;QUESO UNT.MILKAUT 190G CLASICO ;FIAMBRERIA
24591;QUESO UNT.MILKAUT 190G CON JAMON ;FIAMBRERIA
23563;QUESO UNT.MILKAUT 190G POR SALUT;FIAMBRERIA
24222;QUESO UNT.MILKAUT 285G CREMATTO;FIAMBRERIA
24387;QUESO UNT.MILKAUT 285G CREMATTO CLASICO;FIAMBRERIA
21305;QUESO UNT.NEUFCHATEL 180G DESC.;FIAMBRERIA
21317;QUESO UNT.NEUFCHATEL 180G SALAME;FIAMBRERIA
27462;QUESO UNT.PATAGONIA 180G ORIGINAL;FIAMBRERIA
14152;QUESO UNT.PATAGONIA 200G CLASICO;FIAMBRERIA
14305;QUESO UNT.PATAGONIA 200G LIGHT;FIAMBRERIA
24012;QUESO UNT.PATAGONIA 200G ORIGINAL;FIAMBRERIA
24268;QUESO UNT.PATAGONIA 200G RED.;FIAMBRERIA
26823;QUESO UNT.PATAGONIA 290G ORIGINAL;FIAMBRERIA
27083;QUESO UNT.PATAGONIA 290G REDUCIDO;FIAMBRERIA
14151;QUESO UNT.PATAGONIA 300G CLASICO;FIAMBRERIA
23078;QUESO UNT.PATAGONIA 300G CLASICO REDUCIDO;FIAMBRERIA
27084;QUESO UNT.PATAGONIA 300G EQUILIBRIO;FIAMBRERIA
14153;QUESO UNT.PATAGONIA 300G LIGHT;FIAMBRERIA
16032;QUESO UNT.PAULINA 190G AZUL;FIAMBRERIA
16027;QUESO UNT.PAULINA 190G CLASICO;FIAMBRERIA
16031;QUESO UNT.PAULINA 190G FONTINA;FIAMBRERIA
25174;QUESO UNT.PAULINA 190G JAMON;FIAMBRERIA
16028;QUESO UNT.PAULINA 190G P/SALUT LIGHT;FIAMBRERIA
25173;QUESO UNT.PAULINA 190G SALAME;FIAMBRERIA
25321;QUESO UNT.TONADITA 180G 4 QUESOS ;FIAMBRERIA
21225;QUESO UNT.TONADITA 180G AZUL;FIAMBRERIA
21402;QUESO UNT.TONADITA 180G CLASICO;FIAMBRERIA
22566;QUESO UNT.TONADITA 180G DIP CHEDDAR;FIAMBRERIA
21226;QUESO UNT.TONADITA 180G GRUYERE ;FIAMBRERIA
21227;QUESO UNT.TONADITA 180G JAMON;FIAMBRERIA
24220;QUESO UNT.TONADITA 180G LIGHT ;FIAMBRERIA
25322;QUESO UNT.TONADITA 180G SALAME ;FIAMBRERIA
18933;QUESO UNT.TONADITA 290G CREMETTE ;FIAMBRERIA
22977;QUESO UNT.TONADITA 290G CREMETTE LIGHT;FIAMBRERIA
25369;QUESO UNT.TONADITA 480G CREMETTE ;FIAMBRERIA
26638;QUESO UNTABLE CHATEL 180G CHEDDAR;FIAMBRERIA
26489;QUESO UNTABLE CHATEL 180G CIBOULETTE;FIAMBRERIA
000214;QUESO UNTABLE ILOLAY 190G 4 QU;FIAMBRERIA
02760;QUESO UNTABLE ILOLAY 190G BLUE;FIAMBRERIA
06536;QUESO UNTABLE ILOLAY 190G CLAS;FIAMBRERIA
26196;QUESO UNTABLE ILOLAY 190G CLASICO;FIAMBRERIA
06535;QUESO UNTABLE ILOLAY 190G GRUY;FIAMBRERIA
26773;QUESO UNTABLE ILOLAY 190G GRUYERE;FIAMBRERIA
000194;QUESO UNTABLE ILOLAY 190G JAMON;FIAMBRERIA
26181;QUESO UNTABLE ILOLAY 190G JAMON;FIAMBRERIA
26207;QUESO UNTABLE ILOLAY 190G QUESO AZUL;FIAMBRERIA
07435;QUESO VERONICA 250G BLANCO;FIAMBRERIA
07434;QUESO VERONICA 250G CREMA;FIAMBRERIA
00240;QUESO VERONICA AZUL;FIAMBRERIA
01076;QUESO VERONICA BARRA MAGRA;FIAMBRERIA
00043;QUESO VERONICA BARRA TYBO;FIAMBRERIA
00347;QUESO VERONICA CREMOSO;FIAMBRERIA
00998;QUESO VERONICA CREMOSO TROZADO;FIAMBRERIA
00988;QUESO VERONICA FYMBO;FIAMBRERIA
00989;QUESO VERONICA GOUDA;FIAMBRERIA
00992;QUESO VERONICA GRUYERITO;FIAMBRERIA
00445;QUESO VERONICA HOLANDITA ESFER;FIAMBRERIA
01074;QUESO VERONICA MINI AZUL;FIAMBRERIA
00444;QUESO VERONICA MINI FYMBO TROZ;FIAMBRERIA
00399;QUESO VERONICA MOZARELLA BARRA;FIAMBRERIA
00446;QUESO VERONICA PARRILLERO TROZ;FIAMBRERIA
00233;QUESO VERONICA PATEGRAS;FIAMBRERIA
00993;QUESO VERONICA POR SALUT S/SAL;FIAMBRERIA
00058;QUESO VERONICA POR SALUT S/SAL TROZ.;FIAMBRERIA
01025;QUESO VERONICA POR SALUT TROZA;FIAMBRERIA
00332;QUESO VERONICA REGGIANITO;FIAMBRERIA
16070;QUESOJA SOYLAND 320G S/T;FIAMBRERIA
14504;QUESOJA SOYLAND 360G CREMOSO;FIAMBRERIA
18530;QUESTAÑA F.LAS VACAS 160G AHUMADO;ALMACEN
18529;QUESTAÑA F.LAS VACAS 160G AL AJILLO;ALMACEN
18397;QUESTAÑA F.LAS VACAS 160G CIBOULETTE;ALMACEN
18398;QUESTAÑA F.LAS VACAS 160G TRADICIONAL;ALMACEN
00217;QUIJADA EL KG;CARNICERIA
26596;QUINOA POP DICOMERE 150G ;ALMACEN
07808;QUIT.VANISH 1.3L LIQ DOY WHI;ALMACEN
01920;QUIT.VANISH GEL DOY 400M PRE;ALMACEN
01915;QUIT.VANISH LIQ.DOY 400M PRE R;ALMACEN
04168;QUIT.VANISH LIQ.DOY 650ML BCO.;ALMACEN
02076;QUIT.VANISH LIQ.GAT.500M PRE G;ALMACEN
07809;QUIT.VANISH LIQ.PINK 1.3L COLOR;ALMACEN
09927;QUIT.VANISH POLVO DOY 450G WH;ALMACEN
27392;QUITA ESM.ALGABO  50CC HUMECTANTE;ALMACEN
27734;QUITA ESM.ALGABO  50CC KERATINA;ALMACEN
3550;QUITA ESM.ALGABO 100CC HUMECTANTE;ALMACEN
27732;QUITA ESM.ALGABO 120CC DOSIFICADOR;ALMACEN
24607;QUITA ESM.CUTEX 100ML NATURE;ALMACEN
06623;QUITA ESM.CUTEX FORTALECEDOR.1;ALMACEN
02982;QUITA ESM.CUTEX HIPOALERG.100C;ALMACEN
001059;QUITA ESM.CUTEX HUMECTANTE;ALMACEN
14307;QUITA ESM.ESTRELLA 50CC RESTAURADOR;ALMACEN
25657;QUITA ESM.ESTRELLA 50ML HUMECTANTE;ALMACEN
06622;QUITA ESM.ROUBAIX 120CC;ALMACEN
02973;QUITA ESM.ROUBAIX 120CC VIT.E;ALMACEN
05384;QUITA OLOR P/HELAD.Y FREEZ.;ALMACEN
15105;QUITAM.AYUDIN 1L BCO.INT.FLORAL;ALMACEN
24189;QUITAM.AYUDIN 2L BCO.INT.FLORAL;ALMACEN
18741;QUITAM.AYUDIN 400CC BLANCO SUPREMO;ALMACEN
04528;QUITAM.AYUDIN 400CC COLORES VIVOS;ALMACEN
18740;QUITAM.AYUDIN 700CC BLANCO SUPREMO;ALMACEN
13684;QUITAM.AYUDIN 700CC COLORES VIVOS;ALMACEN
27711;QUITAM.TRENET 450G POWER PRECISION;ALMACEN
09340;QUITAM.VANISH 400CC DOY WHITE;ALMACEN
001199;QUITAM.VANISH 400CC DOY WHITE;ALMACEN
02704;QUITAM.VANISH 400ML COLOR DP GEL ;ALMACEN
09928;QUITAM.VANISH 450G POLVO PINK DOY;ALMACEN
02653;QUITAM.VANISH 850G PINK GOLD;ALMACEN
2651;QUITAM.VANISH 850G POLVO GOLD WHITE;ALMACEN
05597;QUITAM.VANISH BARRA 75G PINK;ALMACEN
04165;QUITAM.VANISH BARRA 75G WHITE;ALMACEN
10481;QUITAM.VANISH DOY 650CC MULTIUSO;ALMACEN
02917;QUITAM.VANISH GAT.500CC O2 BLANCO;ALMACEN
02075;QUITAM.VANISH GAT.500CC O2 PINK;ALMACEN
05555;QUITAM.VANISH GEL 200CC C/APLICADOR;ALMACEN
26648;QUITAM.VANISH POLVO 450G POTE BLANCO GOLD;ALMACEN
26649;QUITAM.VANISH POLVO 450G POTE ROSA;ALMACEN
07311;QUITAM.VANISH POLVO 450G POTE WHITE;ALMACEN
09918;QUITAM.VANISH POLVO O2 450G;ALMACEN
07324;QUITAM.VANISH POLVO OXI.120G PINK;ALMACEN
07804;QUITAM.VANISH POLVO OXI.120G WHITE;ALMACEN
06825;RABANITOS EL ATADO;VERDULERIA
00275;RABO;CARNICERIA
26291;RACIONADOR EZCO EMBALAR 48X50;ALMACEN
26292;RACIONADOR EZCO PORTARROLLO;ALMACEN
00808;RADICHIO;VERDULERIA
15293;RAID APARATO P/TABLETA S/CABLE;ALMACEN
21143;RALLADO VEGANO NATURAL POP 100G S/TACC;ALMACEN
20511;RALLADOR 6 CARAS ACERO INOX.22.5CM;ALMACEN
05494;RALLADOR LOEKEMEYER CILINDRICO;ALMACEN
27555;RALLADOR PORTEÑA HEXAGONAL REFORZADO;ALMACEN
26583;RALLADOR PORTEÑA METALICO;ALMACEN
26226;RAMEN ARCOR 70G CARNE;ALMACEN
26225;RAMEN ARCOR 70G POLLO;ALMACEN
26224;RAMEN ARCOR 70G POLLO PICANTE;ALMACEN
20898;RAMITAS PEP 120G QUESO;ALMACEN
21308;RAMITAS PEP 84G QUESO ;ALMACEN
27517;RAPIDITAS BIMBO 220G CHIA/LINO ;ALMACEN
27112;RAPIDITAS BIMBO 220G CLASICAS;ALMACEN
27101;RAPIDITAS BIMBO 220G INTEGRALES;ALMACEN
24699;RAPIDITAS BIMBO 275G 0% CERO;ALMACEN
19875;RAPIDITAS BIMBO 275G CLASICAS;ALMACEN
08339;RAPIDITAS BIMBO 275G INTEGRALES;ALMACEN
18952;RAPIDITAS BIMBO 275G LIGHT ;ALMACEN
08317;RAPIDITAS BIMBO 330G CLASICAS;ALMACEN
25664;RAPIDITAS BIMBO XXL 620G;ALMACEN
13545;RAVIOLES DON YEYO 500G 4QUESOS;ALMACEN
13541;RAVIOLES DON YEYO 500G ESP/CARNE;ALMACEN
13542;RAVIOLES DON YEYO 500G ESP/POLLO;ALMACEN
13543;RAVIOLES DON YEYO 500G ESP/RICOTA;ALMACEN
04354;RAVIOLES SALTENA 450G RICOTTA;ALMACEN
15297;RAVIOLES SALTENA 450GR ESPINAC;ALMACEN
15298;RAVIOLES SALTENA 450GR JAMON;ALMACEN
15299;RAVIOLES SALTENA 450GR POLLO;ALMACEN
15300;RAVIOLES SALTENA 450GR QUESO;ALMACEN
15296;RAVIOLES SALTENA 450GR RICOTA;ALMACEN
21499;RAVIOLES SALTEÑA 450G 4 QUESOS;ALMACEN
21503;RAVIOLES SALTEÑA 450G CARNE/VERDURA;ALMACEN
21500;RAVIOLES SALTEÑA 450G ESP./QUESO;ALMACEN
21502;RAVIOLES SALTEÑA 450G POLLO/ESPINACA;ALMACEN
21497;RAVIOLES SALTEÑA 900G 4 QUESOS ;ALMACEN
10142;RAVIOLES SALTEÑA 900G 4QUESOS;ALMACEN
21496;RAVIOLES SALTEÑA 900G POLLO/ESPINACA;ALMACEN
10031;RAVIOLES SALTEÑA 900G POLLO/VERDURA;ALMACEN
04858;RAVIOLES SUPERIORA 500G POLLO;ALMACEN
04850;RAVIOLES SUPERIORA 500G RICOTA;ALMACEN
06448;RAVIOLES SUPERIORA 500G VERDUR;ALMACEN
00107;RAVIOLES VEC.NUNZIATO POLLO;ALMACEN
00331;RAVIOLES VEC.NUNZIATO RICOTA;ALMACEN
00209;RAVIOLES VEC.NUNZIATO VERDURA;ALMACEN
14191;REBOZADOR ALL RICE 250G SIN SAL;ALMACEN
14190;REBOZADOR ALL RICE 250GR CON SAL;ALMACEN
24683;REBOZADOR ARROZ DICOMERE 450G ;ALMACEN
20267;REBOZADOR GRANIX 350G MAIZ;ALMACEN
20268;REBOZADOR GRANIX 350G MAIZ C/SEMILLAS;ALMACEN
03537;REBOZADOR GRANIX 750G CLASICO;ALMACEN
10082;REBOZADOR GRANIX 750G INTEGRAL;ALMACEN
13270;REBOZADOR GRANIX 750G SABOR.;ALMACEN
01390;REBOZADOR MAMA COCINA 500G FRE;ALMACEN
01388;REBOZADOR MAMA COCINA 500G HOR;ALMACEN
06569;REBOZADOR NATUZEN 240GR ARROZ;ALMACEN
27376;REBOZADOR PREFERIDO 350G LIBRE GLUTEN;ALMACEN
24999;REBOZADOR PREFERIDO 450G CRUNCH ;ALMACEN
24625;REBOZADOR PREFERIDO 500G ;ALMACEN
21985;REBOZADOR SANTA MARIA 500G ;ALMACEN
24398;RECIP.RESID.VAI-VEN 10L REDONDO;ALMACEN
13677;RECIP.RESID.VAI-VEN 8L REDONDO;ALMACEN
11876;RECIPIENTE FLORIDA 12L REDONDO;ALMACEN
16915;RECIPIENTE RESIDUOS 16LT RED.C/T;ALMACEN
25594;RECIPIENTE RESIDUOS 22LT FLORIDA;ALMACEN
13676;RECIPIENTE RESIDUOS C/T CHICO;ALMACEN
17297;RECIPIENTE VAI VEN 10L GARDEN;ALMACEN
00384;RECORTE DE CERDO EL KG;CARNICERIA
00198;RECORTES ;FIAMBRERIA
00020;RECORTES DE FIAMBRE;FIAMBRERIA
21352;RED POLIETILENO DISCO AMARILLO VERDULERIA;ALMACEN
21353;RED POLIETILENO DISCO BLANCO VERDULERIA;ALMACEN
21351;RED POLIETILENO DISCO ROJO VERDULERIA;ALMACEN
05914;REGADERA PORTEÑA 6LTS;ALMACEN
20472;REGLA KIT SET 3 PIEZAS MAPED ;ALMACEN
27668;REGLA MAPED 30CM FLEXIBLE DECOR;ALMACEN
26293;REGLA MAPED FLEXIBLE 30CM;ALMACEN
25053;REGLA WERO 30CM FLEXIBLE;ALMACEN
23211;REGLA WERO SET 3U FLEXIBLE;ALMACEN
25439;REJILLA COC. PORTEÑA DOBLE PESADA 38X45CM;ALMACEN
26197;REJILLA COSTERO 38X50 PABILO SUPER;ALMACEN
14059;REJILLA COSTERO AUTO ECONOMICO;ALMACEN
14081;REJILLA COSTERO AUTO GRANDE;ALMACEN
14031;REJILLA COSTERO BLANCO HILO;ALMACEN
14058;REJILLA COSTERO PABILO;ALMACEN
04774;REJILLA MARILU 35*35 COLOR;ALMACEN
12241;REJILLA MARILU 38*43 SUPER ABSORBENTE;ALMACEN
25124;REJILLA MARILU 40*40 ABIERTA BAR;ALMACEN
000389;REJILLA MARILU 50*60 LAVACOCHE PESADA;ALMACEN
02456;REJILLA MARILU ABIERTA BAR;ALMACEN
17626;REJILLA MARILU ABIERTA BAR;ALMACEN
22734;REJILLA MI SUEÑO;ALMACEN
08302;REJILLA PORTENA AUTO DOBLE;ALMACEN
26178;REJILLA PORTEÑA 38X40CM ESPECIAL;ALMACEN
19274;REJILLA SED METAL LAVACOCHES;ALMACEN
23695;REJILLA SUIZA 34*48 LIVIANA;ALMACEN
23696;REJILLA SUIZA 50*38 BAR;ALMACEN
15793;RELLENO AGUILA 290G 3 EN 1 FONDUE;ALMACEN
17835;RELLENO AGUILA 290G NUT AVELLANA;ALMACEN
15365;RELLENO BON O BON 290G;ALMACEN
25388;RELLENO CAMPAG.400G TARTA CHOCLO;ALMACEN
25387;RELLENO CAMPAG.400G TARTA VERDURA;ALMACEN
16299;RELLENO COFLER 290G BLOCK;ALMACEN
07586;RELLENO LEDEVIT CHANTILLY 500G;ALMACEN
08061;RELLENO LEDEVIT CHOCOLATE 500G;ALMACEN
06688;RELLENO LEDEVIT FRUTILLA 500G;ALMACEN
05591;RELLENO LEDEVIT VAINILLA 500G;ALMACEN
00789;REMOLACHA  EL KG.;VERDULERIA
25680;REMOLACHA BAHIA 300G EN CUBOS;ALMACEN
00534;REMOLACHA OFERTA;VERDULERIA
00635;REMOLACHA RALLADA ;VERDULERIA
17038;REMOVEDOR CERAS SUIZA P/MADERAS 850CC;ALMACEN
06136;REMOVEDOR SUIZA CERAS 900CC;ALMACEN
24628;REMOVEDORES VIRGINIA 500U;ALMACEN
11817;RENOVADOR REVIGAL 300CC SILICONA;ALMACEN
25973;RENOVADOR WALKER 400ML MULTIPROPOSITO;ALMACEN
27616;REP. CALCAR LUMA N5 *8H;ALMACEN
14119;REPASADOR COSTERO EST.CONT. 31 X 48 CM;ALMACEN
14105;REPASADOR COSTERO ESTAMPADO 37X65CM;ALMACEN
22759;REPASADOR ESTAMPADO NAVIDEÑO;ALMACEN
27743;REPASADOR JUANCHO 40*55 TOALLA;ALMACEN
27742;REPASADOR JUANCHO 40*60 ;ALMACEN
14166;REPASADOR JUANCHO 50*55 GUARDA FRANCESA;ALMACEN
14165;REPASADOR JUANCHO TOALLA COLOR;ALMACEN
20956;REPASADOR JUANCHO TOALLA COLOR;ALMACEN
21828;REPASADOR LA PORTEÑA CORAZONES ;ALMACEN
25186;REPASADOR MARGARITA TOALLA;ALMACEN
11864;REPASADOR NIDO ABEJA;ALMACEN
24805;REPASADOR TOALLA MARGARITA ;ALMACEN
25618;REPELENTE 911 150CC;ALMACEN
07350;REPELENTE ESCUDO 180CC ORIGINAL;ALMACEN
22805;REPELENTE FUYI 170CC AEROSOL;ALMACEN
19995;REPELENTE OFF AERO  98.7CC INVISIBLE ;ALMACEN
25499;REPELENTE OFF AERO 104.51ML INVISIBLE ;ALMACEN
06401;REPELENTE OFF AERO 165CC FAMILY;ALMACEN
19977;REPELENTE OFF AERO.170CC EXTRA DURACION;ALMACEN
16902;REPELENTE OFF AERO.170CC FAMILY ;ALMACEN
19994;REPELENTE OFF AERO.170CC FAMILY ;ALMACEN
20155;REPELENTE OFF CREMA  60GR FAMILY;ALMACEN
07088;REPELENTE OFF CREMA  90CC EXTRA;ALMACEN
14201;REPELENTE OFF CREMA  90GR;ALMACEN
19993;REPELENTE OFF CREMA  90GR EXTRA DURACION;ALMACEN
19983;REPELENTE OFF CREMA 100GR KIDS ;ALMACEN
19980;REPELENTE OFF CREMA 196GR FAMILY ;ALMACEN
19984;REPELENTE OFF CREMA 60GR FAMILY P/LLEV.;ALMACEN
19992;REPELENTE OFF GEL 100CC BEBE ;ALMACEN
19981;REPELENTE OFF SPRAY 100CC DEF.EXTREMA;ALMACEN
19979;REPELENTE OFF SPRAY 100CC DEFENSE INFAN.;ALMACEN
19986;REPELENTE OFF SPRAY 100CC SUEÑOS ;ALMACEN
19982;REPELENTE OFF SPRAY 177CC;ALMACEN
25444;REPELENTE VN AERO. 170CC EXTRA DURACION;ALMACEN
25443;REPELENTE VN AERO. 170CC FAMILIAR;ALMACEN
00791;REPOLLO BLANCO  EL KG.;ALMACEN
00793;REPOLLO DE BRUSELAS X BANDEJA;ALMACEN
00790;REPOLLO MORADO EL KG.;ALMACEN
26917;REPUESTO BOLSA SANITARIA *3U;ALMACEN
25056;REPUESTO EL NENE DIB.N5 BLANCO*6H;ALMACEN
25057;REPUESTO ESC.*24H RIVADAVIA CUAD.EX.BCO;ALMACEN
20451;REPUESTO ESC.*48H AMERICA CUAD.;ALMACEN
20453;REPUESTO ESC.*48H RIVADAVIA CUAD.MATE;ALMACEN
25058;REPUESTO ESC.*96H AMERICA CUAD.C/BANDA;ALMACEN
20455;REPUESTO ESC.*96H AMERICA RAYADO C/BANDA;ALMACEN
25454;REPUESTO ESC.24H RIVADAVIA EXTRA BLANCO;ALMACEN
25731;REPUESTO ESC.480H HUSARES CUADRICULADO;ALMACEN
25732;REPUESTO ESC.480H HUSARES RAYADO;ALMACEN
27617;REPUESTO ESC.480H TRIUNFANTE CUADRIC.;ALMACEN
27618;REPUESTO ESC.480H TRIUNFANTE RAYADO;ALMACEN
25453;REPUESTO ESC.96H RIVADAVIA HOJAS MATE;ALMACEN
23204;REPUESTO LUMA DIB.N5 BLANCO*6H;ALMACEN
25059;REPUESTO PENTAGRAMADO TRIUNFANTE;ALMACEN
25730;REPUESTO TRIUNFANTE A4*48 HJS RAYADO;ALMACEN
25455;RESALTADOR FILGO LIGHTER FINE FLUOR.*4 SURTIDOS;ALMACEN
23206;RESALTADOR TRABI *4U FLUOR;ALMACEN
27647;RESMA PUNAX A4 75GRS;ALMACEN
19572;REVITALIZANTE ESPADOL 220ML DOSIF.FRAM/GRAN.;ALMACEN
11818;REVIVIDOR REVIGAL 300CC;ALMACEN
00135;RIBS DE CERDO EL KILO;CARNICERIA
06143;RICOTTA GARCIA 500G;FIAMBRERIA
15935;RICOTTA GARCIA 500G SEMIGRASA;FIAMBRERIA
00911;RICOTTA TIO PUJIO EL KG;FIAMBRERIA
00077;RINONES;CARNICERIA
27175;RISOTTO GALLO 240G TRATTORIA CHAMP;ALMACEN
04138;RISOTTO MOLE 400G NAPOLITANO;ALMACEN
11683;ROCIO VEGETAL NATURA 120G;ALMACEN
09985;ROCIO VEGETAL NUCETE 120G OLIVA;ALMACEN
06015;ROCKLETS  35G BOLLS;ALMACEN
06099;ROCKLETS  40G MANI;ALMACEN
03020;ROCKLETS 120G NAVIDAD;ALMACEN
05814;ROCKLETS 150G;ALMACEN
06007;ROCKLETS 150G MINI;ALMACEN
05024;ROCKLETS 20G CHOCOLATE;ALMACEN
03328;ROCKLETS CHOCOLATE  40G;ALMACEN
13839;ROKLETS ARCOR 120G 3DESEOS;ALMACEN
12529;ROLLITOS VIRULANA  6UN;ALMACEN
13535;ROLLITOS VIRULANA 10UN;ALMACEN
25648;ROLLO ALUMINIO MIA COCINA 5M;ALMACEN
25329;ROLLO ALUMINIO PRO-ALUMINIO 5MTS;ALMACEN
22772;ROLLO COC. ELITE 3*50 D.HOJA PLUS;ALMACEN
08434;ROLLO COC.DICHA 3U;ALMACEN
06865;ROLLO COC.ELEGANTE 200P LISO;ALMACEN
25860;ROLLO COC.ELEGANTE 200P SUPER GIGANTE;ALMACEN
25511;ROLLO COC.ELEGANTE 200P SUPER GIGANTE;ALMACEN
11590;ROLLO COC.ELEGANTE 50P LISO*3;ALMACEN
21668;ROLLO COC.FELPITA *3U 40P;ALMACEN
26569;ROLLO COC.FELPITA *3U 60P;ALMACEN
26688;ROLLO COC.FELPITA 150P MAXIROLLO ALTO;ALMACEN
23356;ROLLO COC.SUIZA 200P LISO;ALMACEN
02454;ROLLO COCINA CARTABELLA 3U DAY;ALMACEN
02449;ROLLO COCINA FELPITA 3U DECORE;ALMACEN
02200;ROLLO COCINA FELPITA 3U DECORE FIESTAS;ALMACEN
27516;ROLLO COCINA SUSSEX 200P FAMILIAR ;ALMACEN
21954;ROLLO COCINA SUSSEX 3U CLASICO;ALMACEN
24658;ROLLO COCINA SUSSEX 3U CLASICO ;ALMACEN
27184;ROLLO COCINA SUSSEX 3U CLASICO ;ALMACEN
25400;ROLLO COCINA SUSSEX CLASICO MEGAROLLO;ALMACEN
000103;ROLLO FRIGORIFICO CON LOGO;ALMACEN
21673;ROLLO FRIGORIFICO SIN LOGO;ALMACEN
25796;ROLLO MAKE SACA PELUSA ;ALMACEN
21354;ROLLO NUMERITO TURNO AZUL PANADERIA;ALMACEN
21356;ROLLO NUMERITO TURNO ROJO CARNICERIA;ALMACEN
21355;ROLLO NUMERITO TURNO VERDE FIAMBRERIA;ALMACEN
09759;ROLLO PAPEL MANTECA 5MT.;ALMACEN
25650;ROLLO PAPEL MANTECA MIA COCINA 5MTS;ALMACEN
21820;ROLLO PAPEL MANTECA PANAD.50 MTS;ALMACEN
06466;ROLLOS ACERO DEA 45G ;ALMACEN
00235;ROMANESCO;VERDULERIA
17942;ROMERO ALICANTE 15G S/T;ALMACEN
21222;ROMERO CALLIERI 25G ;ALMACEN
18684;ROMERO CAMPAG.15G ;ALMACEN
26186;RON BACARDI 700CC CARTA BLANCA;ALMACEN
13875;RON BACARDI 750CC CARTA BLANCA;ALMACEN
13876;RON BACARDI 750CC CARTA ORO;ALMACEN
08952;RON BACARDI 980CC CARTA ORO ;ALMACEN
23641;RON CAYMAN 750CC AÑEJO;ALMACEN
23642;RON CAYMAN 750CC LIGHT ;ALMACEN
17586;RON COCO BONGO 750CC;ALMACEN
03938;RON CRAZY BLANCO 1L;ALMACEN
21576;RON HAVANA CLUB 750CC AÑEJO ESPECIAL ;ALMACEN
08970;RON HAVANA CLUB 750CC BLANCO 3AÑOS;ALMACEN
24322;RON HAVANA CLUB 750ML ORIG.3 AÑOS ;ALMACEN
00241;ROSCA DE PASCUA FRANKY UNIDAD;PANADERIA
00234;ROSCAS  FRANKY X UNIDAD;PANADERIA
00232;ROSCAS FRANKY X 1/2 DOCENA;PANADERIA
00423;ROSCAS FRANKY X DOCENA;PANADERIA
25060;ROTULO FW MINIONS *12U ;ALMACEN
20457;ROTULO MOOVING AFA SELECCION *12U;ALMACEN
20458;ROTULO MOOVING AMONG US *12U ;ALMACEN
25749;ROTULO MOOVING BLISTER X12 SIMPSONS;ALMACEN
27656;ROTULO MOOVING DC *12U ;ALMACEN
27655;ROTULO MOOVING FORTNITE *12U ;ALMACEN
27653;ROTULO MOOVING KITTY *12U ;ALMACEN
27654;ROTULO MOOVING PLAYSTATION *12U ;ALMACEN
23207;ROTULO MOOVING PUSHEEN *12U ;ALMACEN
27657;ROTULO MOOVING R.FURIOSOS *12U ;ALMACEN
25733;ROTULO PPR BLISTER 16 ETIQUETAS BOCA;ALMACEN
25734;ROTULO PPR BLISTER 16 ETIQUETAS INTER MIAMI;ALMACEN
25735;ROTULO PPR BLISTER 16 ETIQUETAS PETS;ALMACEN
25736;ROTULO PPR BLISTER 16 ETIQUETAS RIVER;ALMACEN
25061;ROTULO PPR CACHORROS *16U ;ALMACEN
25062;ROTULO PPR SWEET *16U ;ALMACEN
25063;ROTULO PPR TOMY JERRY *16U ;ALMACEN
20431;ROTULO SIFAP BLISTER 8U ;ALMACEN
00739;RUCULA HIDROPONICA X UNIDAD;VERDULERIA
00794;RUCULA X ATADO;VERDULERIA
14962;RUEDITAS PEP 120G PIZZA;ALMACEN
26821;RUEDITAS PEP 71G FLAMIN HOT;ALMACEN
14961;RUEDITAS PEP 74G PIZZA;ALMACEN
16294;SABOR ALICANTE 30G ALBAHACA Y AJO 4U;ALMACEN
16181;SABOR ALICANTE 7.5G QUESOS 4U S/T;ALMACEN
19975;SABOR ALICANTE CARNE ;ALMACEN
15420;SABOR ALICANTE CARNE 4U S/T;ALMACEN
16057;SABOR ALICANTE CHAMP/HONGO 4U S/T;ALMACEN
15513;SABOR ALICANTE CREMA Y VERDEO 30G 4U;ALMACEN
16225;SABOR ALICANTE FINAS HIERBAS 4S ST;ALMACEN
16301;SABOR ALICANTE GALLINA 4U S/TACC;ALMACEN
15720;SABOR ALICANTE PANCETA 4S 30G ST;ALMACEN
15822;SABOR ALICANTE PUERRO S/T 30G;ALMACEN
16056;SABOR ALICANTE VERDURA 24G B/SODIO S/T;ALMACEN
19369;SABOR ALICANTE VERDURA 30G 4U S/T;ALMACEN
10487;SABOR CALLIERI 90G SIN SAL;ALMACEN
17286;SABOR SIN SAL CALLIERI 90G CAPRESE;ALMACEN
16820;SABORIZ.KNORR 21G AJO/CEBOLLA;ALMACEN
16821;SABORIZ.KNORR 21G CRIOLLA;ALMACEN
16819;SABORIZ.KNORR 21G HIERBA/ESPECIES;ALMACEN
16907;SABORIZ.KNORR 21G LIMON/OREGANO;ALMACEN
16818;SABORIZ.KNORR 21G ROMERO/TOMILLO;ALMACEN
16908;SABORIZ.KNORR 35G BARBACOA ;ALMACEN
06635;SACACORCHO DOBLE PALANCA MAKE;ALMACEN
06270;SACACORCHO LOEKEMEYER DOBLE;ALMACEN
25777;SACACORCHO LOEKEMEYER DOBLE IMPULSO;ALMACEN
06147;SACACORCHO LOEKEMEYER MOZO;ALMACEN
001126;SACACORCHO LOEKEMEYER SIDRA;ALMACEN
21120;SACAPUNTA DELI BLISTER CONEJO;ALMACEN
21114;SACAPUNTA DELI BLISTER MANZANA;ALMACEN
20459;SACAPUNTA DELI BLISTER OSO;ALMACEN
24942;SACAPUNTA DELI BLISTER PERRITO;ALMACEN
24943;SACAPUNTA DELI BLISTER PINGUINO;ALMACEN
25064;SACAPUNTA DELI BLISTER RATON;ALMACEN
20460;SACAPUNTA DELI BLISTER SUBMARINO;ALMACEN
21119;SACAPUNTA DELI BLISTER TROMPO;ALMACEN
27167;SACAPUNTA DELI CAJITA RATON EQUILIBRIO;ALMACEN
25456;SACAPUNTA MAPED BLISTER IGLOO;ALMACEN
25588;SACAPUNTA MAPED BLISTER PLATA/NEGRO;ALMACEN
25217;SACAPUNTA MAPED BLISTER SMILING;ALMACEN
27142;SACAPUNTA MAPED CROC CROC;ALMACEN
15992;SAHUMERIO BANGLADESH 10U CITRONELLA EMPAST.;ALMACEN
16833;SAHUMERIO BANGLADESH 10U COCO;ALMACEN
19714;SAHUMERIO BANGLADESH 10U INCIENSO;ALMACEN
15982;SAHUMERIO BANGLADESH 10U JAZMIN EMPASTE;ALMACEN
18527;SAHUMERIO BANGLADESH 10U LAVANDA;ALMACEN
15979;SAHUMERIO BANGLADESH 10U LAVANDA EMPASTE;ALMACEN
15981;SAHUMERIO BANGLADESH 10U LIMON EMPASTE;ALMACEN
21555;SAHUMERIO BANGLADESH 10U MIRRA;ALMACEN
15980;SAHUMERIO BANGLADESH 10U PALO SANTO EMPASTE;ALMACEN
18030;SAHUMERIO BANGLADESH 10U PATCHOULI;ALMACEN
18524;SAHUMERIO BANGLADESH 10U ROSA ;ALMACEN
18525;SAHUMERIO BANGLADESH 10U SANDALO;ALMACEN
22069;SAHUMERIO BANGLADESH 10U VARIEDAD;ALMACEN
15991;SAHUMERIO BANGLADESH 10U VARIEDAD EMPAST;ALMACEN
15877;SAHUMERIO BANGLADESH 15U BENJUI;ALMACEN
15883;SAHUMERIO BANGLADESH 15U CITRONELLA ;ALMACEN
15878;SAHUMERIO BANGLADESH 15U INCIENSO;ALMACEN
15880;SAHUMERIO BANGLADESH 15U INCIENSO;ALMACEN
15879;SAHUMERIO BANGLADESH 15U JAZMIN;ALMACEN
15882;SAHUMERIO BANGLADESH 15U MIRRA;ALMACEN
15881;SAHUMERIO BANGLADESH 15U PATCHOULI;ALMACEN
15121;SAHUMERIOS BANGLADESH 15UN;ALMACEN
15122;SAHUMERIOS BANGLADESH 15UN;ALMACEN
18026;SAL DICOMERE 450GR MARINA FINA;ALMACEN
09659;SAL ENTRE FINA CELUSAL 1KG CAJA;ALMACEN
000856;SAL ENTRE FINA CELUSAL 1KG PAQUETE;ALMACEN
07055;SAL ENTRE FINA CELUSAL 1KG SALERO;ALMACEN
01641;SAL ENTRE FINA CELUSAL 500G PAQUETE;ALMACEN
14044;SAL ENTRE FINA DOS ANCLAS 1KG ESTUCHE;ALMACEN
03771;SAL ENTRE FINA DOS ANCLAS 500G ESTUCHE;ALMACEN
01276;SAL ENTRE FINA RINSAL 1KG ;ALMACEN
24671;SAL ENTREFINA DOS ANCLAS 1KG PAQUETE;ALMACEN
26885;SAL ENTREFINA DOS ESTRELLAS 1KG;ALMACEN
001188;SAL FINA CELUSAL 230G BOUQUET DE HIERBAS;ALMACEN
04000;SAL FINA CELUSAL 230G CRIOLLO;ALMACEN
02004;SAL FINA CELUSAL 230G GRILL;ALMACEN
14880;SAL FINA CELUSAL 250G SALERO;ALMACEN
01997;SAL FINA CELUSAL 500G CAJA;ALMACEN
02676;SAL FINA CELUSAL 500G PAQUETE;ALMACEN
001187;SAL FINA CELUSAL 500G SALERO;ALMACEN
08758;SAL FINA CELUSAL 500G.PLUS CAJA;ALMACEN
07002;SAL FINA CELUSAL 500G.PLUS PAQUETE;ALMACEN
000766;SAL FINA DOS ANCLAS 500G ESTUCHE;ALMACEN
03108;SAL FINA DOS ANCLAS 500G PAQUETE;ALMACEN
26886;SAL FINA DOS ANCLAS 500G SALERO;ALMACEN
07717;SAL FINA DOS ESTRELLAS 500G ;ALMACEN
01277;SAL FINA RINSAL 500G ;ALMACEN
08488;SAL GRUESA CELUSAL 1KG CAJA;ALMACEN
08825;SAL GRUESA CELUSAL 1KG PAQUETE;ALMACEN
000818;SAL GRUESA CELUSAL 1KG SALERO;ALMACEN
01632;SAL GRUESA CELUSAL 500G PAQUETE;ALMACEN
07880;SAL GRUESA DOS ANCLAS 1K PAQUETE;ALMACEN
25277;SAL GRUESA DOS ANCLAS 1KG PAQUETE;ALMACEN
05293;SAL GRUESA DOS ANCLAS 500G CAJA;ALMACEN
07762;SAL GRUESA DOS ESTRELLAS 1K ;ALMACEN
000729;SAL GRUESA RINSAL 1KG ;ALMACEN
04649;SAL LIGHT CELUSAL 235G SALERO;ALMACEN
04624;SAL LIGHT CELUSAL 500G CAJA;ALMACEN
02300;SAL LIGHT CELUSAL 500G PAQUETE;ALMACEN
07255;SAL LIGHT GENSER 250G CARNES BLANCAS;ALMACEN
07280;SAL LIGHT GENSER 250G FINAS HIERBAS;ALMACEN
07271;SAL LIGHT GENSER 250G SABORES ESPECIAS;ALMACEN
07240;SAL LIGHT GENSER SALERO  90GR;ALMACEN
07253;SAL LIGHT GENSER SALERO 300GR;ALMACEN
16909;SAL LIGHT GENSER SALERO 300GR;ALMACEN
02775;SAL MARINA MACROZEN FINA 500G;ALMACEN
04332;SAL MARINA MACROZEN GRUESA 500G;ALMACEN
16677;SAL MARINA MACROZEN GRUESA 500G;ALMACEN
01981;SAL SALUSIN 70GR 0% SODIO;ALMACEN
1980;SAL SALUSIN 70GR BAJO SODIO HIERBAS;ALMACEN
08403;SALADIX CROSS 67G ORIGINAL;ALMACEN
19577;SALADIX CROSS 67G PIZZA;ALMACEN
00080;SALAME 214 CRESPON;FIAMBRERIA
00591;SALAME BASTON CAGNOLI P/F CONDIMENTADO;FIAMBRERIA
01147;SALAME BIERZO CRESPON;FIAMBRERIA
00033;SALAME BIERZO MILAN GIGANTE;FIAMBRERIA
10340;SALAME BOCATTI FUET;FIAMBRERIA
01018;SALAME CAGNOLI BASTON P/F TAND;FIAMBRERIA
01017;SALAME CAGNOLI CRIOLLO P/G;FIAMBRERIA
01011;SALAME CAGNOLI MILAN;FIAMBRERIA
01005;SALAME CAGNOLI PICADO FINO;FIAMBRERIA
01095;SALAME CAMPO AUSTRAL FINAS HIE;FIAMBRERIA
19703;SALAME CASONA 180G PEPPERONI ;FIAMBRERIA
01115;SALAME CERDO CAMPO AUSTRAL ;FIAMBRERIA
06756;SALAME L ABRATTO FUET;FIAMBRERIA
00262;SALAME LARIO T/CHACRA;FIAMBRERIA
21853;SALAME MILAN LARIO 150G ;FIAMBRERIA
00447;SALAME PALADINI CRESPON;FIAMBRERIA
00271;SALAME PG LA CASONA CRESPON;FIAMBRERIA
00555;SALAMIN BIERZO PICADO FINO;FIAMBRERIA
00550;SALAMIN BIERZO PICADO GRUESO;FIAMBRERIA
25754;SALAMIN CAGNOLI P/FINO AHUMADO;FIAMBRERIA
25753;SALAMIN CAGNOLI P/FINO PICANTE;FIAMBRERIA
00596;SALAMIN CAGNOLI PICADO FINO;FIAMBRERIA
01000;SALAMIN CAGNOLI PICADO GRUESO ;FIAMBRERIA
16287;SALAMIN CASONA 180G PICADO FINO;FIAMBRERIA
16863;SALAMIN CASONA 180G PICADO GRUESO;FIAMBRERIA
00075;SALAMIN CASONA PF T/C;FIAMBRERIA
00222;SALAMIN CHAMPION FINO EL KG;FIAMBRERIA
27082;SALAMIN LARIO 130G P/FINO;FIAMBRERIA
27081;SALAMIN LARIO 130G P/GRUESO;FIAMBRERIA
01047;SALAMIN LARIO T/TAND.PG ;FIAMBRERIA
00338;SALAMIN PALADINI P/FINO;FIAMBRERIA
00337;SALAMIN PALADINI P/GRUESO;FIAMBRERIA
00408;SALAMIN PEPPERONI CASONA BASTON EL KG ;FIAMBRERIA
00990;SALAMINES CASONA P.F;FIAMBRERIA
00973;SALAMINES CASONA P.G;FIAMBRERIA
00952;SALCHICHA CERDO PILARO AHUMADA;CARNICERIA
00132;SALCHICHA PARRILLERA C.AUSTRAL;CARNICERIA
08009;SALCHICHAS CASONA  6UN;FIAMBRERIA
08406;SALCHICHAS G.IRIS  6U;FIAMBRERIA
08890;SALCHICHAS G.IRIS 10+2 U;FIAMBRERIA
15612;SALCHICHAS G.IRIS 6UN;FIAMBRERIA
000916;SALCHICHAS PALADINI  6UN;FIAMBRERIA
00152;SALCHICHAS PARRILL.CAPRIOLO;CARNICERIA
11393;SALCHICHAS PATYVIENA 250G ALEM;FIAMBRERIA
000401;SALCHICHAS VIENISS. 6U;FIAMBRERIA
22984;SALCHICHAS VIENISS. 6U;FIAMBRERIA
02284;SALCHICHAS VIENISS.12U;FIAMBRERIA
22985;SALCHICHAS VIENISS.12U;FIAMBRERIA
000922;SALCHICHAS WURSTEN 3U;FIAMBRERIA
00243;SALCHICHON CASONA CON JAMON KG;FIAMBRERIA
01033;SALCHICHON CASONA PRIMAVERA;FIAMBRERIA
01158;SALCHICHON EL BIERZO JAMON;FIAMBRERIA
01159;SALCHICHON EL BIERZO PRIMAVERA;FIAMBRERIA
00272;SALCHICHON LA CASONA C/A/M/H/Z EL KG;FIAMBRERIA
00902;SALCHICHON PALADINI PRIMAVERA;FIAMBRERIA
01183;SALMON 200G ROSADO AHUMADO FET;FIAMBRERIA
24810;SALMON AHUMADO BERARDI 200G ;FIAMBRERIA
25674;SALMON BAHIA 140G ACEITE;FIAMBRERIA
25675;SALMON BAHIA 140G NATURAL;FIAMBRERIA
02340;SALSA AGUILA 320G CHOCOLATE;ALMACEN
22108;SALSA AJI PICANTE VANOLI 190G PET;ALMACEN
21522;SALSA AJI SUAVE VANOLI 190CC;ALMACEN
21527;SALSA AJO VANOLI 190CC S/T PET;ALMACEN
15824;SALSA ALICANTE 35G CHAMPIGNON;ALMACEN
16227;SALSA ALICANTE 37G 4 QUESOS;ALMACEN
16350;SALSA ALICANTE 40G BLANCA;ALMACEN
2860;SALSA ALIOLI 360G;ALMACEN
02549;SALSA ARCOR FILETTO 340G;ALMACEN
17659;SALSA ARCOR FILETTO 340G ;ALMACEN
05162;SALSA ARCOR ITALIANA 340G;ALMACEN
19766;SALSA ARCOR ITALIANA 340G;ALMACEN
05161;SALSA ARCOR NAPOLITANA 340G;ALMACEN
03118;SALSA ARCOR PIZZA 340G;ALMACEN
16184;SALSA ARCOR PIZZA 340G ;ALMACEN
02690;SALSA ARCOR POMAROLA 340G;ALMACEN
16105;SALSA ARCOR POMAROLA 340G ;ALMACEN
03158;SALSA ARCOR PORTUGUESA 340G;ALMACEN
19765;SALSA ARCOR PORTUGUESA 340G;ALMACEN
25281;SALSA ARCOR ROSA 340G;ALMACEN
17279;SALSA ARCOR TUCO 340G;ALMACEN
08863;SALSA ARCOR TUCO S/CARNE 340G;ALMACEN
25107;SALSA ARYTZA 340G ALIOLI;ALMACEN
25108;SALSA ARYTZA 340G CAESAR;ALMACEN
07744;SALSA BARBACOA VANOLI 390CC PET;ALMACEN
01654;SALSA BLANCA AROMAS 40G;ALMACEN
10471;SALSA CALLIERI BLANCA;ALMACEN
06347;SALSA CAMPAGNOLA FILETTO 340G;ALMACEN
17413;SALSA CAMPAGNOLA FILETTO 340G;ALMACEN
17278;SALSA CAMPAGNOLA ITALIANA 340G;ALMACEN
17123;SALSA CAMPAGNOLA PIZZA 340G;ALMACEN
18100;SALSA CAMPAGNOLA POMAROLA 340G;ALMACEN
23530;SALSA CICA 340G FILETTO;ALMACEN
23531;SALSA CICA 340G PIZZA;ALMACEN
23532;SALSA CICA 340G POMAROLA;ALMACEN
23533;SALSA CICA 340G PORTUGUESA;ALMACEN
23534;SALSA CICA 340G TUCO;ALMACEN
00663;SALSA CRIOLLA ;ALMACEN
21523;SALSA CRIOLLA VANOLI 190CC S/T;ALMACEN
000504;SALSA DE SOJA TAHITI 265CC;ALMACEN
18240;SALSA DOS ANCLAS 260G AJI PICANTE ;ALMACEN
26401;SALSA DOS ANCLAS 330G CARAMELO;ALMACEN
18242;SALSA DOS ANCLAS 340G ALIOLI;ALMACEN
18241;SALSA DOS ANCLAS 350G CAESAR ;ALMACEN
17877;SALSA DOS ANCLAS 350G CHEDDAR ;ALMACEN
19965;SALSA DOS ANCLAS 350G CHEDDAR PICANTE ;ALMACEN
4746;SALSA DOS ANCLAS 350G PARMESANO;ALMACEN
18245;SALSA DOS ANCLAS 375G CARAMELO;ALMACEN
27414;SALSA GALLARDO 190G PICANTE;ALMACEN
16616;SALSA GOLF BENIDORM 500CC ;ALMACEN
25668;SALSA GOLF HELLMANNS 250G;ALMACEN
07415;SALSA GOLF NATURA 250G;ALMACEN
21526;SALSA HONGOS VANOLI 190CC PET;ALMACEN
11033;SALSA INGLESA VANOLI 180C BOT;ALMACEN
25191;SALSA INGLESA VANOLI 950C BOT;ALMACEN
24365;SALSA KNORR 200G PIZZA ;ALMACEN
28084;SALSA KNORR 340G PIZZA ;ALMACEN
22955;SALSA KNORR 340G PIZZA NUEVA FORMULA;ALMACEN
23537;SALSA KNORR 340G POMAROLA;ALMACEN
28085;SALSA KNORR 340G POMODORO;ALMACEN
22953;SALSA KNORR 340G POMODORO  ZAPALLO;ALMACEN
09973;SALSA KNORR POMAROLA 340G;ALMACEN
26131;SALSA LC 350G BASILICO;ALMACEN
26132;SALSA LC 350G NAPOLITANA;ALMACEN
26130;SALSA LC 350G OLIVA;ALMACEN
11798;SALSA LC BARBACOA 250G;ALMACEN
26411;SALSA LKK 250G TERIYAKI;ALMACEN
26412;SALSA LKK 255G OSTRAS;ALMACEN
26413;SALSA LKK 500CC SOJA CLASICA;ALMACEN
26408;SALSA PICANTE TABASCO 150CC ROJO;ALMACEN
26409;SALSA PICANTE TABASCO 150CC VERDE;ALMACEN
23595;SALSA RINA 340G FILLETO;ALMACEN
23597;SALSA RINA 340G MEDITERRANEA;ALMACEN
23596;SALSA RINA 340G POMAROLA;ALMACEN
27562;SALSA SALSATI 350G ARRABIATA;ALMACEN
27561;SALSA SALSATI 350G POMODORO;ALMACEN
25871;SALSA SOJA COCINERO 500ML;ALMACEN
17564;SALSA SOJA MENOYO 250ML TRADICIONAL;ALMACEN
21116;SALSA SOJA MENOYO 500ML TRADICIONAL;ALMACEN
21530;SALSA SOJA VANOLI 190CC S/T PET;ALMACEN
26410;SALSA TABASCO 256CC SRIRACHA;ALMACEN
27980;SALSA TOMATE NOEL 340G POMAROLA DP;ALMACEN
00665;SALSA TUCO ;ALMACEN
26228;SALSA VANOLI 350G CAESAR;ALMACEN
26227;SALSA VANOLI 350G RANCH;ALMACEN
26498;SALVADO DE AVENA BINFINIT 250G;ALMACEN
00795;SANDIA RAYADA  EL KG.;ALMACEN
01061;SANDWICH MIGA CAPRIOLO 4UN;ALMACEN
00586;SANDWICH TRIPLE MIGA COC.QUESO;ALMACEN
11675;SANDWICH TRIPLE MIGA PRIMAVERA;ALMACEN
26530;SANDWICHERA SAN REMO 660CC AZUL;ALMACEN
26531;SANDWICHERA SAN REMO 660CC ROSA;ALMACEN
08603;SANITARIO DON GATO 2K;ALMACEN
08600;SANITARIO DON GATO 5K;ALMACEN
18801;SANITARIO NEUPELL 3KG MASCOTAS;ALMACEN
11410;SANITARIO NIC 2KG;ALMACEN
27302;SANITARIO NIC 4KG;ALMACEN
07450;SANITIZANTE LYSOFORM 47CC;ALMACEN
19781;SANTA QUINA 1L CLASICA;ALMACEN
19783;SANTA QUINA 1L GINGER ALE;ALMACEN
19782;SANTA QUINA 1L POMELO ROSADO;ALMACEN
23707;SANTA QUINA 1L SIN AZUCAR;ALMACEN
04052;SAPITO RIEGO ;ALMACEN
16718;SAPITO RIEGO FLOR ;ALMACEN
25265;SARDINAS CUMANA 125G ACEITE ;ALMACEN
24528;SARDINAS GOMES DE COSTA 125G ACEITE ;ALMACEN
19867;SARDINAS MARBELLA 160G ACEITE;ALMACEN
01432;SARDINELA BAHIA 125G ACEITE;ALMACEN
02615;SARTEN REAL N.22 MANGO CHAROL;ALMACEN
23573;SAVARIN GENESIS N° 24 BAJO ALUMINIO;ALMACEN
26607;SAVARIN REAL N°24 ALTO ;ALMACEN
02398;SAVIA ROUBAIX 440CC;ALMACEN
22629;SCHWEPPES LATA 310CC GINGER ALE ;ALMACEN
13345;SCHWEPPES LATA 310CC POMELO;ALMACEN
02632;SCHWEPPES LATA 310CC TONICA ORIGINAL;ALMACEN
23651;SCHWEPPES LATA 310CC TONICA ZERO;ALMACEN
20967;SCHWEPPES LATA 310CC.GIN & TONIC ;ALMACEN
20966;SCHWEPPES LATA 310CC.VODKA & CITRUS ;ALMACEN
02865;SCHWEPPES PET 1.50L CITRUS;ALMACEN
07414;SCHWEPPES PET 1.50L POMELO;ALMACEN
07378;SCHWEPPES PET 1.50L TONICA;ALMACEN
27949;SCHWEPPES PET 1.50L TONICA ZERO;ALMACEN
07426;SCHWEPPES PET 2.25L POMELO;ALMACEN
07407;SCHWEPPES PET 500CC POMELO ;ALMACEN
14134;SCHWEPPES RETORNABLE 2.0L POMELO;ALMACEN
26047;SCONCITOS 9 DE ORO 200G;ALMACEN
00003;SCONS FRANKY EL KG;PANADERIA
00296;SCONS FRANKY OFERTA X  KG;PANADERIA
25095;SECADOR 40CM PLASTICO DOBLE;ALMACEN
04163;SECADOR ACQUA 41CM;ALMACEN
23256;SECADOR DEA DOBLE GOMA NRO.40 ;ALMACEN
01891;SECADOR F.S.DOPPIO 34CM S/ESMA;ALMACEN
01922;SECADOR F.S.DOPPIO 40CM COLOR;ALMACEN
01890;SECADOR F.S.DOPPIO 41CM S/ESMA;ALMACEN
24652;SECADOR GOMA DOBLE N 40 PLAST;ALMACEN
14692;SECADOR GOMA N 30 GOMA;ALMACEN
14690;SECADOR GOMA N 50 NEGRO;ALMACEN
17949;SECADOR PISO VIRULANA 30CM;ALMACEN
08326;SECADOR PORTENA DUO 35CM;ALMACEN
14689;SECADOR PORTEÑA 40CM NEGRO;ALMACEN
25094;SECADOR STEFF 50CM NEGRO GOMA;ALMACEN
25093;SECADOR STEFF N30 NEGRO GOMA;ALMACEN
20837;SECADOR VIDRIO LIMPEX 25CTMS;ALMACEN
02000;SECADOR VIRULANA 40CM;ALMACEN
00330;SELVA NEGRA BIZCOCHUELO CHOCOLATE ;PANADERIA
13229;SEMILLAS ALICANTE 150G MIX ENSAL.;FIAMBRERIA
16954;SEMILLAS ALICANTE 150G MIX ENSALADAS S/TACC;FIAMBRERIA
24361;SEMILLAS ALICANTE 150G MIX P/COCINAR ;FIAMBRERIA
16249;SEMILLAS AMAPOLA  B.VIENTOS 100G;FIAMBRERIA
16247;SEMILLAS AMARANTO B.VIENTOS 100G;FIAMBRERIA
16348;SEMILLAS B.VIENTOS 100G ZAPALLO;FIAMBRERIA
16243;SEMILLAS CHIA B.VIENTOS 250G;FIAMBRERIA
26376;SEMILLAS CUMANA 250G CHIA;FIAMBRERIA
11840;SEMILLAS GENNARI 120G CHIA;FIAMBRERIA
07009;SEMILLAS GENNARI 150G GIRASOL;FIAMBRERIA
11849;SEMILLAS GENNARI 150G MIX;FIAMBRERIA
11841;SEMILLAS GENNARI 150G SESAMO B;FIAMBRERIA
11842;SEMILLAS GENNARI 150G SESAMO I;FIAMBRERIA
11313;SEMILLAS GENNARI 150G ZAPALLO;FIAMBRERIA
11839;SEMILLAS GENNARI 200G LINO;FIAMBRERIA
10130;SEMILLAS GENNARI 500G GIRASOL;FIAMBRERIA
07359;SEMILLAS GENSER 120G GIRASOL;FIAMBRERIA
03394;SEMILLAS GENSER 120G MIX MULTI;FIAMBRERIA
11165;SEMILLAS GENSER 120G SESAMO;FIAMBRERIA
03338;SEMILLAS GENSER 150G CHIA;FIAMBRERIA
03340;SEMILLAS GENSER 150G LINO;FIAMBRERIA
10805;SEMILLAS GENSER 150G MIX DESAY;FIAMBRERIA
03383;SEMILLAS GENSER 150G MIX ENSALADA Y SOPA;FIAMBRERIA
03373;SEMILLAS GENSER 150G QUINOA;FIAMBRERIA
16246;SEMILLAS GIRASOL B.VIENTOS 250G;ALMACEN
16245;SEMILLAS LINO B.VIENTOS 250G;ALMACEN
15902;SEMILLAS PIPAS  18G GIRASOL CLASICAS;ALMACEN
10208;SEMILLAS PIPAS  50G GIRASOL ;ALMACEN
25448;SEMILLAS PIPAS 160G GIGANTES ;ALMACEN
18914;SEMILLAS PIPAS 180GR GIGANTES ;ALMACEN
19826;SEMILLAS PIPAS 180GR NATURAL;ALMACEN
18915;SEMILLAS PIPAS 180GR SALADAS;ALMACEN
24301;SEMILLAS PIPAS 200GR SNACK CLASICAS;ALMACEN
16248;SEMILLAS QUINOA B.VIENTOS 250G;ALMACEN
16251;SEMILLAS SESAMO BLANCO B.VIENTOS 250G;ALMACEN
16244;SEMILLAS SESAMO INT.B.VIENTOS 250G;ALMACEN
16250;SEMILLAS SESAMO NEGRO B.VIENTOS  250G;ALMACEN
26377;SEMILLAS STURLA 250G LINO FLAX;ALMACEN
08150;SEMOLA CALLIERI CANDEAL 500G;ALMACEN
23604;SEMOLA COUSCOUS GENNARI 500G;ALMACEN
09024;SEMOLA VITINA 250G CLASICA;ALMACEN
24449;SEMOLA VITINA 250G CLASICA ;ALMACEN
27174;SEMOLA VITINA 250G ESPINACA;ALMACEN
24451;SEMOLA VITINA 250G VEGETALES ;ALMACEN
000891;SEMOLA VITINA 500G CLASICA;ALMACEN
24450;SEMOLA VITINA 500G CLASICA ;ALMACEN
21772;SEPARADOR FROZENS FREEZER 100U;ALMACEN
25737;SEPARADOR MATERIA FW N3 CLASICO;ALMACEN
27669;SEPARADOR MATERIA MOOVING N3*6 AMONG US;ALMACEN
27674;SEPARADOR MATERIA MOOVING N3*6 HARRY POTTER;ALMACEN
27675;SEPARADOR MATERIA MOOVING N3*6 HELLO KITTY;ALMACEN
27673;SEPARADOR MATERIA MOOVING N3*6 LOONEY TUNES;ALMACEN
27670;SEPARADOR MATERIA MOOVING N3*6 MICKEY;ALMACEN
27677;SEPARADOR MATERIA MOOVING N3*6 MINNIE;ALMACEN
27672;SEPARADOR MATERIA MOOVING N3*6 R.FURIOSOS;ALMACEN
27671;SEPARADOR MATERIA MOOVING N3*6 SPIDERMAN;ALMACEN
25738;SEPARADOR MATERIA N3 MOOVING AFA;ALMACEN
25739;SEPARADOR MATERIA N3 MOOVING PUSHEEN;ALMACEN
25740;SEPARADOR MATERIA N3 MOOVING SNOOPY;ALMACEN
25741;SEPARADOR MATERIA N3 PPR INTER MIAMI;ALMACEN
25742;SEPARADOR MATERIA N3 PPR PETS;ALMACEN
27678;SEPARADOR MATERIA REXON N3*6 TRENDY;ALMACEN
19578;SEPARADORES PARA FREEZER 1000U;ALMACEN
25009;SERUM ELVIVE 100ML GLYCOGLOSS;ALMACEN
25139;SERUM GARNIER 30ML EXPRESS ACLARA;ALMACEN
25140;SERUM GARNIER 30ML ILUMINADOR VIT.C;ALMACEN
27032;SERUM LOREAL 30ML GLYCOLIC BRIGHT;ALMACEN
28022;SERV. ELEGANTE PREMIUM 32 x 33 X 1000 U.;ALMACEN
19283;SERV.FELPITA 140U BLANCAS;ALMACEN
03755;SERV.FELPITA 40U BLANCA;ALMACEN
04419;SERV.FELPITA 40U DECORADAS;ALMACEN
11386;SERV.FELPITA 70U BLANCA;ALMACEN
001113;SERV.FELPITA 70U DECORADAS;ALMACEN
02179;SERV.SWEETY 20U PLATINUM;ALMACEN
22773;SERVILL.SUSSEX 80UN CLASICA;ALMACEN
16989;SERVILLETA SUSSEX 140U FAMILIARES H.S ;ALMACEN
08915;SERVILLETAS ELEGANTE  80U;ALMACEN
13445;SERVILLETAS ELEGANTE 150U;ALMACEN
01099;SESO;CARNICERIA
20508;SET 3 ESPATULAS GOMA /PLASTICO;ALMACEN
25743;SET 3 PIEZAS DELI ESCUADRA REGLA TRANSPORT.;ALMACEN
26666;SET ALGABO BABY;ALMACEN
23688;SET BOLSITA LISO PASTEL;ALMACEN
23689;SET BOLSITA MATELASSE;ALMACEN
23680;SET BOLSITO MATE MAMA;ALMACEN
18272;SET CUBIERTOS COCINA STELLA ARTOIS ;ALMACEN
26669;SET FROZEN;ALMACEN
26675;SET HELLO KITTY;ALMACEN
27145;SET LIBRO VERTICE ARTISTA C/SELLO;ALMACEN
25065;SET MARCADORES BIC INTENSITY *6;ALMACEN
26880;SET MATERO 4 PIEZAS ;ALMACEN
26676;SET MINIONS;ALMACEN
23687;SET NORDICO MATE;ALMACEN
25712;SET OFICINA MOOVING 3 EN 1 PINK;ALMACEN
26667;SET PAW PATROL;ALMACEN
25067;SET PINCELES ARTMATE *10;ALMACEN
27679;SET PINCELES ARTMATE *15;ALMACEN
27144;SET PINCELES ARTMATE *6;ALMACEN
21420;SET SAN REMO 1.8LT 4*3 RECTANGULAR;ALMACEN
26532;SET SAN REMO 300CC 8*7;ALMACEN
27788;SET SAN REMO 3UN ACERO CUADRADO;ALMACEN
26534;SET SAN REMO 3UN REDONDOS;ALMACEN
27932;SET SAN REMO 3UN VIDRIO CUAD.;ALMACEN
26533;SET SAN REMO 600CC 5*4 RECTANGULAR;ALMACEN
21419;SET SAN REMO 800CC 6*5 RECTANGULAR;ALMACEN
27787;SET SAN REMO BAMBU CUADRADO;ALMACEN
27786;SET SAN REMO BAMBU REDONDO ;ALMACEN
26668;SET SPIDERMAN;ALMACEN
27143;SET TEMPERAS MULTIPAPER CAPIBARA;ALMACEN
23682;SET YERBERA AZUCARERA MAMA 84 ;ALMACEN
19563;SEVEN UP 1.5L PET;ALMACEN
24609;SEVEN UP 1.5L PET;ALMACEN
24610;SEVEN UP 1.5L PET ;ALMACEN
25362;SEVEN UP 2.25L PET;ALMACEN
22067;SEVEN UP 354CC FREE LATA;ALMACEN
12055;SEVEN UP 354CC LATA;ALMACEN
05552;SEVEN UP PET  500CC;ALMACEN
07980;SEVEN UP PET 1.5L S/AZUCAR;ALMACEN
26432;SEVEN UP PET 2,25L LIMA LIMON;ALMACEN
28071;SEVEN UP PET 2.0L ;ALMACEN
07751;SEVEN UP PET 2.1/4 RETORNABLE;ALMACEN
11135;SEVEN UP PET 2.1/4 S/AZUCAR;ALMACEN
12032;SEVEN UP PET 2.1/4L;ALMACEN
23304;SEVEN UP PET 2.45L;ALMACEN
04233;SEVEN UP PET 2.L CERO RETORNAB;ALMACEN
01684;SEVEN UP PET 3.0L;ALMACEN
01350;SEVEN UP PET 3.0L;ALMACEN
24399;SEVEN UP PET 3.0L;ALMACEN
16637;SEVEN UP PET 500CC ;ALMACEN
25144;SEVEN UP PET 500CC LIMA LIMON;ALMACEN
26930;SEVEN UP PET 500CC ZERO;ALMACEN
25436;SHAMP.ISSUE SALOON PROF 250ML SILV BLONDE;ALMACEN
16697;SHAMPOO ALGABO 200ML BABY;ALMACEN
26889;SHAMPOO BABY.DOVE 400CC HIPOALERGENICO;ALMACEN
21716;SHAMPOO DOVE 180ML RECONSTRUCCION COMP D.P.;ALMACEN
21715;SHAMPOO DOVE 180ML RITUAL REPARACION D.P.;ALMACEN
26887;SHAMPOO DOVE 200CC BOND.INT.REPAIR;ALMACEN
02010;SHAMPOO DOVE 200CC CONTROL CAI;ALMACEN
21803;SHAMPOO DOVE 200CC OLEO NUTRICIÓN;ALMACEN
21809;SHAMPOO DOVE 200CC RECONST. COMPLETA;ALMACEN
21807;SHAMPOO DOVE 200CC REGENERACIÓN EXTREMA;ALMACEN
21805;SHAMPOO DOVE 200CC RITUAL REPARACIÓN;ALMACEN
27255;SHAMPOO DOVE 200CC UV REPAIR;ALMACEN
18512;SHAMPOO DOVE 200ML RITUAL REPARACION  COCO;ALMACEN
26888;SHAMPOO DOVE 400CC BOND.INT.REPAIR;ALMACEN
26891;SHAMPOO DOVE 400CC CASPA CONTROL;ALMACEN
22945;SHAMPOO DOVE 400CC HIDRATACION ;ALMACEN
22935;SHAMPOO DOVE 400CC LARGOS FORTA;ALMACEN
20923;SHAMPOO DOVE 400CC OLEO NUTRIC;ALMACEN
20920;SHAMPOO DOVE 400CC RECONST.COMP;ALMACEN
07131;SHAMPOO DOVE 400CC RECUPERACIO;ALMACEN
20928;SHAMPOO DOVE 400CC RITUAL CRECIMIENTO;ALMACEN
21792;SHAMPOO DOVE 400CC RITUAL REPARACIÓN;ALMACEN
27256;SHAMPOO DOVE 400CC UV REPAIR;ALMACEN
22944;SHAMPOO DOVE 400ML BRILLO+OLEO MICELAR ;ALMACEN
16919;SHAMPOO DOVE 400ML LARGOS FUER Y FLEX.;ALMACEN
24546;SHAMPOO DOVE 400ML REGEN.EXTREMA ;ALMACEN
26337;SHAMPOO DOVE 750ML RECONSTRUCCION;ALMACEN
22522;SHAMPOO ELVIVE 200CC CAB.ALISADO C/CALOR;ALMACEN
22524;SHAMPOO ELVIVE 200CC CAB.DAÑADO;ALMACEN
22538;SHAMPOO ELVIVE 200CC CAB.TEÑIDO;ALMACEN
04312;SHAMPOO ELVIVE 200CC CITRUS;ALMACEN
27057;SHAMPOO ELVIVE 200CC DREAM LISO;ALMACEN
25010;SHAMPOO ELVIVE 200CC GLYCOGLOSS;ALMACEN
23374;SHAMPOO ELVIVE 200CC HIDRA.HIAL.;ALMACEN
22540;SHAMPOO ELVIVE 200CC KERA LISO OLEO;ALMACEN
20190;SHAMPOO ELVIVE 200CC MATIZADOR VIOLETA;ALMACEN
22531;SHAMPOO ELVIVE 200CC RAÍZ GRASA;ALMACEN
20191;SHAMPOO ELVIVE 200CC REP. TOTAL;ALMACEN
26231;SHAMPOO ELVIVE 200CC RIZOS DEFINIDOS;ALMACEN
22536;SHAMPOO ELVIVE 200CC RT5 REPARADOR 2%;ALMACEN
27922;SHAMPOO ELVIVE 200ML GLYCOLIC CRISTAL;ALMACEN
20714;SHAMPOO ELVIVE 200ML NUTRI-LISS ;ALMACEN
20713;SHAMPOO ELVIVE 200ML PERFECC.LACIO;ALMACEN
22886;SHAMPOO ELVIVE 400CC 2EN1 CAB.DAÑADO;ALMACEN
22113;SHAMPOO ELVIVE 400CC CAB.ALISADO C/CALOR;ALMACEN
22112;SHAMPOO ELVIVE 400CC CAB.DAÑADO;ALMACEN
22118;SHAMPOO ELVIVE 400CC CAB.DESHIDRATADO;ALMACEN
22114;SHAMPOO ELVIVE 400CC CAB.TEÑIDO;ALMACEN
27061;SHAMPOO ELVIVE 400CC DREAM LISO;ALMACEN
25011;SHAMPOO ELVIVE 400CC GLYCOGLOSS;ALMACEN
20185;SHAMPOO ELVIVE 400CC KERA LISO PERF;ALMACEN
04626;SHAMPOO ELVIVE 400CC OLEO EXTR;ALMACEN
21436;SHAMPOO ELVIVE 400CC OLEO EXTRA;ALMACEN
22115;SHAMPOO ELVIVE 400CC RAÍZ GRASA;ALMACEN
01300;SHAMPOO ELVIVE 400CC RIZOS DEFINIDOS;ALMACEN
23157;SHAMPOO ELVIVE 400CC RIZOS DEFINIDOS;ALMACEN
22525;SHAMPOO ELVIVE 400CC RT5 REPARADOR 2%;ALMACEN
18650;SHAMPOO ELVIVE 400ML DREAM LONG RECONS;ALMACEN
18181;SHAMPOO ELVIVE 400ML RIZOS DEFINIDOS ;ALMACEN
17988;SHAMPOO ELVIVE ARCILLA 200ML PURIF.;ALMACEN
17981;SHAMPOO ELVIVE ARCILLA 400ML PURIF.;ALMACEN
20098;SHAMPOO ELVIVE COLOR 200ML MATIZ.VIOLETA;ALMACEN
20192;SHAMPOO ELVIVE ÓLEO 200ML NUTRICIÓN INTENSA;ALMACEN
17989;SHAMPOO ELVIVE OLEO 200ML RIZOS DEF.;ALMACEN
20181;SHAMPOO ELVIVE ÓLEO 400ML NUTRICIÓN INTENSA;ALMACEN
25548;SHAMPOO ESTRELLA 200CC CAB.CLAROS;ALMACEN
26483;SHAMPOO ESTRELLA 250ML BABY CAB.CLAROS;ALMACEN
26484;SHAMPOO ESTRELLA 250ML BABY CAB.SUAVE;ALMACEN
26482;SHAMPOO ESTRELLA 250ML BABY EQUILIBRIO;ALMACEN
21434;SHAMPOO FRUCTIS 200CC GOODBYE DAÑOS;ALMACEN
22532;SHAMPOO FRUCTIS 200CC HYDRA LISS;ALMACEN
22550;SHAMPOO FRUCTIS 200CC LISO COCO;ALMACEN
22889;SHAMPOO FRUCTIS 200ML ALOE HIDRA ;ALMACEN
24035;SHAMPOO FRUCTIS 200ML REC.NUTRITIVA ;ALMACEN
25018;SHAMPOO FRUCTIS 300CC CACAO RIZOS;ALMACEN
25747;SHAMPOO H&H 375ML OLD SPICE;ALMACEN
26971;SHAMPOO H&S 180CC ANTI RESEQUEDAD;ALMACEN
19394;SHAMPOO H&S 180CC MANZANA;ALMACEN
19419;SHAMPOO H&S 180CC MEN 3EN1;ALMACEN
11326;SHAMPOO H&S 180CC OLD SPICE;ALMACEN
05390;SHAMPOO H&S 180CC PURIF.CAPILAR;ALMACEN
18306;SHAMPOO H&S 180ML AF SCALP CARE ;ALMACEN
25364;SHAMPOO H&S 180ML ANTI COMEZON;ALMACEN
28090;SHAMPOO H&S 180ML ANTI-CAIDA;ALMACEN
16596;SHAMPOO H&S 180ML COAL;ALMACEN
16591;SHAMPOO H&S 180ML COCO;ALMACEN
20929;SHAMPOO H&S 180ML DERMO SENSITIVE;ALMACEN
20326;SHAMPOO H&S 180ML HIDRAT.COCO ;ALMACEN
21963;SHAMPOO H&S 180ML LIMPIEZA REVIT ARGAN;ALMACEN
16585;SHAMPOO H&S 180ML MEN 3EN1;ALMACEN
16593;SHAMPOO H&S 180ML MEN OIL ;ALMACEN
16587;SHAMPOO H&S 180ML MOIST ;ALMACEN
16583;SHAMPOO H&S 180ML OS COMP.;ALMACEN
20328;SHAMPOO H&S 180ML PURIF.CAPILAR ;ALMACEN
11634;SHAMPOO H&S 375CC 3 EN 1;ALMACEN
26378;SHAMPOO H&S 375CC ANTI RESEQUEDAD;ALMACEN
11629;SHAMPOO H&S 375CC CAIDA;ALMACEN
20123;SHAMPOO H&S 375CC HUMECTACIÓN ;ALMACEN
26209;SHAMPOO H&S 375CC LIMP Y REVITALIZACION;ALMACEN
11628;SHAMPOO H&S 375CC MANZANA FRES;ALMACEN
20122;SHAMPOO H&S 375CC PROTECCION CAÍDA;ALMACEN
25365;SHAMPOO H&S 375ML ANTI COMEZON;ALMACEN
28089;SHAMPOO H&S 375ML ANTI-CAIDA;ALMACEN
16586;SHAMPOO H&S 375ML APPLE ;ALMACEN
11866;SHAMPOO H&S 375ML CARBON ACT.;ALMACEN
16595;SHAMPOO H&S 375ML COAL;ALMACEN
16589;SHAMPOO H&S 375ML FUERZA RAIZ ;ALMACEN
16584;SHAMPOO H&S 375ML MEN 3EN1;ALMACEN
16594;SHAMPOO H&S 375ML MEN OIL ;ALMACEN
16588;SHAMPOO H&S 375ML MOIST;ALMACEN
16582;SHAMPOO H&S 375ML OS COMP.;ALMACEN
20093;SHAMPOO H&S 700ML COCO;ALMACEN
20092;SHAMPOO H&S 700ML CRECE FUERTE;ALMACEN
20089;SHAMPOO H&S 700ML DERMO SENSITIVE ;ALMACEN
20090;SHAMPOO H&S 700ML MANZANA FRESH;ALMACEN
24197;SHAMPOO JOHNSONS 200CC BABY ORIGINAL;ALMACEN
16450;SHAMPOO JOHNSONS 200ML BABY;ALMACEN
24713;SHAMPOO JOHNSONS 200ML CAB.CLARO ;ALMACEN
20146;SHAMPOO JOHNSONS 200ML FRAG.PROLONG.;ALMACEN
26006;SHAMPOO JOHNSONS 200ML HIDRATACION INTENSA;ALMACEN
24709;SHAMPOO JOHNSONS 400ML CAB.CLARO;ALMACEN
24710;SHAMPOO JOHNSONS 400ML HID.INTENSA;ALMACEN
24708;SHAMPOO JOHNSONS 400ML ORIGINAL ;ALMACEN
22409;SHAMPOO PANTENE 200 ML HIDRATACION;ALMACEN
07428;SHAMPOO PANTENE 200CC BAMBU;ALMACEN
20573;SHAMPOO PANTENE 200ML COLÁGENO;ALMACEN
25279;SHAMPOO PANTENE 200ML HIDRATA;ALMACEN
21825;SHAMPOO PANTENE 200ML HIDRATACION EXTREMA;ALMACEN
25467;SHAMPOO PANTENE 200ML KERATINA ;ALMACEN
26210;SHAMPOO PANTENE 200ML PROV.DETOX;ALMACEN
26211;SHAMPOO PANTENE 200ML PROV.EQUILIBRIO;ALMACEN
25471;SHAMPOO PANTENE 200ML PROV.LISO INF.;ALMACEN
27428;SHAMPOO PANTENE 200ML PROV.RESTAURACION;ALMACEN
25472;SHAMPOO PANTENE 200ML PROV.REVIT.;ALMACEN
27427;SHAMPOO PANTENE 200ML PROV.VOLUMEN;ALMACEN
21822;SHAMPOO PANTENE 200ML RESTAURACION;ALMACEN
27762;SHAMPOO PANTENE 300ML KERATINA ;ALMACEN
07445;SHAMPOO PANTENE 400CC BAMBU;ALMACEN
17716;SHAMPOO PANTENE 400ML BRILLO EXTREMO;ALMACEN
20496;SHAMPOO PANTENE 400ML COLÁGENO;ALMACEN
25481;SHAMPOO PANTENE 400ML EQUILIBRIO ;ALMACEN
21539;SHAMPOO PANTENE 400ML FUERZA RECONST.;ALMACEN
21537;SHAMPOO PANTENE 400ML HIDRATA/FORTALECE;ALMACEN
20992;SHAMPOO PANTENE 400ML HIDRATACION;ALMACEN
25480;SHAMPOO PANTENE 400ML KERATINA ;ALMACEN
26208;SHAMPOO PANTENE 400ML PROV.DETOX;ALMACEN
26794;SHAMPOO PANTENE 400ML PROV.LISO INFINITO;ALMACEN
27261;SHAMPOO PANTENE 400ML PROV.RESTAURACION;ALMACEN
25477;SHAMPOO PANTENE 400ML PROV.REVITAL.;ALMACEN
25475;SHAMPOO PANTENE 400ML PROV.VOLUMEN ;ALMACEN
20993;SHAMPOO PANTENE 400ML RESTAURACION;ALMACEN
22089;SHAMPOO PANTENE 400ML RIZOS DEFINIDOS;ALMACEN
01282;SHAMPOO PANTENE FUERZA REC.200;ALMACEN
08788;SHAMPOO PANTENE REST.200M;ALMACEN
19551;SHAMPOO PLUSBELLE 1L ANTIOXIDANTE REVIT;ALMACEN
18233;SHAMPOO PLUSBELLE 1L BALANCE REPARADOR;ALMACEN
17902;SHAMPOO PLUSBELLE 1L BRILLO;ALMACEN
19606;SHAMPOO PLUSBELLE 1L DETOX PURIFICANTE;ALMACEN
19536;SHAMPOO PLUSBELLE 1L DOCILIDAD NUTRITIVA;ALMACEN
17904;SHAMPOO PLUSBELLE 1L FRESCURA ;ALMACEN
23648;SHAMPOO PLUSBELLE 1L FUERZA ANTIOXIDANTE;ALMACEN
24715;SHAMPOO PLUSBELLE 1L HID.REACT.;ALMACEN
23650;SHAMPOO PLUSBELLE 1L HIDRATACION NUTRITIVA;ALMACEN
18234;SHAMPOO PLUSBELLE 1L NUTRICION CREMOSA;ALMACEN
16791;SHAMPOO PLUSBELLE 1L PROTECCION;ALMACEN
20656;SHAMPOO PLUSBELLE 1L PROTECCION NATURAL;ALMACEN
17903;SHAMPOO PLUSBELLE 1L SUAVIDAD;ALMACEN
18235;SHAMPOO PLUSBELLE 1L SUAVIDAD CUIDADO;ALMACEN
23649;SHAMPOO PLUSBELLE 1L VITALIDAD RENOVADORA;ALMACEN
03502;SHAMPOO PLUSBELLE FRESCURA VITALIDAD;ALMACEN
07293;SHAMPOO PLUSBELLE HIDRATACION;ALMACEN
03697;SHAMPOO PLUSBELLE PUNTAS;ALMACEN
03803;SHAMPOO PLUSBELLE SUAVIDAD CUIDADO;ALMACEN
21118;SHAMPOO ROUBAIX 400CC ACEITE LINO;ALMACEN
03281;SHAMPOO ROUBAIX 400CC KERATINA ;ALMACEN
03292;SHAMPOO ROUBAIX 400CC LINO;ALMACEN
06324;SHAMPOO ROUBAIX 400CC ORTIGA ;ALMACEN
21750;SHAMPOO SEDAL 190CC BALANCE;ALMACEN
21758;SHAMPOO SEDAL 190CC BOMBA ARGAN;ALMACEN
17033;SHAMPOO SEDAL 190CC BOMBA RESTAURACION;ALMACEN
22076;SHAMPOO SEDAL 190CC CARBON PEONIAS;ALMACEN
21756;SHAMPOO SEDAL 190CC CERAMIDAS;ALMACEN
22075;SHAMPOO SEDAL 190CC COLÁGENO+VIT C;ALMACEN
21752;SHAMPOO SEDAL 190CC HIALURÓNICO;ALMACEN
21751;SHAMPOO SEDAL 190CC LISO PERFE;ALMACEN
22920;SHAMPOO SEDAL 190CC PREBIOTICOS Y BIOTINA;ALMACEN
21749;SHAMPOO SEDAL 190CC RESTAURACION INST.;ALMACEN
21753;SHAMPOO SEDAL 190CC RIZOS DEFINIDOS;ALMACEN
26243;SHAMPOO SEDAL 190G LUMINOUS;ALMACEN
17887;SHAMPOO SEDAL 190ML COLAGENO ;ALMACEN
17888;SHAMPOO SEDAL 190ML HIALURONICO;ALMACEN
22198;SHAMPOO SEDAL 190ML JENG.RICINO;ALMACEN
17889;SHAMPOO SEDAL 190ML JENGIBRE ;ALMACEN
17890;SHAMPOO SEDAL 190ML RIZOS ;ALMACEN
20867;SHAMPOO SEDAL 300CC BALANCE D.P.;ALMACEN
18423;SHAMPOO SEDAL 300CC BALANCE HIDRAT;ALMACEN
20868;SHAMPOO SEDAL 300CC CERAMIDAS D.P.;ALMACEN
18422;SHAMPOO SEDAL 300CC CERAMIDAS HIDRAT;ALMACEN
20819;SHAMPOO SEDAL 300CC REST. INST. D.P.;ALMACEN
18424;SHAMPOO SEDAL 300CC RESTRUCTURACION;ALMACEN
27204;SHAMPOO SEDAL 300ML LUMINOUS UV;ALMACEN
17469;SHAMPOO SEDAL 340CC BOMBA ARGAN ;ALMACEN
18383;SHAMPOO SEDAL 340CC BOMBA NUTRICION;ALMACEN
17081;SHAMPOO SEDAL 340CC CARBON ACT.;ALMACEN
26987;SHAMPOO SEDAL 340CC CASPA CONTROL;ALMACEN
02402;SHAMPOO SEDAL 340CC CERAMIDAS;ALMACEN
17470;SHAMPOO SEDAL 340CC CERAMIDAS ;ALMACEN
20950;SHAMPOO SEDAL 340CC CERAMIDAS;ALMACEN
17471;SHAMPOO SEDAL 340CC COLAGENO;ALMACEN
06460;SHAMPOO SEDAL 340CC CREMA BALAN.;ALMACEN
17468;SHAMPOO SEDAL 340CC CREMA BALANCE;ALMACEN
18614;SHAMPOO SEDAL 340CC HIALURONICO VIT A;ALMACEN
06486;SHAMPOO SEDAL 340CC HIDRATACIO;ALMACEN
17472;SHAMPOO SEDAL 340CC JENG/RICINO;ALMACEN
05040;SHAMPOO SEDAL 340CC LISO PERFE;ALMACEN
18615;SHAMPOO SEDAL 340CC LISO PERFECTO;ALMACEN
18382;SHAMPOO SEDAL 340CC REST.INSTANT.;ALMACEN
05045;SHAMPOO SEDAL 340CC RESTAURACI;ALMACEN
18617;SHAMPOO SEDAL 340CC RIZOS DEF;ALMACEN
06473;SHAMPOO SEDAL 340CC RIZOS DEFI;ALMACEN
24068;SHAMPOO SEDAL 340ML BOMBA ARGAN ;ALMACEN
22938;SHAMPOO SEDAL 340ML CARBON Y PEONIAS;ALMACEN
24067;SHAMPOO SEDAL 340ML COLAG/VIT C.;ALMACEN
21172;SHAMPOO SEDAL 340ML CREMA BALANCE;ALMACEN
24065;SHAMPOO SEDAL 340ML HIALUR./VIT.A;ALMACEN
24066;SHAMPOO SEDAL 340ML JENG/RICINO;ALMACEN
22937;SHAMPOO SEDAL 340ML PREBIOTICOS Y BIOTINA;ALMACEN
22946;SHAMPOO SEDAL 340ML RESTAURACION INSTANTANEA;ALMACEN
21171;SHAMPOO SEDAL 340ML RIZOS DEFI.;ALMACEN
10943;SHAMPOO SEDAL 650ML MICELAR;ALMACEN
06514;SHAMPOO SUAVE 930C COCO LECHE;ALMACEN
04260;SHAMPOO SUAVE 930C MANZANA VER;ALMACEN
18956;SHAMPOO SUAVE 930CC ALOE DETOX;ALMACEN
18955;SHAMPOO SUAVE 930CC CREMA COCO;ALMACEN
20106;SHAMPOO SUAVE 930CC LACIO ANTIFRIZZ;ALMACEN
18930;SHAMPOO SUAVE 930CC MANZANILLA ;ALMACEN
23283;SHAMPOO SUAVE 930ML BOMBA CERAMIDAS ;ALMACEN
24073;SHAMPOO SUAVE 930ML BOMBA DELICIOSA ;ALMACEN
24412;SHAMPOO SUAVE 930ML BOMBA FRUTAL ;ALMACEN
23286;SHAMPOO SUAVE 930ML BOMBA JAZMIN;ALMACEN
09267;SHAMPOO SUAVE 930ML CREMA COCO;ALMACEN
20103;SHAMPOO SUAVE 930ML FUERZA NUTRITIVA;ALMACEN
20101;SHAMPOO SUAVE 930ML SUAVIDAD MANZANA;ALMACEN
24664;SHAMPOO TRESEMME 250CC BRILLO LAMELAR;ALMACEN
24665;SHAMPOO TRESEMME 250CC KERATINA ANTIFRIZZ;ALMACEN
23124;SHAMPOO TRESEMME 250CC LISO BOTOX ;ALMACEN
25666;SHAMPOO TRESEMME 250CC ONDAS BOHO;ALMACEN
24884;SHAMPOO TRESEMME 250ML CAUTERIZACION REP;ALMACEN
26183;SHAMPOO WALKER 500ML LAVA AUTO;ALMACEN
18404;SHOGURT  F.LAS VACAS 200G DURAZNO ;ALMACEN
19915;SHOGURT F.LAS VACAS 170G DURAZNO;ALMACEN
20579;SHOGURT F.LAS VACAS 170G FRUJTILLA ;ALMACEN
20580;SHOGURT F.LAS VACAS 170G NATURAL;ALMACEN
19916;SHOGURT F.LAS VACAS 170G VAINILLA ;ALMACEN
22411;SIDRA 1888 473CC LATA ;ALMACEN
22859;SIDRA 1888 473CC ROSE LATA ;ALMACEN
01924;SIDRA 1888 6*750CC;ALMACEN
08798;SIDRA 1888 6*750CC ROSE;ALMACEN
01904;SIDRA 1888 750CC;ALMACEN
25544;SIDRA 1888 750CC BOTANICA;ALMACEN
08643;SIDRA 1888 750CC ROSE;ALMACEN
16199;SIDRA 1930 500CC DEMI SEC;ALMACEN
16310;SIDRA 1930 750CC DEMI SEC;ALMACEN
16198;SIDRA 1930 750CC DOLCE ;ALMACEN
19560;SIDRA 1930 750CC PERA ;ALMACEN
16578;SIDRA 1930 DEMI-SEC 355CC LATA;ALMACEN
16311;SIDRA PATAGONIA 473CC LATA;ALMACEN
16394;SIDRA PATAGONIA 6*473CC ISIDRA ;ALMACEN
07261;SIDRA RAMA CAIDA 6*710CC DEMI SEC;ALMACEN
01936;SIDRA RAMA CAIDA 6*710CC S/ALC;ALMACEN
01892;SIDRA RAMA CAIDA 710CC DEMI SEC;ALMACEN
03445;SIDRA RAMA CAIDA 710CC S/ALC;ALMACEN
08364;SIDRA RAMA DE ORO 6*750CC PREMIUM;ALMACEN
08358;SIDRA RAMA DE ORO 750CC PREMIUM;ALMACEN
19960;SIDRA REGGIA 750CC PREMIUN;ALMACEN
26820;SILICONA AEROS.WALKER 400ML BLACK;ALMACEN
25972;SILICONA AEROS.WALKER 400ML VAINILLA PRIDE;ALMACEN
03018;SILICONA ESCUDO 400ML CUERO;ALMACEN
03376;SILICONA ESCUDO 400ML LAVANDA;ALMACEN
25974;SILICONA LIQ.WALKER 500ML PERFUMADA;ALMACEN
18070;SILICONA REVIGAL 125CC AROMATIZADA;ALMACEN
16532;SIMPLE SACIETY 32G BATIDO VAINILLA;ALMACEN
16533;SIMPLE SACIETY 33G BATIDO CHOCOLATE ;ALMACEN
27166;SMASHER LA PLANCHETTA;ALMACEN
27933;SNACK BOX GRANDE C/TAPA 1L;ALMACEN
03171;SNACK CALLIERI 60G FRUTAS SECA;ALMACEN
03177;SNACK CALLIERI 60G MIX TROPICA;ALMACEN
14026;SNACK CRISPPINO 100G ARROZ CON SAL;ALMACEN
14027;SNACK CRISPPINO 100G ARROZ SIN SAL;ALMACEN
06893;SNACK CRISPPINO ARROZ 50G CIBU;ALMACEN
06858;SNACK CRISPPINO ARROZ 50G JAMO;ALMACEN
06802;SNACK CRISPPINO ARROZ 50G OLIV;ALMACEN
06872;SNACK CRISPPINO ARROZ 50G QUES;ALMACEN
23045;SNACK FRUCH MANZ.ROJA ORIG.35G;ALMACEN
23047;SNACK FRUCH MANZ.ROJA S/A 25G;ALMACEN
23046;SNACK FRUCH MANZ.VERDE 35G;ALMACEN
23774;SNACK FRUTY 18GR MANZANA VERDE;ALMACEN
13067;SNACK PAPAS A LA PIMIENTA 80G;ALMACEN
19797;SNACK SABORES 80G BATATAS C/MERKÉN;ALMACEN
14045;SNACK SABORES 90G TORTILLA CHI;ALMACEN
02574;SNACK SALADIX 25G JAMON/QUESO;ALMACEN
22994;SNACK SALADIX 30G JAMON;ALMACEN
19380;SNACK SALADIX 58G BARBACOA;ALMACEN
19379;SNACK SALADIX 58G CHEDDAR;ALMACEN
19378;SNACK SALADIX 58G ORIGINAL;ALMACEN
25883;SNACK SALADIX 60G XTRA PICANTE;ALMACEN
11580;SNACK SALADIX 70G KESITOS;ALMACEN
19194;SNACK SALADIX CROSS 135G ORIGI;ALMACEN
19165;SNACK SALADIX CROSS 135G PIZZA;ALMACEN
27716;SNACK SALADIX PAPAS 50G ORIGINAL ;ALMACEN
19164;SNACK SALADIX PAPAS 95G BARBAC;ALMACEN
07684;SNACK SALADIX PAPAS 95G CHEDDA;ALMACEN
13692;SNACK SALADIX PAPAS 95G CREMA;ALMACEN
07633;SNACK SALADIX PAPAS 95G ORIGIN;ALMACEN
10136;SNACK SALADIX PIZZITAS 70G;ALMACEN
27717;SNACK SALADIX QUESITOS 150G ;ALMACEN
26643;SNACK TAKIS 140GR FUEGO;ALMACEN
26642;SNACK TAKIS 140GR ORIGINAL;ALMACEN
26644;SNACK TAKIS 140GR XPLOSION;ALMACEN
26825;SNACK TAKIS 85GR FUEGO;ALMACEN
26654;SNACK TAKIS 85GR ORIGINAL;ALMACEN
27394;SNACK TAKIS 85GR XPLOSION;ALMACEN
27307;SNACK TIERNITO DENTAL GATO*3U+1;ALMACEN
26874;SNACK TIERNITO DENTAL R.MED *3U+1;ALMACEN
26850;SNACK TIERNITO DENTAL R.PEQ *3U+1;ALMACEN
26875;SNACK TIERNITO DENTAL R.PEQ.*3U+1;ALMACEN
09035;SNACK.RAICES 80G REMOLACHA BA;ALMACEN
09034;SNACK.SABORES 80G BATATA;ALMACEN
09033;SNACK.SABORES 80G MANDIOCA;ALMACEN
09023;SNACK.SABORES 80G PAPAS RUSTICAS;ALMACEN
26862;SNACKS GALLO 20G CHOCONUSS;ALMACEN
26863;SNACKS GALLO 20G LEMON BAR;ALMACEN
09913;SNACKS SALADIX 58G CREMA/CEB.;ALMACEN
24092;SNACKS SALADIX 67G CROSS FUEGO ;ALMACEN
25408;SNACKS SHIVA 100G CARBON VEGETAL ;ALMACEN
24820;SNACKS SHIVA 100G MEDITERRANEAS;ALMACEN
24821;SNACKS SHIVA 100G MIX DE SEMILLAS;ALMACEN
24819;SNACKS SHIVA 100G PIMENTON AHUMADO;ALMACEN
2803;SNACKS VEGGIE GRANIX 90G BARBACOA;ALMACEN
02792;SNACKS VEGGIE GRANIX 90G CEBOLLA;ALMACEN
2801;SNACKS VEGGIE GRANIX 90G FINAS HIERBAS;ALMACEN
2804;SNACKS VEGGIE GRANIX 90G PIZZA;ALMACEN
13068;SNACKS ZAHAHORIA FRITA 80G;ALMACEN
09969;SNACKY TERRABUSI 60G;ALMACEN
24940;SODA 2AGUAS SIFON 1.75L;ALMACEN
27431;SODA ALVURA 2LTS SIFON;ALMACEN
25552;SODA ALVURA 500CC;ALMACEN
22364;SODA SALDAN 2.00LT SIFON;ALMACEN
27535;SODA SIERRA PADRES 1.50L BOTELLA;ALMACEN
27504;SODA SIERRA PADRES 1.50LT BOTELLA;ALMACEN
16580;SODA SIERRA PADRES 1.75LT SIFON;ALMACEN
26575;SODA SIERRA PADRES 500CC;ALMACEN
26456;SODA SIFONCITO 500ML;ALMACEN
24517;SOJA INALPA 300G VIDA S/S;ALMACEN
20666;SOJA INALPA 350G SECA REMOJADA;ALMACEN
24606;SOJA TEXTURIZADA 250G ;ALMACEN
00970;SOLOMILLO DE CERDO X KG;ALMACEN
00522;SOPA 300G;ALMACEN
16141;SOPA ALICANTE 59G NATURAL FIDEOS C/VEGETALES;ALMACEN
18586;SOPA ALICANTE 68G CAMPESTRE CON FIDEOS ;ALMACEN
16142;SOPA ALICANTE 68G NATURAL LEGUM.VEGETALES;ALMACEN
17554;SOPA ALICANTE 72G CRIOLLA Y VEG.;ALMACEN
17858;SOPA ALICANTE 72G FIDEOS/VERDURAS ;ALMACEN
18195;SOPA ALICANTE CREMA ZAPALLO 73G;ALMACEN
18499;SOPA BON WERT ARVEJAS 50G;ALMACEN
17731;SOPA BON WERT CHOCLO 50G;ALMACEN
17730;SOPA BON WERT ESPARRAGO 50G;ALMACEN
17732;SOPA BON WERT QUESO 50G ;ALMACEN
17733;SOPA BON WERT VERDURA 50G;ALMACEN
18500;SOPA BON WERT ZAPALLO 50G;ALMACEN
17290;SOPA CAMPESINA MOLE 120G;ALMACEN
19091;SOPA CREMA ALICANTE 63G POLLO Y ARROZ;ALMACEN
17794;SOPA CREMA ALICANTE 65G POLLO/VEGETALES;ALMACEN
18120;SOPA CREMA ALICANTE 68G ARVEJA/JAMON;ALMACEN
000801;SOPA CREMA ALICANTE 69G CHOCLO ;ALMACEN
19090;SOPA CREMA ALICANTE 73G ZAPALLO;ALMACEN
17621;SOPA KNORR 107.5G VEGET.C/CARAC.TRICOLOR;ALMACEN
15426;SOPA KNORR 60G CREMA VERDURAS;ALMACEN
17619;SOPA KNORR 80G POLLO C/DEDAL.INTEG;ALMACEN
14809;SOPA KNORR CASERA 105.6G POLLO/CAB.ANGEL;ALMACEN
21651;SOPA KNORR CASERA 107.5G VEGET.C/LETRA ;ALMACEN
17620;SOPA KNORR CASERA 80G VEGET.C/CARAL.VERDES;ALMACEN
24463;SOPA KNORR CREMA 70G CHOCLO ;ALMACEN
14813;SOPA KNORR CREMA 70G ZAPALLO;ALMACEN
01414;SOPA KNORR CREMA ARVEJAS 67G;ALMACEN
000807;SOPA KNORR CREMA CEBOLLA 67G;ALMACEN
001204;SOPA KNORR CREMA ESPARRAGOS 67G;ALMACEN
03447;SOPA KNORR CREMA POLLO 67G;ALMACEN
01659;SOPA KNORR CREMA QUESO 67G;ALMACEN
17329;SOPA KNORR CREMA VEGETALES 60G ;ALMACEN
06423;SOPA KNORR CREMA VERDURA 67G;ALMACEN
001104;SOPA KNORR CREMA ZAPALLO 67G;ALMACEN
24080;SOPA KNORR QUICK 50G VEGETALES ;ALMACEN
16114;SOPA KNORR QUICK 63G CHOCLO/PEREJIL;ALMACEN
22794;SOPA KNORR QUICK 63G ZAPALLO/ROMERO;ALMACEN
24078;SOPA KNORR QUICK 65G ARVEJAS C/CHILE;ALMACEN
14815;SOPA KNORR QUICK 65G ESPINACA;ALMACEN
21032;SOPA KNORR QUICK CHOCLO;ALMACEN
21033;SOPA KNORR QUICK TOMATE;ALMACEN
21031;SOPA KNORR QUICK VEGETALES;ALMACEN
21030;SOPA KNORR QUICK ZANAHORIA;ALMACEN
17327;SOPA KNORR VEGETALES 64G C/AJI PIC.;ALMACEN
21022;SOPA KNORR VEGETALES 78G C/MUNICIONES;ALMACEN
18587;SOPA LISTA ALICANTE 10G LIGHT ESPARRAGO;ALMACEN
17937;SOPA LISTA ALICANTE 13G VEGETALES ;ALMACEN
21723;SOPA QUICK BALANCE 46,5G ZAPALLO;ALMACEN
15072;SOPA QUICK CLASICA 63G TOMATE;ALMACEN
14816;SOPA QUICK CLASICA 63G VEGETALES;ALMACEN
14814;SOPA QUICK CLASICA 65G ZANAHORIA;ALMACEN
07818;SOPAPA GOMA CON CABO CHICA;ALMACEN
07819;SOPAPA GOMA GRANDE C/CABO.;ALMACEN
05191;SOPRESATTA CAGNOLI 135G A LA ITALIANA ;ALMACEN
14629;SORRENTINOS DON YEYO 400G MUZZ/JAMON;ALMACEN
001156;SORRENTINOS SALTENA 300G JAMON;ALMACEN
08646;SORRENTINOS SUPERIORA 500G JAM;ALMACEN
00877;SORRENTINOS VEC.NUNZIATO;ALMACEN
01020;SPIANATTA CAGNOLI;ALMACEN
25809;SPRINKLES MULTICOLOR 50G;ALMACEN
02554;SPRITE LATA 1U;ALMACEN
02556;SPRITE LATA 1U SIN AZUCAR;ALMACEN
22736;SPRITE LATA 220CC ;ALMACEN
02559;SPRITE LATA 310CC 1U;ALMACEN
25642;SPRITE LATA 473ML ZERO ICE;ALMACEN
01491;SPRITE PET  500CC SIN AZUCAR;ALMACEN
04291;SPRITE PET 1.0LT;ALMACEN
03371;SPRITE PET 1.50L;ALMACEN
03984;SPRITE PET 1.50L SIN AZUCAR;ALMACEN
06267;SPRITE PET 2.25L ;ALMACEN
07956;SPRITE PET 2.25L SIN AZUCAR;ALMACEN
08512;SPRITE PET 3.00L;ALMACEN
001406;SPRITE PET 500CC ORIGINAL;ALMACEN
05918;SPRITE RETORNABLE 2.0L;ALMACEN
14300;SPRITE S/AZUCAR LATA 310CC;ALMACEN
000085;SPRITE VIDRIO 1.25L;ALMACEN
27437;SPRITE VIDRIO 237CC;ALMACEN
25270;STEVIA HOJAS CUMANA 1 KG;ALMACEN
27780;STICKERS WERO SORPRESA MARVEL;ALMACEN
27146;STICKERS WERO SORPRESA STITCH;ALMACEN
23624;SUAV.BURBUJITAS 1L ;ALMACEN
08761;SUAV.COMFORT  450CC DOY CONCEN;ALMACEN
09314;SUAV.COMFORT  900CC REG.CLASSI;ALMACEN
27902;SUAV.COMFORT 1L BRISA DP ;ALMACEN
27584;SUAV.COMFORT 1L DP DETOX;ALMACEN
27583;SUAV.COMFORT 1L DP ENERGIA FLORAL ;ALMACEN
27585;SUAV.COMFORT 1L DP FRESCOR INTENSO ;ALMACEN
27586;SUAV.COMFORT 1L DP PURO CUIDADO;ALMACEN
27901;SUAV.COMFORT 1L SEGREDOS ;ALMACEN
20916;SUAV.COMFORT 3L CLÁSICO;ALMACEN
26403;SUAV.COMFORT 450CC DOY BRISA ELEGANTE;ALMACEN
26402;SUAV.COMFORT 450CC DOY FRESCOR INTENSO;ALMACEN
27582;SUAV.COMFORT 450CC DOY LAVANDA;ALMACEN
27460;SUAV.COMFORT 500CC CONCENTRADO;ALMACEN
26952;SUAV.COMFORT 500CC ENERGIA FLORAL;ALMACEN
27544;SUAV.COMFORT 500CC SECRETOS BOT.;ALMACEN
27545;SUAV.COMFORT 500CC SEGREDOS ;ALMACEN
26216;SUAV.COMFORT 500ML BRISA ELEGANTE;ALMACEN
25667;SUAV.COMFORT 500ML CONCENTRADO;ALMACEN
27779;SUAV.COMFORT 500ML LAVANDA ;ALMACEN
27514;SUAV.COMFORT 500ML SECRETOS BOT;ALMACEN
24253;SUAV.COMFORT 900ML CLASICO ;ALMACEN
26213;SUAV.DOWNY 400CC BRISA DE VERAO;ALMACEN
19874;SUAV.DOWNY 400CC BRISA FRESCA DOY PACK;ALMACEN
26138;SUAV.DOWNY 400CC BRISA INTENSO;ALMACEN
26212;SUAV.DOWNY 450CC ADORABLE BOT.;ALMACEN
25313;SUAV.DOWNY 450ML MISTICO;ALMACEN
27070;SUAV.DOWNY 500CC BRISA DE VERANO;ALMACEN
24205;SUAV.DOWNY 500CC BRISA INTENSO;ALMACEN
24776;SUAV.DOWNY 500CC BRISA SUAVE ;ALMACEN
27953;SUAV.DOWNY 500CC LIRIOS ;ALMACEN
24759;SUAV.QUERUBIN 3LT DP F.SILVESTRES ;ALMACEN
24633;SUAV.QUERUBIN 800CC DOY BOSQUE ;ALMACEN
24634;SUAV.QUERUBIN 800CC DOY CITRICAS ;ALMACEN
24632;SUAV.QUERUBIN 800CC DOY SILVESTRES ;ALMACEN
09379;SUAV.VIVERE  810CC SACHET.PLAN;ALMACEN
16481;SUAV.VIVERE  900CC DOY PACK CLASICO;ALMACEN
17540;SUAV.VIVERE 1L DP ABRAZOS ;ALMACEN
20915;SUAV.VIVERE 1L MIMOS FLORALES INTENSE D.P.;ALMACEN
27542;SUAV.VIVERE 3L CLASICO BOT.;ALMACEN
27575;SUAV.VIVERE 3L CLASICO DP;ALMACEN
25672;SUAV.VIVERE 3L CLASICO EXP.FLORAL BOTELLA;ALMACEN
20563;SUAV.VIVERE 3L EXP.FLORAL DP;ALMACEN
27290;SUAV.VIVERE 3L EXP.FLORAL DP;ALMACEN
20812;SUAV.VIVERE 3L VIOLETAS/FLORES DP;ALMACEN
27581;SUAV.VIVERE 450ML DP CLASICO ;ALMACEN
20912;SUAV.VIVERE 810CC DP PLANCHA FACIL ;ALMACEN
16480;SUAV.VIVERE 810ML PLANCHA FACIL DP;ALMACEN
19786;SUAV.VIVERE 900CC DOY PACK VIOLETAS;ALMACEN
20942;SUAV.VIVERE 900CC DP CLASICO;ALMACEN
24269;SUAV.VIVERE 900CC DP FLORES SILVESTRES;ALMACEN
24623;SUAV.VIVERE 900CC DP VIOL./F.BCAS ;ALMACEN
17098;SUAV.VIVERE 900ML DOY B.FLORES SILV.;ALMACEN
27574;SUAV.VIVERE 900ML DP CLASICO ;ALMACEN
27579;SUAV.VIVERE 900ML DP ETERNA PRIMAVERA;ALMACEN
27578;SUAV.VIVERE 900ML DP EXP.FLORAL ;ALMACEN
27580;SUAV.VIVERE 900ML DP PLANCHA FACIL ;ALMACEN
18663;SUP VASO 220CC PS BLANCO 10U;ALMACEN
10759;SUP VASO 500CC TRASLUCIDO 10U;ALMACEN
18665;SUP VASO TRASLUCIDO 1L 10U;ALMACEN
18664;SUP VASO TRASLUCIDO 800CC 10U;ALMACEN
10841;SUP.GLOBO REDONDO LISO  25UD;ALMACEN
4154;SUPER ESPONJA REVIGAL P/AUTO;ALMACEN
18938;SUPER RENOV.REVIGAL 220CC ;ALMACEN
14331;SURIMI KANI KAMA STA.ELENA 125G;FIAMBRERIA
24030;SURTIDO MARISCO MARE PRONTO 1KG;FIAMBRERIA
25870;TABLA PLASTICA DE PICAR GRANDE;ALMACEN
21950;TABLA STELLA ARTOIS + RUEDA CORTA PIZZA ;ALMACEN
25043;TABLETA BON O BON 160GR;ALMACEN
27229;TABLETA BON O BON 48G;ALMACEN
20023;TABLETA GEORGALOS 100G CREMA CATALANA;ALMACEN
20025;TABLETA GEORGALOS 100G MOUSSE DULCE LECHE;ALMACEN
25160;TABLETA GEORGALOS 100G SEMIAMARGO DULCE LECHE;ALMACEN
18767;TABLETA GEORGALOS 95G FRUTOS SECOS ;ALMACEN
16866;TABLETAS FUYI 12U;ALMACEN
25496;TABLETAS FUYI 12U ;ALMACEN
16126;TABLETAS FUYI 24U;ALMACEN
23173;TABLETAS FUYI 24U ESTUCHE;ALMACEN
13655;TABLETAS RAID 12U;ALMACEN
13615;TABLETAS RAID 24U;ALMACEN
15742;TALCO AER.REXONA EFF.88G ORIGINAL;ALMACEN
18749;TALCO ALGABO 200G FLORAL BOLSA;ALMACEN
13154;TALCO ALGABO 250G TALQUERA FLORAL ;ALMACEN
13234;TALCO ALGABO 250G VIOLETS;ALMACEN
13555;TALCO ALGABO 400G DOY FLORAL ;ALMACEN
20033;TALCO EFFICIENT 100G ANTIB. FRESH;ALMACEN
17899;TALCO EFFICIENT 100G ORIGINAL;ALMACEN
20716;TALCO EFFICIENT 200G ANTIB. FRESH;ALMACEN
10937;TALCO EFFICIENT 200G ORIGINAL;ALMACEN
19567;TALCO EFFICIENT 88G AER.ORIGINAL;ALMACEN
20408;TALCO EFFICIENT REXONA 200G ORIGINAL;ALMACEN
14885;TALCO REXONA 100G EFFICIENT ANTIB.;ALMACEN
14710;TALCO REXONA 200G EFFICIENT ANTIB.;ALMACEN
16358;TALCO REXONA EFFICIENT 88G AER.SPORT;ALMACEN
07473;TALITAS DON SATUR 140G TRADICIONALES;ALMACEN
14506;TALLARINES DIMAX 250G FRESCOS;ALMACEN
00051;TALLARINES VEC.NUNZIATO;ALMACEN
19079;TAMPON NOSOTRAS 8U SUPER.ALG;ALMACEN
18427;TAMPON O.B. 16U SUPER;ALMACEN
18428;TAMPON O.B. 8U MEDIO;ALMACEN
18430;TAMPON O.B. 8U MINI;ALMACEN
18429;TAMPON O.B. 8U SUPER;ALMACEN
25631;TAMPONES NOSOTRAS 16U REGULAR;ALMACEN
20544;TAMPONES NOSOTRAS 8U DIG MINI;ALMACEN
17116;TAMPONES NOSOTRAS 8U REGULAR ;ALMACEN
17117;TAMPONES NOSOTRAS 8U SUPER ;ALMACEN
24506;TAMPONES NOSOTRAS.16U SUPER ;ALMACEN
00185;TAPA ALFAJOR FRANKY X KG;PANADERIA
00284;TAPA DE ASADO;CARNICERIA
00157;TAPA DE BIFE EL KILO;CARNICERIA
00173;TAPA DE CUADRIL EL KILO;CARNICERIA
00167;TAPA DE NALGA EL KILO;CARNICERIA
00543;TAPA DE NALGA ENV. AL VACIO X KG;CARNICERIA
19128;TAPA PLANCHETTA ;ALMACEN
14507;TAPAS EMP.DIMAX 360G S/T;ALMACEN
15655;TAPAS EMP.DON YEYO 12U CRIOLLAS ;ALMACEN
22477;TAPAS EMP.DON YEYO 12U FREIR;ALMACEN
22157;TAPAS EMP.DON YEYO 12U HORNO;ALMACEN
1466;TAPAS EMP.DON YEYO 18U CRIOLLAS;ALMACEN
02312;TAPAS EMP.DON YEYO 18U FREIR;ALMACEN
2315;TAPAS EMP.DON YEYO 18U HORNO;ALMACEN
00867;TAPAS EMP.FRANKY FREIR;PANADERIA
00868;TAPAS EMP.FRANKY HORNO;PANADERIA
09787;TAPAS EMP.SALTENA 12U S/TACC;ALMACEN
24704;TAPAS EMP.SALTEÑA 12U ;ALMACEN
09782;TAPAS EMP.SALTEÑA 12U CRIOLLAS;ALMACEN
22858;TAPAS EMP.SALTEÑA 12U FREIR ;ALMACEN
22857;TAPAS EMP.SALTEÑA 12U HOJALDRADAS;ALMACEN
9784;TAPAS EMP.SALTEÑA 12U HORNO;ALMACEN
07754;TAPAS EMP.SUPERIORA 12U FREIR;ALMACEN
07458;TAPAS EMP.SUPERIORA 12U HORNO;ALMACEN
00097;TAPAS EMP.VEC.NUNZIATO HOR/FRE;ALMACEN
19092;TAPENADE ACEIT. DIDIER 90G VERDES;ALMACEN
18764;TAPON MATERO CEBADOR LUMILAGRO ;ALMACEN
00923;TARTA COCO FRANKY X UNIDAD;PANADERIA
00176;TARTA DE COCO PORCIÓN;PANADERIA
00179;TARTA DE NUECES Y DULCE DE LECHE;PANADERIA
00090;TARTA FRANKY FRUTA COMUN X UN;PANADERIA
00857;TARTA FRANKY FRUTA ESPEC.X UNI;PANADERIA
00551;TARTA FRANKY MANZANA X UNID.;PANADERIA
00462;TARTA FRUTAL DURAZNO C/CREMA;PANADERIA
00459;TARTA FRUTAL FRUTILLA C/CREMA;PANADERIA
00464;TARTA GELATINA DURAZNO ;PANADERIA
00465;TARTA GELATINA FRAMBUESA;PANADERIA
00099;TARTA RICOTTA ;PANADERIA
00956;TARTA RICOTTA FRANKY X MITAD;PANADERIA
01231;TARTA RICOTTA PORCION ;PANADERIA
23579;TARTERA GENESIS N° 26 DESMONTABLE;ALMACEN
28008;TARTERA. RIGOLLEAU RED.1.6ML;ALMACEN
00068;TARTITA FRANKY FRUTAS X UNIDAD;PANADERIA
22882;TAZA ARMONIA GUINDA 360CC;ALMACEN
22884;TAZA ARMONIA INCOLORA 400CC;ALMACEN
26462;TAZA ARMONIA NEGRA;ALMACEN
22121;TAZA ARMONIA NEGRO 360CC;ALMACEN
24995;TAZA ARMONIA NEGRO/LIMA 360CC;ALMACEN
17911;TAZA CERAMICA BOCA ;ALMACEN
26824;TAZA CERAMICA DECORADO BOMBE;ALMACEN
17912;TAZA CERAMICA RIVER ;ALMACEN
26031;TAZA DE TE OXFORD 200CC;ALMACEN
17134;TAZA DESAYUNO 250CC BLANCA;ALMACEN
10192;TAZA DURAX TANGO 187CC;ALMACEN
26538;TAZA OXFORD 200CC BLANCA DESAYUNO ;ALMACEN
01642;TAZON AMANECER RIGOLLEAU 370CC;ALMACEN
27906;TAZON AZUL 740CC;ALMACEN
26545;TAZON CON ASA 740CC AZUL;ALMACEN
15408;TAZON CON ASA 740CC BLANCO;ALMACEN
20481;TAZON CON ASA 740CC CELESTE ;ALMACEN
26544;TAZON CON ASA 740CC NEGRO;ALMACEN
20480;TAZON CON ASA 740CC ROSA ;ALMACEN
20479;TAZON CON ASA 740CC VIOLETA ;ALMACEN
4283;TAZON DURAX FACETADO;ALMACEN
17215;TAZON SAN REMO AZUL 1800ML ;ALMACEN
10157;TAZON SAN REMO GATOS AZUL 200ML;ALMACEN
10158;TAZON SAN REMO GATOS ROSA 200ML;ALMACEN
10159;TAZON SAN REMO PERROS AZUL 650ML;ALMACEN
10160;TAZON SAN REMO PERROS ROSA 650ML;ALMACEN
17216;TAZON SAN REMO ROSA 1800ML;ALMACEN
06970;TE BIG BEN  25S CLASICO;ALMACEN
06964;TE BIG BEN  50S CLASICO;ALMACEN
06949;TE BIG BEN 100S CLASICO;ALMACEN
06958;TE BIG BEN 25S BOLDO;ALMACEN
06957;TE BIG BEN 25S MANZANILLA;ALMACEN
06947;TE BIG BEN 25S MEZCLA HIERBAS;ALMACEN
000842;TE CACHAMAI 20S AMARILLO;ALMACEN
05169;TE CACHAMAI 20S BOLDO;ALMACEN
3768;TE CACHAMAI 20S MANZANILLA;ALMACEN
3779;TE CACHAMAI 20S MENTA;ALMACEN
21075;TE CACHAMAI 20S OCLOCK LEMON GRASS/JENGIBRE;ALMACEN
25004;TE CACHAMAI 20S OCLOCK NEGRO;ALMACEN
21074;TE CACHAMAI 20S OCLOCK NEGRO/R.MOSQUETA;ALMACEN
3809;TE CACHAMAI 20S OCLOCK NEGRO/VAINILLA;ALMACEN
000841;TE CACHAMAI 20S ROSA;ALMACEN
09689;TE CACHAMAI 20S TILO;ALMACEN
2060;TE CACHAMAI 20S VERDE;ALMACEN
08669;TE CACHAMAI 50S AMARILLO;ALMACEN
08658;TE CACHAMAI 50S ROSA;ALMACEN
3769;TE CACHAMAI VERDE 20S FRUTILLA;ALMACEN
3775;TE CACHAMAI VERDE 20S GROSELLA;ALMACEN
3773;TE CACHAMAI VERDE 20S MANDARINA;ALMACEN
24980;TE CUARTO 500CC NEGRO DURAZNO;ALMACEN
17770;TE GREEN  HILLS 20S DURAZNO/MANGO ;ALMACEN
17775;TE GREEN HILLS 100G HEBRAS;ALMACEN
17777;TE GREEN HILLS 100S CLASSIC;ALMACEN
17767;TE GREEN HILLS 20S  FRUTILLA;ALMACEN
17772;TE GREEN HILLS 20S BLEND BIENESTAR ;ALMACEN
17769;TE GREEN HILLS 20S BLEND RELAX ;ALMACEN
17774;TE GREEN HILLS 20S EARL GREY ;ALMACEN
17773;TE GREEN HILLS 20S ENGLISH BREAKFAST ;ALMACEN
17771;TE GREEN HILLS 20S LIMON ;ALMACEN
17768;TE GREEN HILLS 20S TILO ;ALMACEN
17776;TE GREEN HILLS 50S CLASSIC ENSOB.;ALMACEN
19741;TE MORENITA 100S CLASICO;ALMACEN
16139;TE MORENITA 20S BOLDO ;ALMACEN
16228;TE MORENITA 20S MANZANILLA;ALMACEN
01900;TE MORENITA 20S TILO;ALMACEN
19438;TE MORENITA 20S TILO ;ALMACEN
09008;TE MORENITA 25S CLASICO;ALMACEN
16447;TE MORENITA 25S CLASICO;ALMACEN
04097;TE MORENITA 50S ;ALMACEN
17086;TE MORENITA 50S;ALMACEN
19440;TE MORENITA HIERBAS NAT. MC 20S S/S;ALMACEN
04484;TE ROSAMONTE 25S.;ALMACEN
09141;TE TARAGUI  25S ENSOBRADO INTERNACIONAL;ALMACEN
14489;TE TARAGUI  25S SIN ENSOBRAR;ALMACEN
07269;TE TARAGUI  50S ENSOBRADO INTERNACIONAL;ALMACEN
14490;TE TARAGUI  50S SIN ENSOBRAR;ALMACEN
17553;TE TARAGUI 100S ENSOBRADO;ALMACEN
14680;TE TARAGUI 100S SIN ENSOBRAR;ALMACEN
16183;TE TARAGUI 10S BOLDO SILVESTRE;ALMACEN
3937;TE TARAGUI 10U HIERBAS SILVESTRES;ALMACEN
07287;TE TARAGUI 180G HEBRAS;ALMACEN
24799;TE TARAGUI 20S BOLDO SILVESTRE ;ALMACEN
23653;TE TARAGUI 20S ENSUEÑOS;ALMACEN
20391;TE TARAGUI 20S LIMON/MIEL/JENGIBRE;ALMACEN
24631;TE TARAGUI 20S MANZANILLA ;ALMACEN
24800;TE TARAGUI 20S SILVESTRE MEZCLA HIERBAS ;ALMACEN
25539;TE TARAGUI 20S TILO;ALMACEN
02280;TE TARAGUI 20S VERDE ;ALMACEN
20903;TE TARAGUI 20U FRUTAS ROJAS;ALMACEN
14441;TE TARAGUI 20U LIMON/MIEL;ALMACEN
20396;TE TARAGUI 20U MANZANA CANELA MIEL;ALMACEN
06877;TE TARAGUI 25S BOLDO ;ALMACEN
16174;TE TARAGUI 25S CHAI ;ALMACEN
06203;TE TARAGUI 25S MANZANILLA ;ALMACEN
16175;TE TARAGUI 25S VERDE JAZMIN;ALMACEN
14316;TE TARAGUI 40S VERDE;ALMACEN
18790;TE VIRGIN ISLANDS 25S EARL GRAY ;ALMACEN
000829;TE VIRGINIA 100S;ALMACEN
15548;TE VIRGINIA 100S;ALMACEN
18194;TE VIRGINIA 20S CANELA HP;ALMACEN
05943;TE VIRGINIA 20S DURAZNO;ALMACEN
18409;TE VIRGINIA 20S ESPECIAL CHAI HP;ALMACEN
18918;TE VIRGINIA 20S ESPECIAL ROJO ;ALMACEN
18448;TE VIRGINIA 20S FRUTAS TROPI;ALMACEN
18585;TE VIRGINIA 20S FRUTILLA ;ALMACEN
18118;TE VIRGINIA 20S LIMON;ALMACEN
18696;TE VIRGINIA 20S MAND/NAR/POME;ALMACEN
18408;TE VIRGINIA 20S MANZANA CANELA ;ALMACEN
18917;TE VIRGINIA 20S MARACUYA ;ALMACEN
26082;TE VIRGINIA 20S NEGRO INTENSO;ALMACEN
07381;TE VIRGINIA 20S ROSA MOSQUETA;ALMACEN
17962;TE VIRGINIA 20S VERDE ;ALMACEN
000830;TE VIRGINIA 20S VERDE CITRUS;ALMACEN
13770;TE VIRGINIA 20S VERDE JAZMIN;ALMACEN
19824;TE VIRGINIA 20S VERDE JAZMIN ;ALMACEN
17707;TE VIRGINIA 25S;ALMACEN
08993;TE VIRGINIA 25S BOLDO;ALMACEN
07699;TE VIRGINIA 25S EARL GREY;ALMACEN
25178;TE VIRGINIA 25S HERBO DETOX;ALMACEN
24674;TE VIRGINIA 25S HERBO FLUIR ;ALMACEN
24675;TE VIRGINIA 25S HERBO INSPIRAR ;ALMACEN
24676;TE VIRGINIA 25S HERBO RELAJAR ;ALMACEN
14631;TE VIRGINIA 25S MANZANILLA;ALMACEN
13617;TE VIRGINIA 25S MANZANILLA/ANIS;ALMACEN
09581;TE VIRGINIA 25S MENTA PEPERINA;ALMACEN
01788;TE VIRGINIA 25S TILO;ALMACEN
14889;TE VIRGINIA 25S TILO;ALMACEN
02869;TE VIRGINIA 25S TILO/MANZ/CED;ALMACEN
13616;TE VIRGINIA 25U CEDRON;ALMACEN
14402;TE VIRGINIA 25U HIERBAS NATURALES;ALMACEN
15370;TE VIRGINIA 50S;ALMACEN
15813;TE VIRGINIA 50S BOLDO ;ALMACEN
17792;TE VIRGINIA ISLANDS HP 25S;ALMACEN
17793;TE VIRGINIA ISLANDS HP 50S;ALMACEN
25251;TEMPERA POMO ACUAREL *10U SURTIDO;ALMACEN
24122;TEMPERAS MAPED *12U SURTIDAS;ALMACEN
23212;TEMPERAS PLAYCOLOR 10U SURTIDAS;ALMACEN
23214;TEMPERAS PLAYCOLOR 6U FLUO;ALMACEN
00364;TENDONES;CARNICERIA
26591;TENEDOR DI SOLLE 6U TRAD.;ALMACEN
26547;TENEDOR INOVA VERDE 3U;ALMACEN
21671;TENEDOR TRAMONTINA *6U;ALMACEN
18334;TENEDOR TRAMONTINA 3U POLYWOOD;ALMACEN
19508;TENEDORES IBERIA ECO MADERA 25U;ALMACEN
03942;TEQUILA CRAZY 1L;ALMACEN
08025;TEQUILA CUERVO 750CC ESPECIAL;ALMACEN
24822;TEQUILA CUERVO 750CC ESPECIAL ;ALMACEN
08021;TEQUILA CUERVO 750CC SILVER;ALMACEN
23643;TEQUILA SOL AZTECA 1LT;ALMACEN
04130;TERMO AGUANTADORA MATERO;ALMACEN
23386;TERMO AMANDA 1L AZUL;ALMACEN
23384;TERMO AMANDA 1L BLANCO;ALMACEN
13221;TERMO AMANDA 1L MATE;ALMACEN
10802;TERMO LUMILAGRO 1L SUPERTERMICA;ALMACEN
17516;TERMO MAÑANITA 1L ;ALMACEN
27086;TERMO PIPORE 1L;ALMACEN
04181;TERMO PIPORE MATERO;ALMACEN
03765;TERMO ROSAMONTE LUMILAGRO;ALMACEN
07970;TERMO TARAGUI 1L;ALMACEN
21972;TERMO UNIÓN 1L;ALMACEN
25054;TIJERA DELI ESCOLAR 13 CM;ALMACEN
26285;TIJERA ESCOLAR MAPED 13CM;ALMACEN
20462;TIJERA EZCO 18CM LOTUS ;ALMACEN
27658;TIJERA EZCO 22CM LOTUS ;ALMACEN
25586;TIJERA EZCO INNOVA 18CM;ALMACEN
25068;TIJERA EZCO INNOVA 25CM;ALMACEN
21105;TIJERA EZCO LOTUS 13CM;ALMACEN
24949;TIJERA MAPED 13CM ESSENTIALS;ALMACEN
20569;TIRABUZON C/ABRIDOR EN BLISTER;ALMACEN
00631;TIRAMISU ;PANADERIA
21628;TOALL.NIVEA DESMAQ.25U MICELAR;ALMACEN
21629;TOALL.NIVEA DESMAQ.25U SUAVES;ALMACEN
22926;TOALLA ALWAYS 16U EXTRA TRIPLE PROTEC.SUAVE;ALMACEN
22927;TOALLA ALWAYS 16U MAXIMA PROTEC. NOCHES TRANQUILAS;ALMACEN
20121;TOALLA ALWAYS 16U TRIPLE PROT PLUS;ALMACEN
23647;TOALLA ALWAYS 8U COMFORT FINA SUAVE;ALMACEN
23646;TOALLA ALWAYS 8U ULTRA FINA PLUS LARGAS;ALMACEN
09702;TOALLA CALIPSO POCK.16U PLUS;ALMACEN
08489;TOALLA COCINA ELEGANTE 100H;ALMACEN
16836;TOALLA DESMQ.QSOFT 25U AGUA MICELAR;ALMACEN
23594;TOALLA DESMQ.QSOFT 25U EXFOLIANTE;ALMACEN
16336;TOALLA HUM.HUGGIES 48U TP C/OLEO CALC.;ALMACEN
023765;TOALLA HUM.IDEAL 50U BABY CLASICA;ALMACEN
23765;TOALLA HUM.QSOFT 25U BABY CLASICA;ALMACEN
16839;TOALLA HUM.QSOFT 40U OLEO CALCAREO;ALMACEN
23921;TOALLA INTERCALADA 4P 2500U ELITE 18x24;ALMACEN
25116;TOALLA INTERCALADA ELEGANTE 4P 2500U;ALMACEN
13622;TOALLA KOTEX 10U ULTRAFINA;ALMACEN
14753;TOALLA NIVEA DEMAQ.25U;ALMACEN
08379;TOALLA NIVEA DEMAQ.SUAVES 25U;ALMACEN
19064;TOALLA NOSOTRAS 10U MATERNIDAD;ALMACEN
23305;TOALLAS ALWAYS 16U DOBLE PRETEC.;ALMACEN
25315;TOALLAS ALWAYS 16U DOBLE SUAVE;ALMACEN
25314;TOALLAS ALWAYS 16U TRIP.NOCHE SECA;ALMACEN
25316;TOALLAS ALWAYS 16U TRIP.NOCHE SUAVE;ALMACEN
24587;TOALLAS ALWAYS 16U TRIPLE PROT.SECA;ALMACEN
19997;TOALLAS ALWAYS 16U ULTRA F.SECA NOCHE;ALMACEN
22821;TOALLAS ALWAYS 8U DOBLE PROTECCION SECA;ALMACEN
22822;TOALLAS ALWAYS 8U DOBLE PROTECCION SUAVE;ALMACEN
15790;TOALLAS ALWAYS 8U PROTECCION DUAL;ALMACEN
24774;TOALLAS ALWAYS 8U XPROT.NOCHE SECA ;ALMACEN
24773;TOALLAS ALWAYS 8U XPROT.NOCHE SUAVE;ALMACEN
24775;TOALLAS ALWAYS 8U XPROT.SUAVE ;ALMACEN
23083;TOALLAS CALIPSO 16U NORMAL C/F;ALMACEN
24276;TOALLAS CALIPSO 8U NOCTURNA ;ALMACEN
16796;TOALLAS CALIPSO 8U NORMAL ;ALMACEN
22496;TOALLAS CALIPSO 8U NORMAL C/ALAS;ALMACEN
22502;TOALLAS CALIPSO 8U NORMAL C/ALAS;ALMACEN
24274;TOALLAS CALIPSO 8U NORMAL C/ALAS;ALMACEN
24273;TOALLAS CALIPSO 8U NORMAL C/FRA.;ALMACEN
22499;TOALLAS CALIPSO 8U NORMAL S/ALAS;ALMACEN
26582;TOALLAS HUM.DUFFY 48U FLEXIBLE;ALMACEN
26581;TOALLAS HUM.DUFFY 48U PLASTICA;ALMACEN
20077;TOALLAS HUM.LYSOL 36U BRISA MAÑANA;ALMACEN
20079;TOALLAS HUM.LYSOL 36U FRESC.MARINA ;ALMACEN
25787;TOALLAS KOTEX 16U ESENCIAL C/ALAS;ALMACEN
22126;TOALLAS KOTEX 16U EXTRA PROTEC.C/ALAS ;ALMACEN
24991;TOALLAS KOTEX 32U C/ALAS AHORRO;ALMACEN
18488;TOALLAS KOTEX 8U ESENCIAL C/ALAS ;ALMACEN
25786;TOALLAS KOTEX 8U ESENCIAL C/ALAS;ALMACEN
17783;TOALLAS KOTEX 8U NOCT.C/ALAS;ALMACEN
18063;TOALLAS KOTEX NOCT.16U CON ALAS ;ALMACEN
24177;TOALLAS LINA 16U ESENCIAL C/ALAS;ALMACEN
25031;TOALLAS LINA 16U NORMAL C/ALAS CELESTE;ALMACEN
24176;TOALLAS LINA 8U ESENCIAL C/ALAS;ALMACEN
24486;TOALLAS LINA 8U NOCT.C/ALAS VIOL.;ALMACEN
18643;TOALLAS LINA 8U NORMAL C/ALAS;ALMACEN
19075;TOALLAS NOSOTRAS  8U CLASICA CUR-V;ALMACEN
25632;TOALLAS NOSOTRAS 10U MATERNIDAD;ALMACEN
23346;TOALLAS NOSOTRAS 14U RAPISEC.CUR-V;ALMACEN
25370;TOALLAS NOSOTRAS 16U EXTRA PROTEC;ALMACEN
25626;TOALLAS NOSOTRAS 16U INV.CUR;ALMACEN
15791;TOALLAS NOSOTRAS 8U CLASICA C/V.E;ALMACEN
23086;TOALLAS NOSOTRAS 8U CLASICA ESENCIAL;ALMACEN
19081;TOALLAS NOSOTRAS 8U CLASICA RAPISEC CUR-V;ALMACEN
24275;TOALLAS NOSOTRAS 8U CLASICA SUAVE ;ALMACEN
25627;TOALLAS NOSOTRAS 8U DIA Y NOCHE;ALMACEN
17110;TOALLAS NOSOTRAS 8U INVIS.;ALMACEN
23088;TOALLAS NOSOTRAS 8U NOC.SUAVE B.N.MAX;ALMACEN
24280;TOALLAS NOSOTRAS 8U NOCT.INVISIBLE ;ALMACEN
19082;TOALLAS NOSOTRAS 8U ULTRA INV.TELA CUR-V;ALMACEN
26932;TOALLAS NOSOTRAS LARGA 8U;ALMACEN
23525;TOALLAS S.LIBRE  8U C/ALAS ADAPT SUAVE ;ALMACEN
23526;TOALLAS S.LIBRE 16U C/ALAS ADAPT SUAVE ;ALMACEN
24200;TOALLAS S.LIBRE 16U ESPECIAL ADAPT SECA;ALMACEN
21906;TOALLAS S.LIBRE 16U ESPECIAL ADAPT SUAVE;ALMACEN
22002;TOALLAS S.LIBRE 8U C/ALAS SUAVE;ALMACEN
23056;TOALLAS S.LIBRE 8U ESPECIAL ADAPT SUAVE;ALMACEN
25999;TOALLAS.ELEGANTE 150P PREMIUM;ALMACEN
19001;TOALLITAS DESINF.AYUDIN 36U FRESCO D.P.;ALMACEN
25926;TOALLITAS HUM. KIMBIES 48U;ALMACEN
19069;TOALLITAS HUM.ESTRELLA 50U SENSIBLE;ALMACEN
27753;TOALLITAS HUM.IDEAL 50U ALOE VERA ;ALMACEN
26500;TOFU GRILL SOYANA 200G BARBACOA;ALMACEN
26499;TOFU GRILL SOYANA 200G CHIMICHURRI;ALMACEN
26929;TOFU SOYANA 200G CAESAR;ALMACEN
26927;TOFU SOYANA 200G CURRY;ALMACEN
26928;TOFU SOYANA 200G SESAMO;ALMACEN
14585;TOFU SOYANA 350G SOJA;ALMACEN
23234;TOFU SOYANA 350G SOJA ORGANICO ;ALMACEN
14505;TOFU SOYLAND 320G FINAS HIERBAS;ALMACEN
00297;TOMAHAWK BIF EL KILO;ALMACEN
15282;TOMATE ARCOR 1050G PURE TETRA;ALMACEN
14513;TOMATE ARCOR 210G PURE TETRA;ALMACEN
18465;TOMATE ARCOR 530G PURE TETRA;ALMACEN
03847;TOMATE ARCOR CUBETEADO 400G;ALMACEN
07249;TOMATE ARCOR PERITA ENTERO 400G;ALMACEN
03843;TOMATE ARCOR PULPA 520G SUAVE;ALMACEN
24321;TOMATE ARCOR PURE 520G ;ALMACEN
23870;TOMATE BIG CHOICE  208G PURE TETRA;ALMACEN
23871;TOMATE BIG CHOICE 1040G PURE TETRA;ALMACEN
24292;TOMATE CAMPAG.530G PURE ;ALMACEN
06492;TOMATE CAMPAG.CUBETEADO 400G;ALMACEN
22278;TOMATE CAMPAG.EXTRACTO SIMPLE 180GR;ALMACEN
07757;TOMATE CAMPAG.PERITAS 400G;ALMACEN
01270;TOMATE CAMPAG.PULPA 520G;ALMACEN
01269;TOMATE CAMPAG.PURE 520G;ALMACEN
06747;TOMATE CFA TRITURADO 500G;ALMACEN
04898;TOMATE CFA TRITURADO 950G;ALMACEN
00269;TOMATE CHERRY;VERDULERIA
00722;TOMATE CHERRY AMARILLO X KG;VERDULERIA
00889;TOMATE CHERRY BANDEJA X KG;VERDULERIA
00513;TOMATE CHERRY MORADO ;VERDULERIA
26937;TOMATE COLINA 200G EXTRACTO ;ALMACEN
27013;TOMATE COLINA 200G EXTRACTO;ALMACEN
000395;TOMATE COLINA ENTERO 400G PERITA;ALMACEN
02823;TOMATE DIDIER ENTERO AJO/ALBAH;ALMACEN
05477;TOMATE DIDIER TRITURADO 340G;ALMACEN
09013;TOMATE DIDIER TRITURADO 950G;ALMACEN
25643;TOMATE FRUIT LIFE 120 GR SECOS;FIAMBRERIA
19199;TOMATE GENTLEMAN 150G EXTRACTO DOBLE;ALMACEN
09285;TOMATE GENTLEMAN 500G TRITUR;ALMACEN
09300;TOMATE GENTLEMAN 950G TRIT;ALMACEN
27002;TOMATE INALPA 150G EXTRACTO;ALMACEN
27001;TOMATE INALPA 500G TRITURADO;ALMACEN
26398;TOMATE INALPA 970G TRITURADO;ALMACEN
27009;TOMATE INALPA 970G TRITURADO;ALMACEN
20807;TOMATE INCA 150G EXTRACTO;ALMACEN
16974;TOMATE INCA 400G PERITA LATA;ALMACEN
26754;TOMATE LC 400G CUBETEADOS AJO/CEBOLLA;ALMACEN
26753;TOMATE LC 400G CUBETEADOS CEB/OREGANO;ALMACEN
00248;TOMATE NEGRO EL KG;VERDULERIA
00849;TOMATE OFERTA;VERDULERIA
17670;TOMATE OKEY PERITA 400G LATA;ALMACEN
13021;TOMATE OKEY PURE 520G;ALMACEN
22776;TOMATE PERITA CON PURE CANALE 400G;ALMACEN
24923;TOMATE SALSATI 400G ENTERO PERITA;ALMACEN
06493;TOMATE SALSATI CAMPAG.400G CUBITOS;ALMACEN
24578;TOMATE SALSATI CAMPG.400G CUBITOS ;ALMACEN
01331;TOMATE SALSATI PULPA 520G;ALMACEN
01620;TOMATE SALSATI PURE 520G ;ALMACEN
22283;TOMATE SALSATI+ PURE 400G ;ALMACEN
25273;TOMATE TRITURADO CORMILLOT 960GR;ALMACEN
22571;TOMATE TRITURADO GALLARDO 500GR;ALMACEN
22572;TOMATE TRITURADO GALLARDO 950GR;ALMACEN
25949;TOMATES FRUIT LIFE 120G DESHIDRATADOS;FIAMBRERIA
03346;TOMATES GENNARI 50G SECOS;FIAMBRERIA
00796;TOMATES PERITAS  EL KG.;VERDULERIA
00797;TOMATES REDONDOS  EL KG.;VERDULERIA
15850;TOMATES SECOS B.VIENTOS 200G ;ALMACEN
17761;TOMATES SECOS MERIDIANO 330G EN OLIVA;FIAMBRERIA
17943;TOMILLO ALICANTE 15G S/T;ALMACEN
21223;TOMILLO CALLIERI 25G;ALMACEN
12611;TOMILLO CAMPAGNOLA 15G;ALMACEN
00936;TORTA  PORCIÓN;PANADERIA
24717;TORTA CHIPS EXQUISITA 500G  ;ALMACEN
00146;TORTA CREMA MOKA BIZC.CHOCOLATE;PANADERIA
00328;TORTA CREMA OREO BIZC.VAINILLA;PANADERIA
00326;TORTA DCE.LECHE MOUSSE D/CHOC.BIZC.VAINILLA;PANADERIA
00327;TORTA DCE.LECHE MOUSSE D/FRUTILLA BIZC.CHOCOLATE;PANADERIA
00458;TORTA ESPECIAL;PANADERIA
24779;TORTA EXQUISITA 450G CHOCOLATE ;ALMACEN
26467;TORTA EXQUISITA 450G CHOCOLATE;ALMACEN
24780;TORTA EXQUISITA 450G VAINILLA ;ALMACEN
05656;TORTA EXQUISITA CHIPS;ALMACEN
00082;TORTA FRANKY X KG;PANADERIA
00931;TORTA FRITA FRANK DOCENA OFERTA;PANADERIA
00374;TORTA FRITA FRANKY X 1/2 DOC;PANADERIA
00961;TORTA FRITA FRANKY X DOC;PANADERIA
00870;TORTA FRITA FRANKY X UN;PANADERIA
19136;TORTA HELADA AGUILA 1110G ;FIAMBRERIA
00896;TORTA MATERA  POR PORCION;PANADERIA
00466;TORTA MATERA DURAZNO PORCION;PANADERIA
00182;TORTA MATERA DURAZNO UNIDAD;PANADERIA
00908;TORTA MATERA F.DEL BOSQUE PORCION ;PANADERIA
00412;TORTA MATERA F.DEL BOSQUE UNIDAD;PANADERIA
00853;TORTA MATERA MANZANA PORCION ;PANADERIA
01811;TORTA MATERA MANZANA UNIDAD;PANADERIA
00851;TORTA MATERA X UNID.;PANADERIA
01062;TORTA MIL HOJAS x KG;PANADERIA
00515;TORTA OREO ;PANADERIA
00422;TORTA SIMPLE PORCION ;PANADERIA
25662;TORTILLA TIA ROSA 420G BURRERA;ALMACEN
26203;TOSTADAS ARROCITAS 101G C/SAL;ALMACEN
26206;TOSTADAS ARROCITAS 101G CEREALES;ALMACEN
26205;TOSTADAS ARROCITAS 101G DULCES;ALMACEN
26204;TOSTADAS ARROCITAS 101G S/SAL;ALMACEN
14464;TOSTADAS BAUDUCCO 142G CLASICA;ALMACEN
14465;TOSTADAS BAUDUCCO 142G GRANOS;ALMACEN
19518;TOSTADAS BAUDUCCO 142G INTEGRAL;ALMACEN
07912;TOSTADAS CEREALITAS 160G ARROZ;ALMACEN
04993;TOSTADAS CRIOLLITAS 110G ARROZ;ALMACEN
18567;TOSTADAS CRIOLLITAS 110G ARROZ DULCES;ALMACEN
16425;TOSTADAS CRIOLLITAS 110G ARROZ S/SAL;ALMACEN
13775;TOSTADAS CRIOLLITAS 195G CLASICAS;ALMACEN
07193;TOSTADAS CRIOLLITAS 195G DULCE;ALMACEN
8295;TOSTADAS CRIOLLITAS 195G LIGHT;ALMACEN
10053;TOSTADAS CRIOLLITAS 195G SALVADO;ALMACEN
13707;TOSTADAS CRIOLLITAS 195G SIN SAL;ALMACEN
07136;TOSTADAS CRIOLLITAS 200G CLASI;ALMACEN
12518;TOSTADAS DIMAX 200G S/T;ALMACEN
02250;TOSTADAS LULEMUU 120G;ALMACEN
06413;TOSTADAS LULEMUU 120G LIGHT;ALMACEN
02298;TOSTADAS LULEMUU 120G MULTI SEMILLAS;ALMACEN
02253;TOSTADAS LULEMUU 120G SIN SAL;ALMACEN
26200;TOSTADAS MACROBIOTICA 102G C/SAL;ALMACEN
26202;TOSTADAS MACROBIOTICA 102G DULCE;ALMACEN
15729;TOSTADAS MACROBIOTICA 102G MULTICEREAL;ALMACEN
26201;TOSTADAS MACROBIOTICA 102G S/SAL;ALMACEN
01590;TOSTADAS MOLINO BOSQUE 150G CLASICA;ALMACEN
08340;TOSTADAS MOLINO BOSQUE 150G DULCES;ALMACEN
21038;TOSTADAS MOLINO BOSQUE 150G INTEGRAL;ALMACEN
01511;TOSTADAS MOLINO BOSQUE 150G LIGHT;ALMACEN
08337;TOSTADAS MOLINO BOSQUE 150G SIN SAL;ALMACEN
23476;TOSTADAS RIERA 200G 100% INTEGRAL LIBRES;ALMACEN
23475;TOSTADAS RIERA 200G CLASICAS LIBRES;ALMACEN
23478;TOSTADAS RIERA 200G DULCES LIBRES;ALMACEN
25890;TOSTADAS RIERA 200G ORGANICAS LIBRES;ALMACEN
25889;TOSTADAS RIERA 200G PROTEICAS LIBRES;ALMACEN
25102;TOSTADAS RIERA 200G S/SAL LIBRES;ALMACEN
23477;TOSTADAS RIERA 200G SEMILLAS LIBRES;ALMACEN
23631;TOSTADAS SABORES 50GR BABAGANUSH;ALMACEN
23633;TOSTADAS SABORES 50GR CEBOLLA CREMA;ALMACEN
23632;TOSTADAS SABORES 50GR PAN MANTECA;ALMACEN
23630;TOSTADAS SABORES 50GR TOMATE LIMA;ALMACEN
21035;TOSTADITAS ARROZ QUENTO 95G ;ALMACEN
21034;TOSTADITAS ARROZ QUENTO 95G CUATRO QUESOS;ALMACEN
21144;TOSTADITAS ARROZ QUENTO 95G JAMÓN IBÉRICO;ALMACEN
21426;TOSTADOR DE CHAPA C/DIFUSOR CALOR;ALMACEN
21427;TOSTADOR ENLOZADO C/DIFUSOR CALOR ;ALMACEN
08095;TOSTADOR SANDW.REAL SIMPLE;ALMACEN
27464;TOSTITOS NACHOS 100G;ALMACEN
22677;TOSTITOS NACHOS 129G;ALMACEN
27405;TOSTITOS NACHOS 160G;ALMACEN
1908;TOSTITOS NACHOS 200G;ALMACEN
27463;TOSTITOS NACHOS 260G;ALMACEN
22670;TOSTITOS NACHOS 77G;ALMACEN
28021;TRAPO ELITE MAXWIPE 50U DOBLADOS;ALMACEN
01530;TRAPO PISO COSTERO BCO.EXT.GDE;ALMACEN
18517;TRAPO PISO COSTERO BLANCO PROF.CRUDO;ALMACEN
25252;TRAPO PISO COSTERO COLOR 48X57CM;ALMACEN
13491;TRAPO PISO COSTERO DOBLE FAZ;ALMACEN
19787;TRAPO PISO COSTERO GRIS ESPECIAL;ALMACEN
01525;TRAPO PISO COSTERO GRIS EXTRA GRANDE;ALMACEN
19790;TRAPO PISO COSTERO GRIS PROFESIONAL;ALMACEN
19788;TRAPO PISO COSTERO NIDO DE ABEJA;ALMACEN
16780;TRAPO PISO COSTERO RAYADO COLORES;ALMACEN
27752;TRAPO PISO JUANCHO 50*60 BLANCO SUAVE ;ALMACEN
25125;TRAPO PISO JUANCHO 50*60 GRIS ;ALMACEN
19502;TRAPO PISO JUANCHO 50*60 GRIS ESPECIAL;ALMACEN
27739;TRAPO PISO JUANCHO 50*60 GRIS SUAVE ;ALMACEN
17627;TRAPO PISO JUANCHO 60*70 BLANCO CONSORCIO ;ALMACEN
13316;TRAPO PISO JUANCHO 60*70 GRIS CONSORCIO;ALMACEN
20955;TRAPO PISO JUANCHO BCO.FRIZADO;ALMACEN
01728;TRAPO PISO JUANCHO BLANCO EXT.PESADO ;ALMACEN
09963;TRAPO PISO JUANCHO GRIS EXT.PESADO ;ALMACEN
22731;TRAPO PISO MI SUEÑO PROFESIONAL;ALMACEN
11747;TRAPO PISO PORTENA RAYADO;ALMACEN
24033;TRAPO PISO SED METAL GRIS;ALMACEN
23700;TRAPO PISO SUIZA 50*60 NIDO ABEJA;ALMACEN
23697;TRAPO PISO SUIZA 50*60 RAYADO;ALMACEN
23699;TRAPO PISO SUIZA 60*70 BLANCO CONSORCIO ;ALMACEN
23698;TRAPO PISO SUIZA 60*70 GRIS CONSORCIO ;ALMACEN
2072;TRATA.ELVIVE 300G KERA-LISO;ALMACEN
11425;TRATA.ELVIVE 300G REPAR.TOTAL;ALMACEN
25420;TRATAMIENTO ISSUE 150G BRILLO EXTREMO;ALMACEN
25423;TRATAMIENTO ISSUE 150G CANAS FABULOSAS;ALMACEN
25419;TRATAMIENTO ISSUE 150G EXTRA REPARACION;ALMACEN
25422;TRATAMIENTO ISSUE 150G SHOCK NUTRICION;ALMACEN
25421;TRATAMIENTO ISSUE 160G FULL COLOR;ALMACEN
05066;TRATAMIENTO SEDAL 190CC RESTAU;ALMACEN
05068;TRATAMIENTO SEDAL 190CC RIZOS;ALMACEN
20218;TRATAT.ELVIVE 100CC OLEO EXT.DOSIF.;ALMACEN
05426;TRATAT.ELVIVE 150CC ARCILLA EX;ALMACEN
05311;TRATAT.ELVIVE 300CC COLOR;ALMACEN
05326;TRATAT.ELVIVE 300CC REPARACION;ALMACEN
17366;TRIANGULITO HOJALMAR 150G RONDA;ALMACEN
2718;TRIANGULITOS HOJALMAR 150G;ALMACEN
27066;TRIANGULITOS HOJALMAR 250G;ALMACEN
24077;TRIGO CADEA PELADO 400G;ALMACEN
03482;TRIGO CALLIERI BURGOL 500G FIN;ALMACEN
03499;TRIGO CALLIERI CANDEAL 500G;ALMACEN
24123;TRINCHETA EZCO 18MM;ALMACEN
25457;TRINCHETA EZCO 18MM;ALMACEN
00236;TRIPA GORDA;CARNICERIA
00053;TRIPA GORDA DE CHIVITO X KG;CARNICERIA
26370;TUBITOS MOGUL 15G TUTTI FRUTTI;ALMACEN
25397;TUBITOS MOGUL 25G TUTTI FRUTTI;ALMACEN
25948;TUBITOS MOGUL 70G TUTTI FRUTTI;ALMACEN
26984;TUBITOS MOGUL EXTREME 15G ZOMBIE ARANDANO;ALMACEN
27126;TUBITOS MOGUL EXTREME 500G FRUTILLA;ALMACEN
18052;TUBITOS QUENTO 110G QUESO ;ALMACEN
00566;TUBO CALAMAR MARE PRONTO;ALMACEN
27085;TUPPER CHOCOLINAS 510G ORIGINAL;ALMACEN
26103;TURROCKLETS ARCOR 25G;ALMACEN
27180;TURRON ARCOR 100G ALMEND/CACAO;ALMACEN
08127;TURRON ARCOR 10U AGRUPADO;ALMACEN
08254;TURRON ARCOR 25G;ALMACEN
15304;TURRON ARCOR 25G CHOCOLATADA;ALMACEN
08180;TURRON ARCOR ALMENDRA  90G;ALMACEN
08128;TURRON ARCOR MANI  80G;ALMACEN
08131;TURRON ARCOR MANI  90G BANADO;ALMACEN
08177;TURRON ARCOR MANI 110G DULCE L;ALMACEN
09199;TURRON ARCOR MANI 120G MIEL;ALMACEN
08139;TURRON ARCOR MANI 250G;ALMACEN
04315;TURRON ARCOR MANI/FRUTA  80G;ALMACEN
04313;TURRON ARCOR MANI/FRUTA 120G;ALMACEN
27027;TURRON BILLIKEN MANI 25G;ALMACEN
20016;TURRON GEORGALOS  80G SEMIBLANDO;ALMACEN
20027;TURRON GEORGALOS  90G BLANDO ALMENDRAS ;ALMACEN
20020;TURRON GEORGALOS  90G BLANDO MANI ;ALMACEN
20011;TURRON GEORGALOS  90G MANI CHOCOLATE;ALMACEN
20029;TURRON GEORGALOS 100G ALICANTE;ALMACEN
25161;TURRON GEORGALOS 100G YEMA TOSTADA;ALMACEN
20019;TURRON GEORGALOS 120G COCO;ALMACEN
20006;TURRON GEORGALOS 120G MANI MIEL;ALMACEN
20018;TURRON GEORGALOS 120G YEMA FRUTAS MANI;ALMACEN
20017;TURRON GEORGALOS 120G YEMA MANI;ALMACEN
20007;TURRON GEORGALOS 280G MANI MIEL;ALMACEN
16710;TURRON GEORGALOS 80G MANI MIEL;ALMACEN
20012;TURRON GEORGALOS 90G ALMENDRAS;ALMACEN
03870;TURRON LHERITIER 100G ALMENDRAS;ALMACEN
08428;TURRON LHERITIER 120G MANI/MIEL;ALMACEN
16708;TURRON MANI ARCOR 250G;ALMACEN
17588;TURRON NAMUR 25G ;ALMACEN
02170;TUTUCA CEREALIN 100G;ALMACEN
23841;TUTUCA EGRAN 80GR COCO;ALMACEN
23554;TUTUCA ORQUIDEA 100G  ;ALMACEN
13504;TWISTOS  95G CUATRO QUESOS;ALMACEN
13505;TWISTOS  95G JAMON IBERICO;ALMACEN
14652;TWISTOS 100G JAMON;ALMACEN
14651;TWISTOS 100G QUESO;ALMACEN
14654;TWISTOS 155G JAMON;ALMACEN
14653;TWISTOS 155G QUESO;ALMACEN
24511;TWOPACK CHALICE STELLA ARTOIS ;ALMACEN
19727;UNT. ALMENDRA FANTASTIQUE 200G F.HIERBAS S/TACC;FIAMBRERIA
19725;UNT. ALMENDRA FANTASTIQUE 200G TRAD S/TACC;FIAMBRERIA
19726;UNTABLE F.LAS VACAS 200G ALMENDRA CHEDDAR ;FIAMBRERIA
17200;UNTABLE FEL.LAS VACAS 200G ALMENDRA;FIAMBRERIA
00798;UVA X KG;VERDULERIA
01015;VACIO DE CERDO;CARNICERIA
00283;VACIO ENV. AL VACIO EL KILO;CARNICERIA
00819;VACIO SELECCION CAPRIOLO EL KI;CARNICERIA
15268;VAINILLA MAURI  80G;ALMACEN
05810;VAINILLA MAURI 160G;ALMACEN
07772;VAINILLA MAURI 320G;ALMACEN
17712;VAINILLA POZO 160G ;ALMACEN
18462;VAINILLAS POZO 320G     ;ALMACEN
25069;VALIJA ARTE CREKO LIGA JUSTICIA;ALMACEN
02994;VAPORERA NOUVELLE ACERO;ALMACEN
23589;VASO 1.500CC ALTO FERNETOMETRO;ALMACEN
17150;VASO ACERO INOX.11CM;ALMACEN
08984;VASO AMSTERDAM 6*325CC;ALMACEN
04829;VASO BERMUDAS 290CC;ALMACEN
10732;VASO BLANCO 330CC X 10U;ALMACEN
15064;VASO BRUSELAS 560CC;ALMACEN
21410;VASO CONICO DEC.CIRCULOS AZULES ;ALMACEN
21409;VASO CONICO DEC.CIRCULOS ROJOS ;ALMACEN
21937;VASO DURAX BUBBLES *6U INCOLORO;ALMACEN
21439;VASO DURAX COBRA *6U INCOLORO;ALMACEN
21939;VASO DURAX COCTEL *6U INCOLORO;ALMACEN
26245;VASO DURAX CORALINE *6U INCOLORO;ALMACEN
21940;VASO DURAX FRESH *6U INCOLORO;ALMACEN
10080;VASO DURAX IMPERIAL *6U;ALMACEN
21936;VASO DURAX IRUPE *6U INCOLORO;ALMACEN
23391;VASO DURAX JULIANA *6U INCOLORO;ALMACEN
21942;VASO DURAX LONG DRINK *6U INCOLORO;ALMACEN
16080;VASO DURAX NILDA *6U INCOLORO;ALMACEN
4273;VASO DURAX PAMPA;ALMACEN
14551;VASO DURAX PAMPA *6U INCOLORO;ALMACEN
10189;VASO DURAX TORNADO *6U INCOLORO;ALMACEN
26013;VASO ESTEREO 275CC;ALMACEN
04687;VASO ESTEREO 275CC 6UN;ALMACEN
09198;VASO JAMAICA 350CC;ALMACEN
27048;VASO MEDIA PINTA 320CC FLINT;ALMACEN
25852;VASO MURPHY QUILMES 330ML COLAPINTO;ALMACEN
26121;VASO MURPHY QUILMES UNIDAD;ALMACEN
27039;VASO NADIR BRISTOL WHISKY 320CC;ALMACEN
27063;VASO NADIR WINDSOR CHAMPAGNE 180CC;ALMACEN
13053;VASO NOA BURBUJAS 6*400CC FLINT;ALMACEN
10094;VASO NOA CUADRO 400CC;ALMACEN
07519;VASO OSLO T.LARGO 350ML;ALMACEN
27041;VASO PAMPA AZUL 400CC;ALMACEN
27042;VASO PAMPA FUCSIA 400CC;ALMACEN
27043;VASO PAMPA NARANJA 400CC;ALMACEN
27044;VASO PAMPA VIOLETA 400CC;ALMACEN
08667;VASO PINTA 540CC 4UN;ALMACEN
08666;VASO PINTA 540CC UNIDAD;ALMACEN
08805;VASO PINTA 540CC UNIDAD;ALMACEN
25794;VASO PLASTICO COLOR 350CM;ALMACEN
25800;VASO PLASTICO TERMICO 500CC;ALMACEN
23371;VASO PUB LISO X 20 UNIDADES;ALMACEN
04703;VASO QUEBEC 290CC 6UN;ALMACEN
27080;VASO QUILMES PLASTICO BOCA;ALMACEN
27079;VASO QUILMES PLASTICO RIVER;ALMACEN
13556;VASO RIGOLLEAU 100ML OSLO;ALMACEN
27064;VASO RIGOLLEAU 325ML AMSTERDAM;ALMACEN
101155;VASO SEELZE 360CC 6 UN;ALMACEN
26655;VASO SHOT JAGERMEISTER VERDE *6U;ALMACEN
07802;VASO SPA FLINT 425ML;ALMACEN
22879;VASO TANGO T/L LISO *6U INCOL.;ALMACEN
25091;VASO TERMICO *25U 240CC;ALMACEN
25376;VASO TERMICO *25U 240CC;ALMACEN
10731;VASO TRAGO LARGO 10U;ALMACEN
07376;VASO VIDRIO 190CC BAVIERA;ALMACEN
18822;VASOS BUDWEISER TWOPACK;ALMACEN
21921;VASOS DURAX GENESIS 6*420CC;ALMACEN
17955;VASOS PATAGONIA TWOPACK;ALMACEN
27019;VASOS PEPSI TWOPACK VINTAGE;ALMACEN
18531;VEGANESA F.LAS VACAS 210G ;ALMACEN
10737;VELA BENGALA HOLOG.2U;ALMACEN
27939;VELA CITRONELLA ;ALMACEN
09014;VELAS AMANECER 115MM X 4U;ALMACEN
14894;VELAS AMANECER 4U;ALMACEN
21558;VELAS GOLONDRINA 120G;ALMACEN
20249;VELAS GOLONDRINA 64G;ALMACEN
06869;VELAS LUJAN 3UN 6H;ALMACEN
23988;VELAS MAKE  4U CHICA BLANCA;ALMACEN
23989;VELAS MAKE  4U GRANDE BLANCA;ALMACEN
15457;VELAS MAKE 12U GRANDE BLANCA;ALMACEN
09103;VELAS MAKE 12U GRANDE COLOR;ALMACEN
13630;VELAS RANCHERA 120G;ALMACEN
07453;VELON TORNEADO X 2UN;ALMACEN
27295;VELONCITO ILUMINARTE BERRY KISS;ALMACEN
16946;VELONCITO ILUMINARTE CITRONELLA;ALMACEN
18879;VELONCITO ILUMINARTE COCO;ALMACEN
16945;VELONCITO ILUMINARTE FRUTILLA ;ALMACEN
16944;VELONCITO ILUMINARTE JAZMIN;ALMACEN
15984;VELONCITO ILUMINARTE LAVANDA;ALMACEN
15985;VELONCITO ILUMINARTE LIMON;ALMACEN
26304;VELONCITO ILUMINARTE NARANJA PIMIENTA;ALMACEN
15987;VELONCITO ILUMINARTE PALO SANTO;ALMACEN
26303;VELONCITO ILUMINARTE ROSA;ALMACEN
15986;VELONCITO ILUMINARTE SANDALO;ALMACEN
19089;VELONCITO ILUMINARTE VIOLETA;ALMACEN
27329;VERMOUTH CROTTA 930CC;ALMACEN
27121;VERMOUTH LA FUERZA 750CC PRIMAVERA EN LOS ANDES;ALMACEN
27120;VERMOUTH LA FUERZA 750CC ROJO;ALMACEN
06223;VERMOUTH PUNT E MES 750ML;ALMACEN
27119;VERMUT CORDERO 750CC ROSSO;ALMACEN
17913;VERTEDOR TAPA CORREDIZA 1100CC;ALMACEN
17914;VERTEDOR TAPA CORREDIZA 550CC;ALMACEN
05364;VIANDA MATERA TRIPLE C/MATE;ALMACEN
20592;VIANDA SANDWICHERA 13*13*4.5CM;ALMACEN
17213;VIANDA SANDWICHERA DOBLE ;ALMACEN
26959;VINAGRE ALCAZAR 1L MANZANA;ALMACEN
26958;VINAGRE ALCAZAR 1L VINO;ALMACEN
26960;VINAGRE ALCAZAR 500CC MANZANA;ALMACEN
05180;VINAGRE CASALTA 1L ALCOHOL;ALMACEN
03407;VINAGRE CASALTA 1L MANZANA;ALMACEN
03404;VINAGRE CASALTA 1L VINO;ALMACEN
08649;VINAGRE CASALTA 500CC ALCOHOL;ALMACEN
08570;VINAGRE CASALTA 500CC MANZANA;ALMACEN
08659;VINAGRE CASALTA 500CC VINO;ALMACEN
24653;VINAGRE CHI HOUSE 250ML P/SUSHI ;ALMACEN
03368;VINAGRE MENOYO 1L ALCOHOL PET;ALMACEN
03910;VINAGRE MENOYO 1L MANZANA PET;ALMACEN
07701;VINAGRE MENOYO 1L VINO PET;ALMACEN
2140;VINAGRE MENOYO 250CC ALCOHOL;ALMACEN
24187;VINAGRE MENOYO 250CC MANZANA;ALMACEN
19245;VINAGRE MENOYO 250CC VINO;ALMACEN
17573;VINAGRE MENOYO 250ML ORGANICO MANZ.;ALMACEN
03556;VINAGRE MENOYO 500CC ALCOHOL;ALMACEN
01348;VINAGRE MENOYO 500CC MANZANA;ALMACEN
03555;VINAGRE MENOYO 500CC VINO;ALMACEN
03557;VINAGRE MENOYO 500CC VINO BLAN;ALMACEN
27402;VINO ALAMBRADO 750CC CAB.FRANC;ALMACEN
27391;VINO ALAMBRADO 750CC CAB.SAUV;ALMACEN
27118;VINO ALAMBRADO 750CC MALBEC;ALMACEN
05277;VINO ALAMOS 750CC CABERNET SAUVIGNON;ALMACEN
05275;VINO ALAMOS 750CC MALBEC;ALMACEN
21860;VINO ALARIS 750CC BLANCO DULCE;ALMACEN
20766;VINO ALARIS 750CC CABERNET SAUVIGNON;ALMACEN
20767;VINO ALARIS 750CC MALBEC;ALMACEN
25884;VINO ALARIS 750CC RED BLEND;ALMACEN
06353;VINO ALMA MORA 750CC  BLEND BLANCO ;ALMACEN
06329;VINO ALMA MORA 750CC BLEND TINTO ;ALMACEN
04387;VINO ALMA MORA 750CC CABERNET ;ALMACEN
04382;VINO ALMA MORA 750CC MALBEC ;ALMACEN
04391;VINO ALMA MORA 750CC SYRAH ;ALMACEN
24574;VINO ALMA MORA 750ML MERLOT ;ALMACEN
24575;VINO ALMA MORA 750ML ROSADO ;ALMACEN
27977;VINO ALMA NEGRA 750ML ;ALMACEN
06660;VINO ALTOS PLATA CABERNET SAUV;ALMACEN
07337;VINO ALTOS PLATA MALBEC 750CC;ALMACEN
09919;VINO BIANCHI 700CC BORGONA ;ALMACEN
11235;VINO BIANCHI 750CC CABERNET SAUVIGNON;ALMACEN
26099;VINO BIANCHI 750CC CABERNET SAUVIGNON;ALMACEN
09312;VINO BIANCHI 750CC MALBEC ;ALMACEN
26100;VINO BIANCHI 750CC MALBEC;ALMACEN
13865;VINO BIANCHI MARLO 750CC DULCE;ALMACEN
27993;VINO BIANCHI MARLO 750ML BCO.DULCE;ALMACEN
09915;VINO BIANCHI.FAMIGLIA 750CC CABERNET;ALMACEN
26096;VINO BIANCHI.FAMIGLIA 750CC CABERNET SAUV;ALMACEN
09910;VINO BIANCHI.FAMIGLIA 750CC MALBEC;ALMACEN
26097;VINO BIANCHI.FAMIGLIA 750CC MALBEC;ALMACEN
26662;VINO BIANCHI.FAMIGLIA 750CC ORGANICO;ALMACEN
19236;VINO BIANCHI.FAMIGLIA 750CC RED BLEND;ALMACEN
26661;VINO BIANCHI.FAMIGLIA 750CC VIOGNER;ALMACEN
15677;VINO BLASFEMIA 269ML MALBEC SYRAH;ALMACEN
15676;VINO BLASFEMIA 269ML ROSADO GASIF.;ALMACEN
10785;VINO BOD.PRIVADA 750CC CABERNET SAUVIGNON;ALMACEN
19534;VINO BOD.PRIVADA 750CC CABERNET SAUVIGNON;ALMACEN
19499;VINO BOD.PRIVADA 750CC COSECHA TARDIA;ALMACEN
10727;VINO BOD.PRIVADA 750CC MALBEC;ALMACEN
13346;VINO BOD.PRIVADA 750CC RED WINE;ALMACEN
17481;VINO CAFAYATE 750ML CABERNET SAUV.;ALMACEN
17482;VINO CAFAYATE 750ML MALBEC ;ALMACEN
27492;VINO CAFAYATE 750ML RES.CHARDONNAY;ALMACEN
27216;VINO CAFAYATE 750ML TORRONTES;ALMACEN
18699;VINO CAFAYATE 750ML TORRONTÉS;ALMACEN
21542;VINO CALLIA 750CC CAB.SAUVIGNON;ALMACEN
23134;VINO CALLIA 750CC CAB.SAUVIGNON;ALMACEN
06265;VINO CALLIA 750CC CHARDONNAY ;ALMACEN
21540;VINO CALLIA 750CC CHARDONNAY ;ALMACEN
22401;VINO CALLIA 750CC CHARDONNAY;ALMACEN
26064;VINO CALLIA 750CC CRIOLLA;ALMACEN
21486;VINO CALLIA 750CC MALBEC ;ALMACEN
22087;VINO CALLIA 750CC MALBEC;ALMACEN
21481;VINO CALLIA 750CC MERLOT ;ALMACEN
21839;VINO CALLIA 750CC MERLOT;ALMACEN
22100;VINO CALLIA 750CC ROSADO DCE TARDÍO;ALMACEN
24052;VINO CALLIA 750CC SAUVIGNON BLANC;ALMACEN
21538;VINO CALLIA 750CC SYRAH ;ALMACEN
22086;VINO CALLIA 750CC SYRAH;ALMACEN
24056;VINO CALLIA 750CC SYRAH ROSADO ;ALMACEN
24057;VINO CALLIA 750CC SYRAH/CAB.SAUV.;ALMACEN
21541;VINO CALLIA 750CC SYRAH/MALBEC;ALMACEN
24063;VINO CALLIA 750CC SYRAH/MALBEC ;ALMACEN
01505;VINO CALLIA CABERNET 750CC;ALMACEN
01506;VINO CALLIA MALBEC 750CC;ALMACEN
10855;VINO CALLIA ROSADO DULCE 750CC;ALMACEN
06150;VINO CALLIA SYRAH 750CC;ALMACEN
24062;VINO CALLIA TARDIO 750CC BLANCO DCE.;ALMACEN
24060;VINO CALLIA TARDIO 750CC TINTO DULCE ;ALMACEN
01515;VINO CALLIA TARDIO DULCE 750CC ;ALMACEN
17710;VINO CAPITAN 750CC MALBEC;ALMACEN
16868;VINO CAPRICCIO DOLCEZZA 750ML ROSADO DULCE;ALMACEN
27789;VINO CARLOS GARDEL 750CC TINTO;ALMACEN
03463;VINO CASILLERO 750CC CAB.SAUVIGNON;ALMACEN
07028;VINO CASILLERO 750CC CABERNET;ALMACEN
14449;VINO CASILLERO 750CC CHARDONNAY;ALMACEN
03468;VINO CASILLERO 750CC MALBEC;ALMACEN
03408;VINO CASILLERO 750CC RED BLEND;ALMACEN
20951;VINO CASILLERO 750CC ROSE;ALMACEN
11536;VINO CASILLERO 750CC SAUV.BLANC;ALMACEN
26939;VINO CASILLERO 750CC.RED.BLEND LEGENDARY;ALMACEN
01044;VINO CAVIC 1L BLANCO;ALMACEN
04860;VINO CAVIC TINTO;ALMACEN
25383;VINO CEPA TRAD. 750CC MALBEC ;ALMACEN
22026;VINO CHACABUCO 750CC MALBEC;ALMACEN
27246;VINO CHANCES 750CC BONARDA MALBEC;ALMACEN
27245;VINO CHANCES 750CC CAB.SAUV MALBEC;ALMACEN
27248;VINO CHANCES 750CC CHENIN TORRONTES;ALMACEN
27247;VINO CHANCES 750CC TORRONTES CHENIN MALBEC;ALMACEN
15118;VINO CHATEAU VIEUX 750CC MALBEC;ALMACEN
17689;VINO CHOLILA RANCH 750CC CAB.SAUV.;ALMACEN
17688;VINO CHOLILA RANCH 750CC MALBEC;ALMACEN
23313;VINO CHOLILA RANCH 750CC RED BLEND;ALMACEN
06664;VINO CIRCUS CABERNET 750CC;ALMACEN
01918;VINO CIRCUS MALBEC 750CC;ALMACEN
01991;VINO CIRCUS.ROBLE CABERNET 750;ALMACEN
01964;VINO CIRCUS.ROBLE MALBEC 750CC;ALMACEN
18045;VINO COLON 750CC .SELECTO CABERNET SAUVIGNON;ALMACEN
13547;VINO COLON 750CC BLANCO ;ALMACEN
25651;VINO COLON 750CC CAB. SAUV. SYRAH;ALMACEN
05120;VINO COLON 750CC MALBEC ;ALMACEN
24162;VINO COLON 750CC MALBEC BONARDA;ALMACEN
23049;VINO COLON 750CC ROSE;ALMACEN
000617;VINO COLON 750CC TORRONTES ;ALMACEN
25805;VINO COLON 750CC TORRONTES;ALMACEN
24265;VINO COLON 750CC.SELECTO BCO.DULCE FRESCO;ALMACEN
24149;VINO COLON 750CC.SELECTO CHARDONNAY ;ALMACEN
18046;VINO COLON 750CC.SELECTO MALBEC ;ALMACEN
18066;VINO COLON 750CC.SELECTO MALBEC;ALMACEN
24148;VINO COLON 750CC.SELECTO ROSADO DULCE FRESCO;ALMACEN
25545;VINO COLON 750CC.SELECTO TINTO DULCE;ALMACEN
17204;VINO COMAHUE 750CC MERLOT;ALMACEN
16324;VINO CONO SUR RESERVA 750CC CARMENERE ;ALMACEN
20125;VINO CONO SUR RESERVA 750CC SAUV BLANC ;ALMACEN
26029;VINO CORDERO 750CC BONARDA;ALMACEN
17759;VINO CORDERO 750CC CABERNET SAUVIGNON;ALMACEN
24238;VINO CORDERO 750CC CABERNET SAUVIGNON;ALMACEN
15930;VINO CORDERO 750CC MALBEC;ALMACEN
22416;VINO CORDERO 750CC MALBEC;ALMACEN
24795;VINO CORDERO 750CC MERLOT;ALMACEN
23663;VINO CORDERO 750CC ROSE;ALMACEN
23662;VINO CORDERO 750CC SYRAH;ALMACEN
21754;VINO CORRENTOSO CHARDONNAY 750CC;ALMACEN
21755;VINO CORRENTOSO MALBEC 750CC;ALMACEN
21757;VINO CORRENTOSO PINOT NOIR 750CC;ALMACEN
16492;VINO COSECHA TARDIA 750CC BLANCO DULCE;ALMACEN
17046;VINO COSECHA TARDIA 750CC BLANCO DULCE;ALMACEN
22640;VINO COSECHA TARDIA 750CC BLANCO DULCE;ALMACEN
16491;VINO COSECHA TARDIA 750CC ROSADO DULCE;ALMACEN
21546;VINO COSECHA TARDIA 750CC ROSADO DULCE;ALMACEN
16490;VINO COSECHA TARDIA 750CC TINTO DULCE;ALMACEN
21791;VINO COSECHA TARDIA 750CC TINTO DULCE ;ALMACEN
11233;VINO CRIA COSECHA 1.125CC CARLON;ALMACEN
07747;VINO CRIA COSECHA 1.125CC PATERO;ALMACEN
08111;VINO CRIA COSECHA 1.125CC TINTO;ALMACEN
26143;VINO CRIOS 750C TORRONTES;ALMACEN
26142;VINO CRIOS 750CC CABERNET FRANC;ALMACEN
26140;VINO CRIOS 750CC CABERNET SAUVIGNON;ALMACEN
26144;VINO CRIOS 750CC DULCE NATURAL;ALMACEN
26141;VINO CRIOS 750CC MALBEC;ALMACEN
26145;VINO CRIOS 750CC RED BLEND;ALMACEN
27331;VINO CROTTA 1L BLANCO TETRA;ALMACEN
27330;VINO CROTTA 1L TINTO TETRA;ALMACEN
27311;VINO CROTTA 3.0L MALBEC ;ALMACEN
23717;VINO CROTTA 3.0L PATERO TINTO;ALMACEN
27377;VINO CROTTA 3.0L ROBLE MALBEC;ALMACEN
23718;VINO CROTTA 750CC FAMILIA MALBEC;ALMACEN
22819;VINO CROTTA GRAN RESERVA 750CC  MALBEC;ALMACEN
18954;VINO CUESTA MADERO BONARDA MALBEC;ALMACEN
08084;VINO CUESTA MADERO MALBEC;ALMACEN
24055;VINO CUESTA MADERO ROBLE 750CC CHARDONAY;ALMACEN
06287;VINO D.V.CATENA 750CC CABERNET;ALMACEN
3339;VINO D.V.CATENA 750CC CABERNET MALBEC;ALMACEN
06282;VINO D.V.CATENA 750CC CABERNET SYRAH;ALMACEN
06293;VINO D.V.CATENA 750CC MALBEC;ALMACEN
26222;VINO D.V.CATENA 750CC MALBEC;ALMACEN
16951;VINO D.V.CATENA 750CC PINOT NOIR;ALMACEN
06292;VINO D.V.CATENA 750CC SYRAH SYRAH;ALMACEN
001006;VINO DADA 750CC #1 ;ALMACEN
001009;VINO DADA 750CC #2 ;ALMACEN
04421;VINO DADA 750CC #3;ALMACEN
04731;VINO DADA 750CC #8 CHOCOLATE;ALMACEN
24841;VINO DADA 750CC #9 CARAMEL;ALMACEN
17560;VINO DADA 750CC WHITE MALBEC ;ALMACEN
04437;VINO DADA 750CC.391 CABERNET;ALMACEN
04440;VINO DADA 750CC.391 MALBEC;ALMACEN
15670;VINO DANTE ROBINO 750ML CABERNET;ALMACEN
15671;VINO DANTE ROBINO 750ML CHARDONNAY;ALMACEN
26015;VINO DILEMA 750CC BLANCO DULCE;ALMACEN
20199;VINO DON DAVID 750CC  MALBEC;ALMACEN
20200;VINO DON DAVID 750CC CABERNET;ALMACEN
22515;VINO DON DAVID 750CC PINOT NOIR;ALMACEN
24049;VINO DON DAVID 750CC RESERVA MALBEC;ALMACEN
09493;VINO DON VALENTIN 750CC CABERNET;ALMACEN
26098;VINO DON VALENTIN 750CC CABERNET SAUV;ALMACEN
09392;VINO DON VALENTIN 750CC MALBEC;ALMACEN
24519;VINO DON VALENTIN 750CC MALBEC LACRADO ;ALMACEN
20778;VINO DON VALENTIN 750CC TORRONTES;ALMACEN
27224;VINO DON VALENTIN 750CC TORRONTES LACRADO;ALMACEN
21139;VINO DON VALENTIN LACRADO 3LTS BOX;ALMACEN
09380;VINO DON VALENTIN LACRADO 750CC TINTO ;ALMACEN
25156;VINO DON VALENTIN LACRADO 750CC TINTO ;ALMACEN
17837;VINO DOS TIPOS 750ML M/C/FRANC;ALMACEN
17836;VINO DOS TIPOS 750ML MALBEC;ALMACEN
22656;VINO DURMIENTES 750CC CABERNET;ALMACEN
22655;VINO DURMIENTES 750CC MALBEC;ALMACEN
26901;VINO EL ABUELO 750CC MOSCATO;ALMACEN
23094;VINO EL ENEMIGO 750ML MALBEC ;ALMACEN
19855;VINO EL GRAN LOCO 750CC BLEND;ALMACEN
02697;VINO ELEGIDO 750CC MALBEC;ALMACEN
04958;VINO ELEMENTOS 750CC CABERNET;ALMACEN
04959;VINO ELEMENTOS 750CC MALBEC;ALMACEN
25564;VINO ELEMENTOS 750CC RED BLEND;ALMACEN
04112;VINO EMILIA 750CC DULCE NATURAL;ALMACEN
27904;VINO EMILIA 750CC DULCE NATURAL ;ALMACEN
25381;VINO ENCUENTRO 750CC MALBEC;ALMACEN
24465;VINO EST.MENDOZA 750CC CABER/MALBEC;ALMACEN
26757;VINO EST.MENDOZA 750CC MALBEC;ALMACEN
07595;VINO EST.MENDOZA 750CC MERLOT/MALBEC;ALMACEN
24356;VINO EST.MENDOZA 750CC MERLOT/MALBEC ;ALMACEN
07594;VINO EST.MENDOZA.750CC CAB/MALBEC;ALMACEN
03506;VINO ETCHART PRIVADO 750CC TORRONTES;ALMACEN
20066;VINO FAIR FOR LIFE 750CC CABERNET SAUVIGNON;ALMACEN
20064;VINO FAIR FOR LIFE 750CC CHARDONNAY;ALMACEN
20065;VINO FAIR FOR LIFE 750CC MALBEC;ALMACEN
20387;VINO FIN MUNDO 750CC MALBEC ORGANICO;ALMACEN
20388;VINO FIN MUNDO 750CC PINOT ORG.VINEYARDS ;ALMACEN
20389;VINO FIN MUNDO 750CC RED BLEND ORG.VINYARDS ;ALMACEN
06397;VINO FIN MUNDO 750CC.RESERVA CABERNET ;ALMACEN
06248;VINO FIN MUNDO 750CC.RESERVA MALBEC 750C;ALMACEN
13108;VINO FIN MUNDO 750CC.SINGLE CABERNET;ALMACEN
18958;VINO FINCA LAS MORAS 750CC BLANCO DCE;ALMACEN
17559;VINO FINCA LAS MORAS 750CC CABERNET ;ALMACEN
17558;VINO FINCA LAS MORAS 750CC MALBEC;ALMACEN
24883;VINO FINCA LAS MORAS 750CC RED BLEND;ALMACEN
26516;VINO FINJAMOS 750CC CORTE TINTAS;ALMACEN
27757;VINO FINJAMOS 750CC DULCE ;ALMACEN
26515;VINO FINJAMOS 750CC MALBEC;ALMACEN
14890;VINO FOND DE CAVE 750CC CABERNET SAUVIGNON;ALMACEN
14959;VINO FOND DE CAVE 750CC MALBEC;ALMACEN
21596;VINO FOND DE CAVE 750CC RESERVA CABERNET SAUVGNON;ALMACEN
20116;VINO FOND DE CAVE 750CC RESERVA MALBEC;ALMACEN
22382;VINO GEROME MARTEAU 750CC BLANCO SECO;ALMACEN
03682;VINO GIGANTES 1326 750CC CABERNET;ALMACEN
03684;VINO GIGANTES 1326 750CC MALBEC;ALMACEN
03678;VINO GIGANTES ROBLE CABERNET S;ALMACEN
03677;VINO GIGANTES ROBLE MALBEC;ALMACEN
27727;VINO GRAFFIGNA 750CC MALBEC SELEC.;ALMACEN
27359;VINO H.CANALE 750CC CAB.SAUV;ALMACEN
24461;VINO H.CANALE BLUSH 750CC ROSE DULCE;ALMACEN
25209;VINO H.CANALE ESTATE 750CC CAB.FRANC;ALMACEN
25205;VINO H.CANALE ESTATE 750CC MALBEC;ALMACEN
25206;VINO H.CANALE ESTATE 750CC MERLOT;ALMACEN
25207;VINO H.CANALE ESTATE 750CC PINOT NOIR;ALMACEN
25208;VINO H.CANALE ESTATE 750CC SUAV.BLANC;ALMACEN
03389;VINO H.CANALE INTIMO CABERNET;ALMACEN
08587;VINO H.CANALE INTIMO MALBEC;ALMACEN
08982;VINO H.CANALE INTIMO MERLOT MA;ALMACEN
09038;VINO H.CANALE INTIMO SAUVIGNON;ALMACEN
26527;VINO IL CAPRONE 750CC MALBEC;ALMACEN
27772;VINO INFAME 750CC MALBEC ;ALMACEN
23117;VINO KILLKA 750CC CABERNET SAUV;ALMACEN
22399;VINO KILLKA 750CC MALBEC;ALMACEN
24408;VINO KILLKA 750ML CORTE TINTAS ;ALMACEN
03315;VINO KILLKA BLEND 750CC;ALMACEN
03243;VINO KILLKA CABERNET 750CC;ALMACEN
03244;VINO KILLKA CHARDONNAY 750CC;ALMACEN
03242;VINO KILLKA MALBEC 750CC ;ALMACEN
24061;VINO KILLKA SALENTEIN 750CC CHARDONNAY;ALMACEN
24053;VINO KILLKA SALENTEIN 750CC MALBEC BCO.;ALMACEN
24550;VINO KILLKA SALENTEIN 750CC MALBEC BLANCO ;ALMACEN
24051;VINO KILLKA SALENTEIN 750CC SAUV.BLANC;ALMACEN
03245;VINO KILLKA SAUVIGNON BLANC 75;ALMACEN
24106;VINO LA CELIA 750CC MALBEC/CAB.FRANC;ALMACEN
25804;VINO LA CELIA 750CC RESERVA CAB.SAUV;ALMACEN
15553;VINO LA CELIA 750ML MALBEC;ALMACEN
25693;VINO LA CELIA 750ML MALBEC ELITE;ALMACEN
20553;VINO LA CELIA 750ML MALBEC PIONEER;ALMACEN
19112;VINO LA LINDA 750CC MALBEC;ALMACEN
19109;VINO LA LINDA 750CC MALBEC ORGANICO;ALMACEN
21933;VINO LA LINDA 750CC MALBEC ROSÉ;ALMACEN
19111;VINO LA LINDA 750CC RED BLEND;ALMACEN
19113;VINO LA LINDA 750CC TORRONTES;ALMACEN
23637;VINO LA MAQUINA 750CC MALBEC;ALMACEN
09894;VINO LA PODEROSA 750CC CABERNET MERL;ALMACEN
09895;VINO LA PODEROSA 750CC MALBEC;ALMACEN
09909;VINO LA PODEROSA 750CC PINOT NOIR;ALMACEN
24046;VINO LA PODEROSA 750CC SAUVIGNON BLAN;ALMACEN
23161;VINO LA TOXICA 750ML CHENIN DULCE;ALMACEN
21040;VINO LAGARDE 750CC BLEND TINTAS;ALMACEN
10521;VINO LAGARDE 750CC CABERNET SAUVIGNON;ALMACEN
10522;VINO LAGARDE 750CC CHARDONNAY;ALMACEN
22385;VINO LAGARDE 750CC CRIOLLA ;ALMACEN
07033;VINO LAGARDE 750CC GOES PINK;ALMACEN
08784;VINO LAGARDE 750CC MALBEC;ALMACEN
10525;VINO LAGARDE 750CC MERLOT;ALMACEN
22681;VINO LAGARDE 750CC SAUVIGNON BLANC;ALMACEN
10523;VINO LAGARDE 750CC SYRAH;ALMACEN
21041;VINO LAGARDE 750CC VIOGNIER;ALMACEN
21039;VINO LAGARDE 750CC.ORGANIC MALBEC;ALMACEN
22682;VINO LAGARDE 750CC.ORGANIC ROSE;ALMACEN
19964;VINO LAS PERDICES 750CC CABERNET SAUVIGNON;ALMACEN
18672;VINO LAS PERDICES 750CC MALBEC;ALMACEN
18673;VINO LAS PERDICES 750CC RED BLEND;ALMACEN
25414;VINO LATITUD 33 CABERNET SAUV;ALMACEN
22716;VINO LATITUD 33 CHARDONNAY 750CC;ALMACEN
27217;VINO LATITUD 33 CHARDONNAY 750CC;ALMACEN
005067;VINO LATITUD 33 MALBEC 750CC;ALMACEN
21971;VINO LOLA 750CC CABERNET;ALMACEN
14442;VINO LOLA 750CC MALBEC;ALMACEN
07024;VINO LOLA 750CC ROSE;ALMACEN
09436;VINO LOLA MONTES 750CC RED BLE;ALMACEN
12632;VINO LOPEZ 750CC CAB.SAUVIGNON;ALMACEN
12633;VINO LOPEZ 750CC MALBEC;ALMACEN
12630;VINO LOPEZ 750CC SEMILLON;ALMACEN
22174;VINO LOS ARBOLES 750CC CABERNET ;ALMACEN
21858;VINO LOS ARBOLES 750CC MALBEC;ALMACEN
22053;VINO LOS ARBOLES 750CC RED BLEND;ALMACEN
3597;VINO LOS CARDOS 750ML CAB.SAUV;ALMACEN
19694;VINO LOS HAROLDOS ESTATE 750CC BLEND;ALMACEN
09657;VINO LUIGI BOSCA 750CC CABERNET;ALMACEN
22631;VINO LUIGI BOSCA 750CC CHARDONAY;ALMACEN
09606;VINO LUIGI BOSCA 750CC DE SANGRE ;ALMACEN
09518;VINO LUIGI BOSCA 750CC MALBEC ;ALMACEN
22969;VINO LUIGI BOSCA 750CC MALBEC;ALMACEN
23981;VINO LUIGI BOSCA 750CC PINOT NOIR;ALMACEN
21934;VINO LUIGI BOSCA 750CC ROSE;ALMACEN
26897;VINO MABELLINI 750CC CABERNET FRANC;ALMACEN
26896;VINO MABELLINI 750CC MALBEC;ALMACEN
26898;VINO MABELLINI 750CC MERLOT;ALMACEN
26915;VINO MABELLINI 750CC MERLOT;ALMACEN
27400;VINO MABELLINI 750CC PINOT;ALMACEN
27371;VINO MALMA 750CC ESPIRITU MERLOT;ALMACEN
13613;VINO MALMA 750CC FAMILY CABERNET;ALMACEN
01848;VINO MALMA 750CC FAMILY MALBEC ;ALMACEN
01849;VINO MALMA 750CC FAMILY PINOT;ALMACEN
27370;VINO MALMA 750CC FAMILY PINOT NOIR;ALMACEN
16038;VINO MALMA 750CC PAPAY CABERNET;ALMACEN
03431;VINO MALMA 750CC PAPAY MALBEC ;ALMACEN
18364;VINO MALMA 750CC PAPAY MERLOT ;ALMACEN
01857;VINO MALMA 750CC PAPAY PINOT NOIR;ALMACEN
18363;VINO MALMA 750CC PAPAY SAUVIGNON BLANC ;ALMACEN
03427;VINO MALMA UNIVERSO 750CC BLEND ;ALMACEN
03421;VINO MALMA UNIVERSO 750CC MALBEC ;ALMACEN
001182;VINO MARCUS CAB/MER 750ML;ALMACEN
001142;VINO MARCUS MALBEC 750ML;ALMACEN
001177;VINO MARCUS MERLOT 750ML;ALMACEN
24285;VINO MIL ROSAS 750CC ROSADO ;ALMACEN
07332;VINO MISIONERO 5L BLANCO ABOCA;ALMACEN
05403;VINO MISIONERO 5L BONARDA;ALMACEN
07119;VINO MISIONERO 5L CABERNET;ALMACEN
07333;VINO MISIONERO 5L CARLON;ALMACEN
04185;VINO MISIONERO 5L MALBEC TINTO;ALMACEN
07803;VINO MISIONERO 5L TINTO SECO;ALMACEN
02490;VINO MISIONERO 5L.ROBLE CABERN;ALMACEN
02492;VINO MISIONERO 5L.ROBLE MALBEC;ALMACEN
01395;VINO MISIONERO 930C CARLON;ALMACEN
02501;VINO MISIONERO 930C TINTO SECO;ALMACEN
10599;VINO MISTERIO 750CC MALBEC;ALMACEN
12623;VINO MONTCHENOT 750ML TINTO 5AÑOS;ALMACEN
18623;VINO MOSCATO PROMESA 750ML ;ALMACEN
23667;VINO MOSQUITA MUERTA 750CC BLEND BLANCAS;ALMACEN
18316;VINO MOSQUITA MUERTA 750CC BLEND TINTAS;ALMACEN
24798;VINO MOSQUITA MUERTA 750CC BLEND TINTAS;ALMACEN
25943;VINO NACIONAL 750CC SEMILLON TORRONTES;ALMACEN
05703;VINO NAMPE CABERNET 750CC;ALMACEN
25640;VINO NAMPE MALBEC 1.125CC;ALMACEN
05620;VINO NAMPE MALBEC 750CC;ALMACEN
25803;VINO NAMPE MALBEC 750CC NATURAL EXPRESSION;ALMACEN
05624;VINO NAMPE MERLOT 750CC;ALMACEN
07182;VINO NATIVO BLANCO 1L;ALMACEN
03795;VINO NATIVO TINTO 1L;ALMACEN
03667;VINO NAVARRO CORREAS RES.MALBEC;ALMACEN
19792;VINO NAVE ROBINO 750ML MALBEC;ALMACEN
08301;VINO NEW AGE 700CC;ALMACEN
26102;VINO NEW AGE 750CC;ALMACEN
06033;VINO NEWEN 750CC CABERNET;ALMACEN
06043;VINO NEWEN 750CC MALBEC;ALMACEN
06044;VINO NEWEN 750CC MERLOT;ALMACEN
13988;VINO NEWEN 750CC PINOT NOIR;ALMACEN
24213;VINO NICASIA 750CC BLANCO;ALMACEN
19856;VINO NICASIA 750CC RED BLEND;ALMACEN
27776;VINO NINA 750CC CABERNET FRANC;ALMACEN
27773;VINO NINA 750CC MALBEC ;ALMACEN
27774;VINO NINA 750CC MERLOT ;ALMACEN
27775;VINO NINA 750CC SYRAH ;ALMACEN
11208;VINO NINA GOLD 750CC BLEND;ALMACEN
11209;VINO NINA GOLD 750CC CAB.MALBE;ALMACEN
11207;VINO NINA GOLD 750CC CAB.SAUVI;ALMACEN
11205;VINO NINA GOLD 750CC MALBEC;ALMACEN
11206;VINO NINA GOLD 750CC PETI VERD;ALMACEN
27273;VINO NORTON 750CC RESERVA MALBEC;ALMACEN
27274;VINO NORTON 750CC SELECT CAB.SAUV;ALMACEN
27275;VINO NORTON 750CC SELECT MERLOT;ALMACEN
24284;VINO NORTON D.O.C 750CC MALBEC ;ALMACEN
22467;VINO NORTON SELECT MALBEC 750CC;ALMACEN
17425;VINO NOVECENTO 750ML BLEND DE BLANCAS;ALMACEN
14460;VINO NOVECENTO 750ML CABERNET;ALMACEN
14458;VINO NOVECENTO 750ML CHARDONNAY;ALMACEN
14459;VINO NOVECENTO 750ML MALBEC;ALMACEN
21955;VINO NOVECENTO RAICES 750CC WHITE BLEND ;ALMACEN
15317;VINO NOVECENTO RAICES 750ML CHARDONNAY;ALMACEN
15315;VINO NOVECENTO RAICES CABERNET;ALMACEN
15316;VINO NOVECENTO RAICES MALBEC;ALMACEN
26250;VINO OMNIUM 750CC MALBEC ;ALMACEN
13112;VINO OTRO LOCO 750CC BLANCO;ALMACEN
27298;VINO OTRO LOCO 750CC BLANCO DULCE;ALMACEN
06804;VINO OTRO LOCO 750CC MALBEC;ALMACEN
06815;VINO OTRO LOCO 750CC MALBEC;ALMACEN
24824;VINO PARTRIDGE 750CC CAB SAUV;ALMACEN
23639;VINO PARTRIDGE 750CC MALBEC;ALMACEN
23638;VINO PARTRIDGE 750CC RED BLEND;ALMACEN
15931;VINO PERRO CALLEJERO 750CC BLEND;ALMACEN
26028;VINO PERRO CALLEJERO 750CC CAB.SAUVIGNON;ALMACEN
23095;VINO PERRO CALLEJERO 750CC MALBEC;ALMACEN
24797;VINO PERRO CALLEJERO 750CC PINOT NOIR ;ALMACEN
23660;VINO PERRO CALLEJERO 750CC SAUVIGNON BLANC;ALMACEN
23661;VINO PERRO CALLEJERO 750CC SEMILLON;ALMACEN
04083;VINO PICO ORO BLANCO 1L;ALMACEN
01649;VINO PICO ORO BLANCO DULCE 1L ;ALMACEN
22951;VINO PICO ORO BLANCO DULCE 1L;ALMACEN
02115;VINO PICO ORO ROSADO 1L;ALMACEN
23109;VINO PICO ORO ROSADO 1L ;ALMACEN
06618;VINO PICO ORO TINTO 1L;ALMACEN
22952;VINO PICO ORO TINTO 1L;ALMACEN
18464;VINO PING 850ML BLANCO;ALMACEN
18552;VINO PING 850ML RED BLEND ;ALMACEN
18463;VINO PING 850ML ROSADO ;ALMACEN
17757;VINO PISPI 750CC BLEND DE TINTAS 2022;ALMACEN
24796;VINO PISPI 750CC BLEND DE TINTAS 2023;ALMACEN
22101;VINO PORTILLO 750CC CABERNET SAUV;ALMACEN
21664;VINO PORTILLO 750CC CHARDONNAY;ALMACEN
21662;VINO PORTILLO 750CC DCE.NATURA;ALMACEN
21663;VINO PORTILLO 750CC MALBEC;ALMACEN
24054;VINO PORTILLO 750CC MERLOT ;ALMACEN
21661;VINO PORTILLO 750CC ROSADO MALBEC;ALMACEN
21665;VINO PORTILLO 750CC SAUVIGNON BLANC;ALMACEN
22400;VINO PORTILLO 750CC SYRAH;ALMACEN
09608;VINO PORTILLO ROSE MALBEC 750C;ALMACEN
24827;VINO POSTALES 750CC CHARDONNAY;ALMACEN
13333;VINO POSTALES 750CC MALBEC;ALMACEN
13432;VINO POSTALES 750CC MALBEC/CABERNET;ALMACEN
24828;VINO POSTALES 750CC SAUV BLANC/SEMILLON;ALMACEN
001092;VINO POSTALES.750CC ROBLE  MALBEC/CABERNET;ALMACEN
01769;VINO POSTALES.750CC ROBLE CABERNET S;ALMACEN
001089;VINO POSTALES.750CC ROBLE MALBEC;ALMACEN
25022;VINO PRIMOS 3L MALBEC;ALMACEN
26526;VINO PRIMOS 750CC MALBEC;ALMACEN
27805;VINO PUNTO FINAL 750CC CABERNET;ALMACEN
27804;VINO PUNTO FINAL 750CC MALBEC;ALMACEN
27806;VINO PUNTO FINAL 750CC ROSE;ALMACEN
27807;VINO PUNTO FINAL 750CC.RES. MALBEC;ALMACEN
27808;VINO PUNTO FINAL 750CC.RES.CABERNET;ALMACEN
000972;VINO RESERO 1L BLANCO;ALMACEN
000981;VINO RESERO 1L TINTO ;ALMACEN
12628;VINO RINCON FAMOSO 750CC TINTO;ALMACEN
25303;VINO ROSA BIANCA 750ML DULCE NATURAL ;ALMACEN
23096;VINO RUTINI 3*2*750ML CABER/MALBEC ESTUCHE ;ALMACEN
22970;VINO RUTINI 750CC  MALBEC/CABERNET;ALMACEN
25386;VINO RUTINI 750CC CABER. MALBEC EST.CART;ALMACEN
22972;VINO RUTINI 750CC CABERNET SAUVIGNON;ALMACEN
23751;VINO RUTINI 750CC CABERNET/MERLOT;ALMACEN
23752;VINO RUTINI 750CC CABERNET/SYRAH;ALMACEN
18365;VINO RUTINI 750CC MALBEC;ALMACEN
22971;VINO RUTINI 750CC MALBEC;ALMACEN
26223;VINO RUTINI 750CC MALBEC;ALMACEN
23753;VINO RUTINI 750CC MALBEC/FRANC;ALMACEN
27451;VINO SAINT FELICIEN 750CC CAB.SAUVIGNON;ALMACEN
19854;VINO SAINT FELICIEN 750CC MALBEC;ALMACEN
24058;VINO SALENTEIN RESERVA 750CC CAB.FRANC;ALMACEN
24522;VINO SALENTEIN RESERVA 750CC CAB.SAUVIGNON;ALMACEN
20576;VINO SALENTEIN RESERVA 750CC CHARDONNAY ;ALMACEN
24494;VINO SALENTEIN RESERVA 750CC CHARDONNAY ;ALMACEN
20577;VINO SALENTEIN RESERVA 750CC CORTE BLANCAS ;ALMACEN
24458;VINO SALENTEIN RESERVA 750CC CORTE TINTA  ;ALMACEN
24496;VINO SALENTEIN RESERVA 750CC MALBEC;ALMACEN
24495;VINO SALENTEIN RESERVA 750CC MERLOT ;ALMACEN
24059;VINO SALENTEIN RESERVA 750CC PINOT NOIR ;ALMACEN
26315;VINO SALENTEIN RESERVA 750CC ROSADO;ALMACEN
24497;VINO SALENTEIN RESERVA 750CC SAUV.BLANC;ALMACEN
23499;VINO SALONERA 1125CC PATERO;ALMACEN
26660;VINO SALONERA 1125CC TINTO;ALMACEN
23723;VINO SAN FELIPE 750CC 12 UVAS;ALMACEN
23729;VINO SAN FELIPE 750CC BLANCO;ALMACEN
23740;VINO SAN FELIPE 750CC CABERNET;ALMACEN
23730;VINO SAN FELIPE 750CC CHARDONNAY;ALMACEN
25382;VINO SAN FELIPE 750CC EXTRA BRUT;ALMACEN
23724;VINO SAN FELIPE 750CC MALBEC;ALMACEN
26030;VINO SAN FELIPE 750CC ROBLE TARDIO;ALMACEN
23728;VINO SAN FELIPE 750CC TINTO;ALMACEN
27551;VINO SAN HUBERTO 0 750CC BLANCO;ALMACEN
27552;VINO SAN HUBERTO 0 750CC ROSADO;ALMACEN
27550;VINO SAN HUBERTO 0 750CC TINTO;ALMACEN
16155;VINO SAN HUBERTO 1.5L CAB.SAUV.;ALMACEN
13102;VINO SAN HUBERTO 750CC CHARDON;ALMACEN
16154;VINO SAN HUBERTO 750CC MALBEC;ALMACEN
15517;VINO SAN HUBERTO 750ML CABERNET;ALMACEN
17932;VINO SAN HUBERTO 750ML CLASICO BLANCO;ALMACEN
13963;VINO SAN HUBERTO 750ML TORRONTES;ALMACEN
17931;VINO SAN HUBERTO 750ML TORRONTES ;ALMACEN
02350;VINO SAN HUBERTO BLANCO DULCE;ALMACEN
09817;VINO SAN HUBERTO BONARDA SYRAH;ALMACEN
03753;VINO SAN HUBERTO CABERNET MALBEC;ALMACEN
06049;VINO SAN HUBERTO CABERNET SYRA;ALMACEN
101164;VINO SAN HUBERTO CHARDONNAY;ALMACEN
03760;VINO SAN HUBERTO MALBEC 1.5L;ALMACEN
03607;VINO SAN HUBERTO MALBEC 750CC;ALMACEN
03253;VINO SAN HUBERTO ROSADO DULCE;ALMACEN
24589;VINO SAN TELMO 750CC CABERNET SAUV.;ALMACEN
24588;VINO SAN TELMO 750CC MALBEC ;ALMACEN
27449;VINO SANTA JULIA 269CC CHENIN LATA;ALMACEN
25941;VINO SANTA JULIA 750CC CABERNET FRANC;ALMACEN
24573;VINO SANTA JULIA 750CC CABERNET SAUVIGNON;ALMACEN
25937;VINO SANTA JULIA 750CC CHARDONNAY;ALMACEN
24825;VINO SANTA JULIA 750CC CHENIN DUL NAT BOTELLA + 2 VASOS;ALMACEN
04398;VINO SANTA JULIA 750CC CHENIN DULCE NATURAL;ALMACEN
22292;VINO SANTA JULIA 750CC CHENIN DULCE NATURAL;ALMACEN
27117;VINO SANTA JULIA 750CC DULCE TINTO;ALMACEN
22291;VINO SANTA JULIA 750CC MALBEC ;ALMACEN
25945;VINO SANTA JULIA 750CC MALBEC ORGANICO;ALMACEN
04090;VINO SANTA JULIA 750CC MALBEC/CABERNET;ALMACEN
25939;VINO SANTA JULIA 750CC MERLOT;ALMACEN
25936;VINO SANTA JULIA 750CC PINOT NOIR;ALMACEN
27404;VINO SANTA JULIA 750CC RESERVA CHARDONNAY;ALMACEN
27403;VINO SANTA JULIA 750CC RESERVA MALBEC;ALMACEN
26496;VINO SANTA JULIA 750CC RESERVA.CAB.SAUVIGNON;ALMACEN
08286;VINO SANTA JULIA 750CC SYRAH;ALMACEN
26497;VINO SANTA JULIA 750CC SYRAH;ALMACEN
27768;VINO SANTA JULIA 750CC SYRAH;ALMACEN
25944;VINO SANTA JULIA 750CC SYRAH ROSE;ALMACEN
24571;VINO SANTA JULIA 750CC TEMPRANILLO;ALMACEN
25019;VINO SANTA JULIA 750CC TOMATES VERDES;ALMACEN
24572;VINO SANTA JULIA 750CC TORRONTES ;ALMACEN
25940;VINO SANTA JULIA 750CC.RESERVA MALBEC;ALMACEN
25946;VINO SANTA JULIA 750CC.RESERVA TEMPRANILLO;ALMACEN
17758;VINO SAPO 750CC BLEND TINTAS;ALMACEN
23670;VINO SAPO 750CC BLEND TINTAS;ALMACEN
26429;VINO SAPO 750CC BLEND TINTAS;ALMACEN
23666;VINO SAPO 750CC FUME BLANC;ALMACEN
26027;VINO SAPO 750CC MALBEC;ALMACEN
23665;VINO SAPO 750CC MALBEC CABERNET;ALMACEN
23664;VINO SAPO 750CC MALBEC SYRAH;ALMACEN
13246;VINO SAURUS BARREL MALBEC 750CC;ALMACEN
13247;VINO SAURUS BARREL PINOT 750CC;ALMACEN
000368;VINO SAURUS ESTATE CABERNET SAUVIGNON;ALMACEN
04472;VINO SAURUS ESTATE MALBEC ;ALMACEN
04489;VINO SAURUS ESTATE PINOT NOIR ;ALMACEN
05507;VINO SAURUS ESTATE SAUVIGNON BLANC ;ALMACEN
000370;VINO SAURUS SELECT CABERNET;ALMACEN
00372;VINO SAURUS SELECT MALBEC;ALMACEN
17486;VINO SAURUS SELECT PINOT NOIR ;ALMACEN
13248;VINO SCHROEDER 750ML MALBEC;ALMACEN
13249;VINO SCHROEDER 750ML MERLOT;ALMACEN
13250;VINO SCHROEDER 750ML PINOT MAL;ALMACEN
16418;VINO SCHROEDER 750ML PINOT NOIR;ALMACEN
26147;VINO SUTER 750CC CABERNET SAUVIGNON;ALMACEN
07605;VINO SUTER 750CC MALBEC ;ALMACEN
23339;VINO TALISMAN 750CC CABERNET;ALMACEN
23149;VINO TALISMAN 750CC CHARDONNAY;ALMACEN
23340;VINO TALISMAN 750CC MALBEC;ALMACEN
21042;VINO TEIA 750CC CABERNET FRANC;ALMACEN
21044;VINO TEIA 750CC MALBEC PETIT VERDOT;ALMACEN
13390;VINO TERMIDOR 1L BLANCO;ALMACEN
19376;VINO TERMIDOR 1L TINTO;ALMACEN
05820;VINO TERRAZAS.RESERVA CABERNET;ALMACEN
27309;VINO TERRAZAS.RESERVA CHARDONAY;ALMACEN
05816;VINO TERRAZAS.RESERVA MALBEC;ALMACEN
27308;VINO TERRAZAS.RESERVA PINOT;ALMACEN
18890;VINO TEXTUAL 750CC ALBARIÑO;ALMACEN
18892;VINO TEXTUAL 750CC CALADOC;ALMACEN
18891;VINO TEXTUAL 750CC CARMENERE;ALMACEN
22290;VINO TEXTUAL 750CC TOROLDEGO;ALMACEN
18712;VINO TINTILLO 750CC MALBEC BONARDA;ALMACEN
15841;VINO TOMERO 750CC MALBEC;ALMACEN
15842;VINO TOMERO 750CC SAUV.BLANC;ALMACEN
15840;VINO TOMERO 750ML CAB.SAUVIGNON;ALMACEN
15846;VINO TOMERO 750ML CABERNET FRANC;ALMACEN
25867;VINO TORO  1LT TINTO BOTELLON;ALMACEN
20680;VINO TORO 1.125L BLANCO;ALMACEN
23281;VINO TORO 1.125L BON/SIRAH ;ALMACEN
08854;VINO TORO 1.125L CLASICO TINTO ;ALMACEN
19708;VINO TORO 1.125L TINTO;ALMACEN
16236;VINO TORO 1L BLANCO TETRA;ALMACEN
08501;VINO TORO 1L TINTO TETRA;ALMACEN
25572;VINO TORO 750CC BON/SIRAH;ALMACEN
17341;VINO TORO 750CC CLASICO TINTO ;ALMACEN
27849;VINO TORO 750CC SIRAH/MALBEC;ALMACEN
17518;VINO TORO 750ML BLANCO CLASICO;ALMACEN
08852;VINO TORO VIEJO  700CC BLANCO;ALMACEN
03452;VINO TORO VIEJO  750CC BON/SIR;ALMACEN
08190;VINO TORO VIEJO 1.125L BON/SIR;ALMACEN
08195;VINO TORO VIEJO 1.125L MAL/SIR;ALMACEN
10597;VINO TRAPICHE 750CC C.SAUVIG;ALMACEN
23270;VINO TRAPICHE 750CC MALBEC RESERVA;ALMACEN
24840;VINO TRAPICHE 750CC RESERVA RED BLEND;ALMACEN
06013;VINO TRIBU 750CC CABERNET SAUV;ALMACEN
11537;VINO TRIBU 750CC DULCE;ALMACEN
06014;VINO TRIBU 750CC MALBEC;ALMACEN
18784;VINO TRUMPETER 750CC CABERNET FRANC;ALMACEN
21087;VINO TRUMPETER 750CC CABERNET SAUVIGNON;ALMACEN
26026;VINO TRUMPETER 750CC CABERNET SAUVIGNON;ALMACEN
25023;VINO TRUMPETER 750CC CHARDONNAY;ALMACEN
27756;VINO TRUMPETER 750CC CHARDONNAY ;ALMACEN
18378;VINO TRUMPETER 750CC MALBEC;ALMACEN
25384;VINO TRUMPETER 750CC MALBEC;ALMACEN
27264;VINO TRUMPETER 750CC MALBEC RESERVE;ALMACEN
25301;VINO TRUMPETER 750CC MALBEC/SYRAH;ALMACEN
23754;VINO TRUMPETER 750CC SYRAH;ALMACEN
01973;VINO UVITA BLANCO 1L;ALMACEN
07356;VINO UVITA BLANCO DULCE 1L;ALMACEN
08928;VINO UVITA TINTO 1L;ALMACEN
06786;VINO UVITA TINTO DULCE 1L;ALMACEN
15119;VINO VASCO VIEJO 1.125ML MALBEC;ALMACEN
24785;VINO VASCO VIEJO 750CC BLANCO;ALMACEN
24784;VINO VASCO VIEJO 750CC TINTO ;ALMACEN
19900;VINO VENTUS 750CC MALBEC;ALMACEN
19858;VINO VENTUS 750CC RED BLEND;ALMACEN
19899;VINO VENTUS 750CC WHITE BLEND;ALMACEN
10856;VINO VENTUS 750CC.MER.MAL.CAB.;ALMACEN
06932;VINO VENTUS 750CC.SAUV.BLA/CHA;ALMACEN
08236;VINO VIÑAS BALBO BLANCO 1.125CC;ALMACEN
08234;VINO VIÑAS BALBO TINTO 1.125CC;ALMACEN
14978;VINO VIÑAS DE ALVEAR 1.125ML TINTO;ALMACEN
23636;VINO XENEIZES 750CC;ALMACEN
25938;VINO ZUCCARDI A 750CC BONARDA;ALMACEN
18711;VINO ZUCCARDI A 750CC MALBEC;ALMACEN
25942;VINO ZUCCARDI A 750CC TORRONTES;ALMACEN
18709;VINO ZUCCARDI Q 750CC MALBEC;ALMACEN
23750;VIRUTA VIRULANA 330GR MEDIANA;ALMACEN
27352;VODKA ABSOLUT 700CC CLASICO;ALMACEN
27354;VODKA ABSOLUT 700CC MANGO;ALMACEN
27353;VODKA ABSOLUT 700CC RASPABERRY;ALMACEN
03939;VODKA CRAZY 1L;ALMACEN
08727;VODKA SERNOVA 700CC;ALMACEN
16254;VODKA SERNOVA 700ML APPLE PEAR ;ALMACEN
22236;VODKA SERNOVA 700ML CARIBBEAN BLEND;ALMACEN
06732;VODKA SERNOVA 700ML FRESH CITRUS;ALMACEN
16253;VODKA SERNOVA 700ML TROP.PASSION;ALMACEN
06725;VODKA SERNOVA 700ML WILD BERRIES;ALMACEN
27422;VODKA SKYY 700CC;ALMACEN
27265;VODKA SKYY 700CC COSMIC;ALMACEN
27450;VODKA SKYY 700CC RASPBERRY;ALMACEN
02223;VODKA SKYY 750CC;ALMACEN
27905;VODKA SKYY 750CC APRICOT ;ALMACEN
26073;VODKA SKYY 750CC BLOOD ORANGE;ALMACEN
03676;VODKA SKYY 750CC CITRUS;ALMACEN
17336;VODKA SKYY 750CC COCOUNT;ALMACEN
14450;VODKA SKYY 750CC DAMASCO APRICOT;ALMACEN
17337;VODKA SKYY 750CC PASSION FRUIT ;ALMACEN
02378;VODKA SKYY 750CC PASSION FRUT;ALMACEN
02381;VODKA SKYY 750CC PASSION RASPA;ALMACEN
17338;VODKA SKYY 750CC PINEAAPPLE;ALMACEN
17339;VODKA SKYY 750CC RASPBERRY ;ALMACEN
18693;VODKA SMIRNOFF 700CC GRAPEF & LIME;ALMACEN
13349;VODKA SMIRNOFF 700CC GREEN APPLE;ALMACEN
18690;VODKA SMIRNOFF 700CC ORANGE & LIME;ALMACEN
06437;VODKA SMIRNOFF 700CC RASPABERR;ALMACEN
24781;VODKA SMIRNOFF 700CC SPICY TAMARINDO;ALMACEN
18691;VODKA SMIRNOFF 700CC TANGE & LEMONGRASS;ALMACEN
02678;VODKA SMIRNOFF 700CC TRADICIONAL;ALMACEN
20138;VODKA SMIRNOFF 700CC TROPICAL FRUITS;ALMACEN
13360;VODKA SMIRNOFF 700CC WATERMELON;ALMACEN
20351;VODKA SMIRNOFF ICE 473CC BERRIE LATA ;ALMACEN
27356;WHISKY BALLANTINES 700CC;ALMACEN
22299;WHISKY BLENDERS 1L ;ALMACEN
15926;WHISKY BLENDERS 750CC EST.AMERICANO;ALMACEN
27703;WHISKY BLENDERS 750ML;ALMACEN
27491;WHISKY BLENDERS 750ML HONEY ;ALMACEN
15247;WHISKY CRIADORES 1L BOTELLA;ALMACEN
00570;WHISKY DOBLE V 1L;ALMACEN
26931;WHISKY DOBLE V 1L;ALMACEN
08546;WHISKY J&B  750CC;ALMACEN
26457;WHISKY J&B 750CC;ALMACEN
26455;WHISKY JACK DANIELS 700CC;ALMACEN
2246;WHISKY JACK DANIELS 750CC;ALMACEN
27355;WHISKY JAMESON 700CC;ALMACEN
01998;WHISKY JAMESON 750CC;ALMACEN
14726;WHISKY JOHNNIE WALKER 750CC RED LABEL;ALMACEN
09938;WHISKY OLD SMUGGLER 1LT;ALMACEN
10823;WHISKY OLD SMUGGLER 750CC;ALMACEN
15206;WHISKY VAT 69 750CC BLENDED SC;ALMACEN
08535;WHISKY WHITE HORSE 750CC;ALMACEN
000352;YERBA AGUANTADORA 1KG;ALMACEN
05049;YERBA AGUANTADORA 1KG SUAVE;ALMACEN
000901;YERBA AGUANTADORA 500G;ALMACEN
05279;YERBA AGUANTADORA 500G SUAVE;ALMACEN
25304;YERBA AGUANTADORA 500G TERERE;ALMACEN
22461;YERBA AGUANTADORA 500GR ESPECIAL;ALMACEN
19952;YERBA AMANDA 1KG CAMPO;ALMACEN
000853;YERBA AMANDA 1KG DESPALADA;ALMACEN
000851;YERBA AMANDA 1KG SELECCION ESPECIAL;ALMACEN
000954;YERBA AMANDA 1KG TRADICIONAL;ALMACEN
00887;YERBA AMANDA 2KG;ALMACEN
000883;YERBA AMANDA 500G;ALMACEN
07160;YERBA AMANDA 500G DESPALADA;ALMACEN
18319;YERBA AMANDA 500G H. SERRANAS COMP;ALMACEN
000713;YERBA AMANDA 500G HIERBAS;ALMACEN
08000;YERBA AMANDA 500G LATA;ALMACEN
000711;YERBA AMANDA 500G LIMON;ALMACEN
000708;YERBA AMANDA 500G NARANJA;ALMACEN
000942;YERBA AMANDA 500G ORGANICA;ALMACEN
000859;YERBA AMANDA 500G PREMIUM;ALMACEN
000854;YERBA AMANDA 500G SELEC ESPECIAL;ALMACEN
20934;YERBA BUENAS Y SANTAS 500G HIERBAS ;ALMACEN
25930;YERBA CACHAMAI 500G TRADICIONAL;ALMACEN
19717;YERBA CACHAMATE 1KG AMARILLA;ALMACEN
22120;YERBA CACHAMATE 1KG H.SERRANA;ALMACEN
19705;YERBA CACHAMATE 1KG ROSA;ALMACEN
19734;YERBA CACHAMATE 500G AMARILLA;ALMACEN
22417;YERBA CACHAMATE 500G CAJA SELECCION;ALMACEN
19701;YERBA CACHAMATE 500G H. SERRANAS;ALMACEN
04203;YERBA CACHAMATE 500G H.LITORAL;ALMACEN
17071;YERBA CACHAMATE 500G HIERBAS DIGESTIVAS;ALMACEN
01304;YERBA CACHAMATE 500G HIERBAS PAMPEANAS;ALMACEN
04493;YERBA CACHAMATE 500G HIERBAS SERRANAS;ALMACEN
19699;YERBA CACHAMATE 500G PREMIUM;ALMACEN
20521;YERBA CACHAMATE 500G SABO.COCO;ALMACEN
19700;YERBA CACHAMATE 500G SILUETPLUS ENDULZ;ALMACEN
16085;YERBA CACHAMATE 500G SUAVE NARANJA;ALMACEN
02413;YERBA CACHAMATE ROSA 500G;ALMACEN
02357;YERBA CACHAMATE SILUET PLUS;ALMACEN
05651;YERBA CAMPECHE 1KG;ALMACEN
05630;YERBA CAMPECHE 500G;ALMACEN
15159;YERBA CBSE 1KG HIERBAS SERRANAS L.G.C;ALMACEN
10056;YERBA CBSE 1KG SERRANA;ALMACEN
27567;YERBA CBSE 250G CHOCO/PISTACHO;ALMACEN
27568;YERBA CBSE 250G MANGO PICANTE;ALMACEN
16645;YERBA CBSE 500G ENDULIFE C/ST;ALMACEN
21631;YERBA CBSE 500G FRUTOS D/BOSQUE L.G.C.;ALMACEN
26068;YERBA CBSE 500G FRUTOS DEL VALLE L.G.C;ALMACEN
26067;YERBA CBSE 500G FRUTOS TROPICALES L.G.C;ALMACEN
22227;YERBA CBSE 500G GUARANA L.G.C;ALMACEN
09095;YERBA CBSE 500G H.SERRAN. CAJA L.G.C.;ALMACEN
16204;YERBA CBSE 500G HIERB.SERRANAS ;ALMACEN
26066;YERBA CBSE 500G HIERBAS CUYANAS L.G.C;ALMACEN
26065;YERBA CBSE 500G HIERBAS LITORAL L.G.C;ALMACEN
16205;YERBA CBSE 500G JENGIBRE L.G.C.;ALMACEN
15158;YERBA CBSE 500G LIMON L.G.C;ALMACEN
24705;YERBA CBSE 500G MATEANDO L.G.C;ALMACEN
04805;YERBA CBSE 500G MIEL L.G.C.;ALMACEN
15157;YERBA CBSE 500G NARANJA L.G.C;ALMACEN
101174;YERBA CBSE 500G POMELO L.G.C.;ALMACEN
18675;YERBA CBSE 500G REGULASE L.G.C.;ALMACEN
25418;YERBA CBSE 500G SILUETA;ALMACEN
26069;YERBA CBSE 500G SILUETA NARANJA L.G.C;ALMACEN
24085;YERBA DICOMERE 500G ORGANICA ;ALMACEN
24513;YERBA LAS MARIAS 500G LATA ANIV.;ALMACEN
27316;YERBA LIEBIG 500G ORIGINAL;ALMACEN
05149;YERBA MANANITA 500G BCP LATA;ALMACEN
06840;YERBA MAÑANITA  500G BCP ;ALMACEN
06844;YERBA MAÑANITA 1KG BCP ;ALMACEN
27310;YERBA MERCED 1 KG CAMPO SUR;ALMACEN
04302;YERBA MERCED 500G BARBACUA;ALMACEN
09000;YERBA MERCED 500G CAMPO ;ALMACEN
04376;YERBA MERCED 500G CAMPO MONTE;ALMACEN
09123;YERBA MERCED 500G CAMPO MONTE;ALMACEN
13488;YERBA MERCED 500G CAMPO SUR;ALMACEN
15789;YERBA MERCED 500G MONTE ;ALMACEN
02888;YERBA MERCED 500GR DE CAMPO;ALMACEN
4100;YERBA PAMPA 500G C/P TRADICIONAL;ALMACEN
14272;YERBA PAMPA 500G ORGANICA;ALMACEN
09546;YERBA PIPORE 1KG SELECC.ESPECIAL;ALMACEN
09542;YERBA PIPORE 1KG SUAVE;ALMACEN
14841;YERBA PIPORE 1KG TRADICIONAL;ALMACEN
01813;YERBA PIPORE 2KG;ALMACEN
07625;YERBA PIPORE 2KG SUAVE;ALMACEN
07664;YERBA PIPORE 500G COMPUESTA;ALMACEN
07655;YERBA PIPORE 500G DESPALADA;ALMACEN
09488;YERBA PIPORE 500G SUAVE;ALMACEN
04463;YERBA PIPORE 500G SUBLIME;ALMACEN
02324;YERBA PIPORE 500G TERERE;ALMACEN
15452;YERBA PIPORE 500G TRADICIONAL ;ALMACEN
02548;YERBA PLAYADITO 1K;ALMACEN
13503;YERBA PLAYADITO 1K;ALMACEN
09423;YERBA PLAYADITO 500G;ALMACEN
000902;YERBA ROSAMONTE 1KG;ALMACEN
23716;YERBA ROSAMONTE 1KG  LIENZO;ALMACEN
05220;YERBA ROSAMONTE 1KG DESPALADA;ALMACEN
01266;YERBA ROSAMONTE 1KG ESPECIAL;ALMACEN
000917;YERBA ROSAMONTE 1KG PLUS;ALMACEN
08632;YERBA ROSAMONTE 1KG SUAVE;ALMACEN
15806;YERBA ROSAMONTE 1KG SUAVE ESP.;ALMACEN
000940;YERBA ROSAMONTE 2KG;ALMACEN
000903;YERBA ROSAMONTE 500G;ALMACEN
000920;YERBA ROSAMONTE 500G DESPALADA;ALMACEN
000905;YERBA ROSAMONTE 500G ESPECIAL;ALMACEN
000910;YERBA ROSAMONTE 500G PLUS;ALMACEN
10294;YERBA ROSAMONTE 500G PREMIUM;ALMACEN
08633;YERBA ROSAMONTE 500G SUAVE;ALMACEN
15805;YERBA ROSAMONTE 500G SUAVE ESPEC.;ALMACEN
000806;YERBA SINCERIDAD 1KG SUAVE;ALMACEN
09301;YERBA SINCERIDAD 500G H.NATURALES;ALMACEN
09297;YERBA SINCERIDAD 500G LIMON;ALMACEN
000816;YERBA SINCERIDAD 500G SUAVE;ALMACEN
07499;YERBA TARAGUI  500G ;ALMACEN
04887;YERBA TARAGUI  500G LATA;ALMACEN
09124;YERBA TARAGUI  500G SIN PALO;ALMACEN
07490;YERBA TARAGUI 1KG;ALMACEN
09586;YERBA TARAGUI 1KG SIN PALO;ALMACEN
18811;YERBA TUCANGUA 1KG ORGANICA ;ALMACEN
07505;YERBA UNION  500G SUAVE;ALMACEN
13487;YERBA UNION 1KG LIVIANA BCP;ALMACEN
07500;YERBA UNION 1KG SUAVE ;ALMACEN
13485;YERBA UNION 500G LIVIANA BCP ;ALMACEN
26945;YERBA UNION 500G SUAVE LATA;ALMACEN
000962;YERBA VERDEFLOR  500G NARANJA;ALMACEN
000961;YERBA VERDEFLOR  500G SERRANA;ALMACEN
09092;YERBA VERDEFLOR 1KG SERRANA;ALMACEN
15486;YERBA VERDEFLOR 500G CEDRON;ALMACEN
20208;YERBA VERDEFLOR 500G MELISA;ALMACEN
23681;YERBERA 190 CAJA MAMA;ALMACEN
23693;YERBERA CUERO;ALMACEN
08816;YOG.TREGAR 140G NATURAL;FIAMBRERIA
27478;YOGOR LS 480G ENT.BAT.NATURAL ;FIAMBRERIA
22639;YOGS BEB 1KG BOT.FRUTILLA;FIAMBRERIA
22638;YOGS BEB 900G SACHET FRUTILLA;FIAMBRERIA
22750;YOGS BEB.1KG BOT.DESC.VAINILLA ;FIAMBRERIA
24150;YOGS BEB.900G SACHET DURAZNO ;FIAMBRERIA
23240;YOGS BEB.900G SACHET FRUTOS DEL BOSQUE;FIAMBRERIA
23241;YOGS BEB.900G SACHET VAINILLA ;FIAMBRERIA
15706;YOGS CEREAL 165G CHOCO KRISPIS;FIAMBRERIA
24152;YOGS CEREAL 165G FROOT LOOPS ;FIAMBRERIA
14844;YOGS ENT.FIRME 190G FRUTILLA;FIAMBRERIA
14937;YOGS ENT.FRUTADO 160G DURAZNO;FIAMBRERIA
15681;YOGS ENT.FRUTADO 160G FBOSQUE;FIAMBRERIA
15077;YOGS ENT.FRUTADO 160G FRUTILLA;FIAMBRERIA
24834;YOGS FIRME ENT.190G FRUTILLA ;FIAMBRERIA
24833;YOGS FIRME ENT.190G VAINILLA ;FIAMBRERIA
20261;YOGUR COCOIOGO 160G DURAZNO S/AZUCAR ;FIAMBRERIA
20262;YOGUR COCOIOGO 160G FDEL BOSQUE S/AZUCAR ;FIAMBRERIA
20260;YOGUR COCOIOGO 160G FRUTILLA S/AZUCAR ;FIAMBRERIA
20259;YOGUR COCOIOGO 160G MARACUYA ;FIAMBRERIA
23142;YOGUR COCOIOGO 320G NATURAL ;FIAMBRERIA
24425;YOGUR CREM.ILOLAY 2*120G FRUTILLA ;FIAMBRERIA
24730;YOGUR CREM.MILKAUT 120G FRUTILLA;FIAMBRERIA
24865;YOGUR CREM.MILKAUT 120G VAINILLA;FIAMBRERIA
23227;YOGUR CREM.MILKAUT 125G FRUTILLA ;FIAMBRERIA
23228;YOGUR CREM.MILKAUT 125G VAINILLA ;FIAMBRERIA
26725;YOGUR DAHI 130G APPLE CRUMBLE;FIAMBRERIA
26726;YOGUR DAHI 130G CHOCO CAKE;FIAMBRERIA
26728;YOGUR DAHI 130G COCO Y DDL;FIAMBRERIA
26936;YOGUR DAHI 130G FRAMBRUESA/COCO;FIAMBRERIA
26724;YOGUR DAHI 130G KEY LIME PIE;FIAMBRERIA
26727;YOGUR DAHI 130G TIRAMISU;FIAMBRERIA
25660;YOGUR DAHI 190G DESC. C/CIRUELAS;FIAMBRERIA
09534;YOGUR DAHI 200G BATIDO ENT. FDB;FIAMBRERIA
24719;YOGUR DAHI BAT.190G ENT.C/CIRUELA;FIAMBRERIA
23155;YOGUR DAHI BAT.DESC.190G C/PULPA DURAZNO ;FIAMBRERIA
22248;YOGUR DAHI BAT.DESC.190G F.DBOSQUE;FIAMBRERIA
24685;YOGUR DAHI BAT.DESC.190G MANGO/MARACUYA;FIAMBRERIA
22250;YOGUR DAHI BAT.ENT.190G FDBOSQUE ;FIAMBRERIA
22249;YOGUR DAHI BAT.ENT.190G FRUTILLA ;FIAMBRERIA
24767;YOGUR DAHI BAT.ENT.190G MANGO/MARACUYA ;FIAMBRERIA
22697;YOGUR DAHI BAT.ENT.190G PULPA DURAZNO;FIAMBRERIA
22698;YOGUR DAHI BAT.ENT.190G PULPA FRUTILLA;FIAMBRERIA
09598;YOGUR DAHI BATIDO 200G ENT.DURAZNO;FIAMBRERIA
09535;YOGUR DAHI BATIDO DES.200G FRUTILLA;FIAMBRERIA
09552;YOGUR DAHI BATIDO DES.C/F 200G;FIAMBRERIA
09599;YOGUR DAHI BATIDO DES.C/F 200G DURAZNO;FIAMBRERIA
09536;YOGUR DAHI BATIDO DES.C/F 200G FRU.BOSQUE;FIAMBRERIA
09538;YOGUR DAHI BATIDO DES.CIRUELA 200G;FIAMBRERIA
09544;YOGUR DAHI BATIDO DES.MANGO/MARACUYA;FIAMBRERIA
09537;YOGUR DAHI BATIDO ENT.C/F 200G CIRUELA;FIAMBRERIA
09540;YOGUR DAHI BATIDO ENT.C/F 200G MANGO/MARACUY.;FIAMBRERIA
09529;YOGUR DAHI FIRME ENT.F 200G;FIAMBRERIA
22251;YOGUR DAHI NATURAL 190G S/AZUCAR ;FIAMBRERIA
25771;YOGUR ENT. SANCOR 165G ZUCARITAS;FIAMBRERIA
27008;YOGUR ENT.TREGAR 125G FRUTILLA;FIAMBRERIA
24636;YOGUR F.LAS VACAS 125G COLCHON FDB ;FIAMBRERIA
19203;YOGUR F.VACAS COLCHON F.ROJOS S/A;FIAMBRERIA
19204;YOGUR F.VACAS COLCHON MANGO/MARAC.;FIAMBRERIA
19733;YOGUR FELICES VACAS 190G NAT CEREALES/ALMEND;FIAMBRERIA
16740;YOGUR FELICES VACAS 200G FRUT/ALMEND;FIAMBRERIA
16741;YOGUR FELICES VACAS 200G VAIN/ALMEND;FIAMBRERIA
24782;YOGUR FIRME MILKAUT 180G FRUTILLA ;FIAMBRERIA
24783;YOGUR FIRME MILKAUT 180G VAINILLA;FIAMBRERIA
21484;YOGUR G.C. 120G FIRME VAINILLA ;FIAMBRERIA
24701;YOGUR G.C.SACHET 900G ENT.FRUTILLA;FIAMBRERIA
24702;YOGUR G.C.SACHET 900G ENT.VAINILLA ;FIAMBRERIA
11762;YOGUR ILOLAY 120G BAT.ENT.FRUT;FIAMBRERIA
24020;YOGUR ILOLAY 120G CREMOSO FRUTILLA ;FIAMBRERIA
24021;YOGUR ILOLAY 120G CREMOSO VAINILLA;FIAMBRERIA
11760;YOGUR ILOLAY 120G FIRME ENT.FR;FIAMBRERIA
27282;YOGUR ILOLAY 140G BAT. NATURAL;FIAMBRERIA
24866;YOGUR ILOLAY 150G C/TROZOS ARANDANOS;FIAMBRERIA
22185;YOGUR ILOLAY 150G C/TROZOS DUR.;FIAMBRERIA
22184;YOGUR ILOLAY 150G C/TROZOS FRUT.;FIAMBRERIA
13019;YOGUR ILOLAY 150G DES.FRUT.COL;FIAMBRERIA
24553;YOGUR ILOLAY 150G DESC.DURAZNO;FIAMBRERIA
24462;YOGUR ILOLAY 150G DESC.FRUTILLA ;FIAMBRERIA
27974;YOGUR ILOLAY 185G KIDS PD FRUTILLA ;FIAMBRERIA
27973;YOGUR ILOLAY 185G KIDS PD VAINILLA ;FIAMBRERIA
24640;YOGUR ILOLAY 185G TTOP DURAZNO ;FIAMBRERIA
24639;YOGUR ILOLAY 185G TTOP FRUTILLA;FIAMBRERIA
22567;YOGUR ILOLAY 190G FIRME D.LECHE;FIAMBRERIA
22373;YOGUR ILOLAY 190G FIRME FRUTILLA;FIAMBRERIA
22374;YOGUR ILOLAY 190G FIRME VAINILLA ;FIAMBRERIA
06773;YOGUR ILOLAY 190G.DESC.FRUTIL;FIAMBRERIA
02233;YOGUR ILOLAY 190G.DESC.VAINIL;FIAMBRERIA
06002;YOGUR ILOLAY 190G.ENT.D.LECHE;FIAMBRERIA
06761;YOGUR ILOLAY 190G.ENT.FRUTILL;FIAMBRERIA
02229;YOGUR ILOLAY 190G.ENT.VAINILL;FIAMBRERIA
22476;YOGUR ILOLAY 1KG TETRA DURAZNO E/A;FIAMBRERIA
22767;YOGUR ILOLAY 1KG TETRA FRUT.;FIAMBRERIA
27765;YOGUR ILOLAY 350G NATURAL ;FIAMBRERIA
04782;YOGUR ILOLAY C/COPOS MAIZ;FIAMBRERIA
27976;YOGUR ILOLAY CREM.90G KIDS PD FRUTILLA ;FIAMBRERIA
27975;YOGUR ILOLAY CREM.90G KIDS PD VAINILLA;FIAMBRERIA
24505;YOGUR ILOLAY DESC.160G C/AROS FRUTAL ;FIAMBRERIA
25334;YOGUR ILOLAY DESC.950G TT FRUTILLA ;FIAMBRERIA
27187;YOGUR ILOLAY DESC.950G TT VAINILLA;FIAMBRERIA
20270;YOGUR ILOLAY DESC.SACHET 900G FRUTILLA ;FIAMBRERIA
22652;YOGUR ILOLAY DESC.SACHET 900G FRUTILLA;FIAMBRERIA
24594;YOGUR ILOLAY DESC.SACHET 900G VAINILLA ;FIAMBRERIA
01507;YOGUR ILOLAY ENT.C/AROS FRUTAL;FIAMBRERIA
22564;YOGUR ILOLAY ENT.SACHET 900G DURAZNO;FIAMBRERIA
227398;YOGUR ILOLAY ENT.SACHET 900G FRUT./KIWI;FIAMBRERIA
22739;YOGUR ILOLAY ENT.SACHET 900G FRUTILLA ;FIAMBRERIA
22426;YOGUR ILOLAY ENT.SACHET 900G VAINILLA;FIAMBRERIA
23593;YOGUR ILOLAY FIRME 120G FRUTILLA;FIAMBRERIA
25904;YOGUR ILOLAY FIRME 120G FRUTILLA *2U;FIAMBRERIA
24808;YOGUR ILOLAY FIRME 120G VAINILLA;FIAMBRERIA
24787;YOGUR ILOLAY PD 950G TETRA DURAZNO;FIAMBRERIA
24786;YOGUR ILOLAY PD 950G TETRA FRUTILLA ;FIAMBRERIA
24788;YOGUR ILOLAY PD 950G TETRA VAINILLA;FIAMBRERIA
14905;YOGUR ILOLAY SACHET DES.FRUTILLA;FIAMBRERIA
14906;YOGUR ILOLAY SACHET DES.VAINILLA;FIAMBRERIA
22741;YOGUR ILOLAY VAINILLA TTOP 1KG;FIAMBRERIA
11341;YOGUR ILOLAY.1KG TETRA DES.VAI;FIAMBRERIA
11340;YOGUR ILOLAY.1KG TETRA DURAZNO;FIAMBRERIA
27708;YOGUR LS 120G FIRME ENT.FRUTILLA ;FIAMBRERIA
27479;YOGUR LS 164G ENT.CON ROCKLETS ;FIAMBRERIA
27484;YOGUR LS 190G DESC.FIRME FRUTILLA;FIAMBRERIA
27515;YOGUR LS 190G DESC.FIRME VAINILLA ;FIAMBRERIA
27453;YOGUR LS 190G FIRME ENT.FRUTILLA;FIAMBRERIA
27439;YOGUR LS 190G FIRME.ENT VAINILLA;FIAMBRERIA
27480;YOGUR LS 900G DESC.FRUTILLA SACHET ;FIAMBRERIA
27481;YOGUR LS 900G DESC.VAINILLA SACHET ;FIAMBRERIA
27483;YOGUR LS 900G DESLACT.FRUTILLA SACHET ;FIAMBRERIA
27482;YOGUR LS 900G DESLACT.VAINILLA SACHET ;FIAMBRERIA
27704;YOGUR LS BAT.120G ENT.DURAZNO;FIAMBRERIA
27707;YOGUR LS BAT.120G ENT.FRUTILLA ;FIAMBRERIA
27705;YOGUR LS BAT.120G ENT.VAINILLA;FIAMBRERIA
27767;YOGUR LS BAT.480G ENT.FRUTILLA ;FIAMBRERIA
27766;YOGUR LS BAT.480G ENT.VAINILLA ;FIAMBRERIA
27445;YOGUR LS BAT.ENT.120G NATURAL;FIAMBRERIA
21200;YOGUR LS BATIDO 164G C/CONFITES ;FIAMBRERIA
21257;YOGUR LS CLASICO 120G ENT.BATIDO DURAZNO;FIAMBRERIA
21221;YOGUR LS CLASICO 120G ENT.BATIDO FRUTILLA;FIAMBRERIA
23102;YOGUR LS CLASICO 120G ENT.BATIDO VAINILLA;FIAMBRERIA
21198;YOGUR LS CLASICO 120G ENT.FIRME FRUTILLA;FIAMBRERIA
21155;YOGUR LS CLASICO 120G ENT.FIRME VAINILLA;FIAMBRERIA
25446;YOGUR LS CLASICO BAT.ENT.480G FRUTILLA;FIAMBRERIA
25445;YOGUR LS CLASICO BAT.ENT.480G VAINILLA;FIAMBRERIA
21790;YOGUR LS CLASICO DES.120G BAT.FRUTILLA ;FIAMBRERIA
21515;YOGUR LS CLASICO DESC.190G FIRME FRUTILLA;FIAMBRERIA
21430;YOGUR LS CLASICO DESC.190G FIRME VAINILLA;FIAMBRERIA
21312;YOGUR LS DESC.157G C/CEREALES;FIAMBRERIA
21732;YOGUR LS DESC.BAT.120G VAINILLA ;FIAMBRERIA
18528;YOGUR LS ENTERO 159G C/CEREALES ;FIAMBRERIA
27485;YOGUR LS ENTERO 159G C/CEREALES ;FIAMBRERIA
27715;YOGUR LS FIRME 120G DESC.FRUTILLA ;FIAMBRERIA
27556;YOGUR LS FIRME 120G DESC.VAINILLA ;FIAMBRERIA
27548;YOGUR LS FIRME 120G ENT.VAINILLA ;FIAMBRERIA
17428;YOGUR LS FIRME ENTERO 190G FRUTILLA;FIAMBRERIA
21575;YOGUR LS FIRME ENTERO 190G VAINILLA ;FIAMBRERIA
21563;YOGUR LS FIRME.ENT.190G CLASICO ;FIAMBRERIA
23326;YOGUR LS SACHET 1.1K ENT.CLA.FRUTILLA ;FIAMBRERIA
23327;YOGUR LS SACHET 1.1K ENT.CLAS.VAINILLA;FIAMBRERIA
27443;YOGUR LS SACHET 1.3K ENT.FRUTILLA;FIAMBRERIA
27452;YOGUR LS SACHET 1.3K ENT.VAINILLA;FIAMBRERIA
22194;YOGUR LS SACHET 900G DESC.FRUTILLA;FIAMBRERIA
22195;YOGUR LS SACHET 900G DESC.PRO.0%LAC.FRUTILLA ;FIAMBRERIA
22190;YOGUR LS SACHET 900G DESC.VAINILLA;FIAMBRERIA
22271;YOGUR LS SACHET 900G ENT.CLASICO DURAZNO ;FIAMBRERIA
22462;YOGUR LS SACHET 900G ENT.CLASICO FRUTILLA;FIAMBRERIA
22191;YOGUR LS SACHET 900G ENT.CLASICO VAINILLA;FIAMBRERIA
27440;YOGUR LS SACHET 900G ENT.DURAZNO;FIAMBRERIA
27441;YOGUR LS SACHET 900G ENT.FRUTILLA;FIAMBRERIA
27444;YOGUR LS SACHET 900G ENT.VAINILLA;FIAMBRERIA
21158;YOGUR LS SACHET 900G ENTERO FRUTILLA;FIAMBRERIA
20148;YOGUR LS SACHET 900G LIGHT FRUTILLA;FIAMBRERIA
20147;YOGUR LS SACHET 900G LIGHT VAINILLA;FIAMBRERIA
22193;YOGUR LS SACHET 900G RED.0%LAC.VAINILLA;FIAMBRERIA
24596;YOGUR MILKAUT 120G CONF.FRUTILLA ;FIAMBRERIA
24406;YOGUR MILKAUT 120G FRUT.RED.LACT.;FIAMBRERIA
24297;YOGUR MILKAUT 120G VAINILLA RED.LACT.;FIAMBRERIA
22835;YOGUR MILKAUT 150G DUR.C/FRUTA ;FIAMBRERIA
22834;YOGUR MILKAUT 150G FRUT.C/FRUTA ;FIAMBRERIA
24007;YOGUR MILKAUT 155G C/GRANOLA ;FIAMBRERIA
23077;YOGUR MILKAUT 155G FRUT.C/CEREALES;FIAMBRERIA
24531;YOGUR MILKAUT 155G MORA C/CONF.;FIAMBRERIA
23076;YOGUR MILKAUT 155G VAIN.C/CEREALES;FIAMBRERIA
26383;YOGUR MILKAUT 180G CREMOSO FRUTILLA;FIAMBRERIA
26384;YOGUR MILKAUT 180G CREMOSO VAINILLA;FIAMBRERIA
27277;YOGUR MILKAUT 180G FRUTILLA BALANCE;FIAMBRERIA
24566;YOGUR MILKAUT 180G NATURAL ;FIAMBRERIA
25673;YOGUR MILKAUT 190G DESC. FRUTILLA;FIAMBRERIA
26007;YOGUR MILKAUT 190G DESC. VAINILLA;FIAMBRERIA
25506;YOGUR MILKAUT 900G BALANCE VAINILLA;FIAMBRERIA
25406;YOGUR MILKAUT 900G DESC.FRUTILLA ;FIAMBRERIA
24803;YOGUR MILKAUT 900G DURAZNO ;FIAMBRERIA
24707;YOGUR MILKAUT 900G ENT.FRUTILLA ;FIAMBRERIA
28064;YOGUR MILKAUT 900G FRUTILLA RED.LACT.;FIAMBRERIA
24804;YOGUR MILKAUT 900G VAINILLA;FIAMBRERIA
24659;YOGUR MILKAUT 900G VAINILLA 0%LACT.;FIAMBRERIA
25581;YOGUR MILKAUT 950G FRUTILLA;FIAMBRERIA
24925;YOGUR MILKAUT 950G VAINILLA TETRA;FIAMBRERIA
24552;YOGUR MILKAUT C/CONF.DURAZ/NARANJA ;FIAMBRERIA
22832;YOGUR MILKAUT ENT.190G FRUTILLA ;FIAMBRERIA
22833;YOGUR MILKAUT ENT.190G VAINILLA ;FIAMBRERIA
23229;YOGUR MILKAUT ENT.900G DURAZNO ;FIAMBRERIA
23113;YOGUR MILKAUT ENT.900G FRAM./LIMON;FIAMBRERIA
22905;YOGUR MILKAUT ENT.900G FRUTILLA ;FIAMBRERIA
22836;YOGUR MILKAUT ENT.900G VAINILLA ;FIAMBRERIA
27505;YOGUR PWR QUIMYA 150G CHOCOLATE S/A;FIAMBRERIA
27500;YOGUR PWR QUIMYA 150G VAINILLA S/A;FIAMBRERIA
14500;YOGUR QUIMYA 150G COCO C/CEREAL;FIAMBRERIA
15847;YOGUR QUIMYA 150G PALTA 0% LACT.;FIAMBRERIA
14499;YOGUR QUIMYA 150G PALTA C/CEREAL;FIAMBRERIA
27279;YOGUR QUIMYA 150G PINA COLADA;FIAMBRERIA
27280;YOGUR QUIMYA 150G PITAYA/GUAYABA;FIAMBRERIA
14496;YOGUR QUIMYA 160G ARANDANO;FIAMBRERIA
26503;YOGUR QUIMYA 160G ARANDANOS;FIAMBRERIA
14498;YOGUR QUIMYA 160G FRUTILLA;FIAMBRERIA
23569;YOGUR QUIMYA 160G FRUTILLA 0% LACT.;FIAMBRERIA
14582;YOGUR QUIMYA 160G NEUTRO;FIAMBRERIA
23592;YOGUR QUIMYA 160G PISTACHO 0% LACT.;FIAMBRERIA
14497;YOGUR QUIMYA 160G VAINILLA;FIAMBRERIA
16071;YOGUR QUIMYA 160G VAINILLA S/AZUCAR;FIAMBRERIA
14583;YOGUR QUIMYA 170G CHOCOLATE;FIAMBRERIA
15848;YOGUR QUIMYA 170G FRUTILLA 0% LACT.;FIAMBRERIA
24391;YOGUR QUIMYA 170G MANGO/MARAC.S/AZUCAR;FIAMBRERIA
14919;YOGUR QUIMYA 170G MANGO/MARACUYA;FIAMBRERIA
21337;YOGUR QUIMYA 170G PISTACHO;FIAMBRERIA
25770;YOGUR SANCOR 165G CHOCO KRISPIS;FIAMBRERIA
21401;YOGUR SER 175G NATURAL ;FIAMBRERIA
26380;YOGUR SER 190G BOT.PROTEIN FRUTILLA ARANDANOS;FIAMBRERIA
26311;YOGUR SER 190G BOT.PROTEIN VAINILLA;FIAMBRERIA
21156;YOGUR SER 190G FIRME FRUTILLA COLÁGENO ;FIAMBRERIA
20794;YOGUR SER 190G FIRME VAINILLA COLAG.;FIAMBRERIA
25589;YOGUR SER 300G BIG POT FRUTILLA;FIAMBRERIA
15306;YOGUR SER 300G NATURAL;FIAMBRERIA
25294;YOGUR SER BAT.120G CALCIO FRUT./ARAND.;FIAMBRERIA
25295;YOGUR SER BAT.120G CALCIO VAINILLA ;FIAMBRERIA
21343;YOGUR SER BAT.155G C/CEREAL BERRIES ;FIAMBRERIA
21344;YOGUR SER BAT.166G C/CEREALES ;FIAMBRERIA
23170;YOGUR SER BAT.175G COLCHON FRUTILLA ;FIAMBRERIA
23226;YOGUR SER BAT.175G COLCHON MANZANA ;FIAMBRERIA
26360;YOGUR SER BAT.175G NATURAL FRUTOS ROJOS;FIAMBRERIA
26310;YOGUR SER BAT.175G PROTEIN NATURAL;FIAMBRERIA
21551;YOGUR SER NATUR 300G NATURAL ;FIAMBRERIA
21521;YOGUR SER NATURAL 175G NAT.;FIAMBRERIA
21315;YOGUR SER NATURE 190G FRUTILLA BOT ;FIAMBRERIA
21301;YOGUR SER NATURE 190G MUL.BOT.;FIAMBRERIA
18190;YOGUR SER SACHET 1L VAIN.C/COLAGENO;FIAMBRERIA
24731;YOGUR SER SACHET 900G FRUTILLA;FIAMBRERIA
24714;YOGUR SER SACHET 900G VAINILLA;FIAMBRERIA
27262;YOGUR TREGAR 120G BAT CON CAFE;FIAMBRERIA
27499;YOGUR TREGAR 120G BAT CON COCO;FIAMBRERIA
27263;YOGUR TREGAR 120G BAT CON LIMON;FIAMBRERIA
26868;YOGUR TREGAR 125G DULCE DE LECHE;FIAMBRERIA
26866;YOGUR TREGAR 125G VAINILLA;FIAMBRERIA
26486;YOGUR TREGAR 155G ENT.CON GRANOLA;FIAMBRERIA
26488;YOGUR TREGAR 164G DESC.C/COPOS;FIAMBRERIA
26487;YOGUR TREGAR 164G ENT.CON COPOS;FIAMBRERIA
27332;YOGUR TREGAR 170G FIRME FRUTILLA;FIAMBRERIA
27334;YOGUR TREGAR 170G FIRME VAINILLA;FIAMBRERIA
26973;YOGUR TREGAR 280G NATURAL ENDULZADO;FIAMBRERIA
26783;YOGUR TREGAR 280G NATURAL S/A;FIAMBRERIA
26492;YOGUR TREGAR BEB.DESC.900G FRUT.SACHET;FIAMBRERIA
26491;YOGUR TREGAR BEB.ENT.900G ARANDANO SACHET;FIAMBRERIA
23395;YOGUR TREGAR BEB.ENT.900G DUR.SACHET ;FIAMBRERIA
24194;YOGUR TREGAR BEB.ENT.900G FRUT.SAHCET ;FIAMBRERIA
24209;YOGUR TREGAR BEB.ENT.900G VAIN.SACHET  ;FIAMBRERIA
26867;YOGUR TREGAR DESC.125G VAINILLA;FIAMBRERIA
27299;YOGUR TREGAR DESC.155G GRANOLA;FIAMBRERIA
26763;YOGUR TREGAR DESC.160G ANANA;FIAMBRERIA
22209;YOGUR TREGAR DESC.160G C/FTA ARANDANO ;FIAMBRERIA
22200;YOGUR TREGAR DESC.160G C/FTA FRUTILLA ;FIAMBRERIA
22422;YOGUR TREGAR DESC.160G C/FTA.DURAZNO;FIAMBRERIA
27333;YOGUR TREGAR DESC.170G FIRME FRUTILLA;FIAMBRERIA
27300;YOGUR TREGAR DESC.170G FIRME VAINILLA;FIAMBRERIA
26801;YOGUR TREGAR DESC.900G DURAZNO;FIAMBRERIA
26710;YOGUR TREGAR DESC.900G VAINILLA;FIAMBRERIA
22633;YOGUR TREGAR DESC.FRUTILLA 125GR;FIAMBRERIA
15780;YOGUR TREGAR ENT.160G ARANDANOS;FIAMBRERIA
22199;YOGUR TREGAR ENT.160G C/FTA ANANA ;FIAMBRERIA
22423;YOGUR TREGAR ENT.160G C/FTA.MANGO/MARCA.;FIAMBRERIA
26782;YOGUR TREGAR ENT.160G CEREZA;FIAMBRERIA
15922;YOGUR TREGAR ENT.160G DURAZNO;FIAMBRERIA
15946;YOGUR TREGAR ENT.160G FRUTILLA;FIAMBRERIA
22632;YOGUR TREGAR NATURAL S/A 140GR;FIAMBRERIA
24441;YOGURISIMO 190G FRUTILLA BOT.PROB.;FIAMBRERIA
24440;YOGURISIMO 190G VAINILLA BOT PROB.;FIAMBRERIA
22528;YOGURISIMO BATIDO ENT.NATURAL 190GR;FIAMBRERIA
21311;YOGURISIMO CREMIX 120G FRUTILLA;FIAMBRERIA
21300;YOGURISIMO CREMIX 120G VAINILLA ;FIAMBRERIA
21269;YOGURISIMO E.GRIEGO 125G ARANDANOS;FIAMBRERIA
20931;YOGURISIMO E.GRIEGO 125G FRUT. CREMA;FIAMBRERIA
22802;YOGURISIMO E.GRIEGO 125G LEMON PIE;FIAMBRERIA
21270;YOGURISIMO E.GRIEGO 125G VAIN.CARAM.;FIAMBRERIA
26826;YOGURISIMO ENT.190G GRIEGO NAT.ENDULZADO;FIAMBRERIA
26791;YOGURISIMO ENT.190G GRIEGO NATURAL S/ENDULZAR;FIAMBRERIA
25751;YOGURISIMO ENT.BAT.190G S/ENDULZAR NATURAL ;FIAMBRERIA
21169;YOGURISIMO ENT.FIRME 120G FRUTILLA ;FIAMBRERIA
21168;YOGURISIMO ENT.FIRME 120G VAINILLA ;FIAMBRERIA
23513;YOGURISIMO FIRME 480G FRUTILLA;FIAMBRERIA
23512;YOGURISIMO FIRME 480G VAINILLA;FIAMBRERIA
20273;YOGURISIMO FIRME ENT.190G FRUTILLA ;FIAMBRERIA
21562;YOGURISIMO FIRME ENT.190G FRUTILLA ;FIAMBRERIA
21490;YOGURISIMO FIRME ENT.190G VAINILLA ;FIAMBRERIA
26860;YOGURISIMO GRIEGO 125G ARANDANOS;FIAMBRERIA
26861;YOGURISIMO GRIEGO 125G FRUTILLA;FIAMBRERIA
26784;YOGURISIMO GRIEGO 140G FRUTILLA;FIAMBRERIA
26785;YOGURISIMO GRIEGO 140G VAINILLA;FIAMBRERIA
26922;YOGURISIMO GRIEGO 168G C/CEREALES;FIAMBRERIA
26921;YOGURISIMO GRIEGO 168G C/GRANOLA;FIAMBRERIA
20583;YOGURISIMO NATURAL 300G ENDULZADO ;FIAMBRERIA
26846;YOGURISIMO NATURAL 300G ENDULZADO ;FIAMBRERIA
14655;YOGURISIMO NATURAL 300G NATURAL ;FIAMBRERIA
26847;YOGURISIMO NATURAL 300G S/ENDULZAR;FIAMBRERIA
21332;YOGURISIMO POTE 166G ZUCARITAS;FIAMBRERIA
21342;YOGURISIMO POTE 168G GRANOLAS ;FIAMBRERIA
22186;YOGURISIMO SACHET 900G BANANA ;FIAMBRERIA
22187;YOGURISIMO SACHET 900G FRUTILLA ;FIAMBRERIA
22252;YOGURISIMO SACHET 900G FRUTILLA ;FIAMBRERIA
25779;YOGURISIMO SACHET 900G NATURAL RED/AZUCAR;FIAMBRERIA
22162;YOGURISIMO SACHET 900G VAINILLA;FIAMBRERIA
23324;YOGURISIMO SACHET ENT. 1.1K FRUTILLA ;FIAMBRERIA
23325;YOGURISIMO SACHET ENT.1.1K VAINILLA ;FIAMBRERIA
18218;ZANAHORIA DESHID.KNORR 100G;ALMACEN
00086;ZANAHORIA FRACCIONADA;VERDULERIA
20668;ZANAHORIA INALPA 300G CUBOS;ALMACEN
10046;ZANAHORIA INALPA 350G CUBOS;ALMACEN
00532;ZANAHORIA OFERTA;VERDULERIA
00801;ZANAHORIAS  EL KG.;VERDULERIA
27456;ZANAHORIAS BAHIA 300G;VERDULERIA
00249;ZAPALLITOS  OFERTA;VERDULERIA
00802;ZAPALLITOS VERDES  EL KG.;VERDULERIA
00804;ZAPALLO CALABAZA  EL KG;VERDULERIA
00373;ZAPALLO CALABAZA FRACC.;VERDULERIA
00803;ZAPALLO CRIOLLO EL KG;VERDULERIA
00805;ZAPALLO ITALIANO EL KG.;VERDULERIA
21303;ZAPALLO MERIDIANO 330G EN ALMIBAR ;VERDULERIA
00499;ZAPALLO PRINCESA;VERDULERIA
00962;ZAPALLO ZOCCICABUTO;VERDULERIA
00160;ZAPALLO ZOCCICABUTO FRACC.;VERDULERIA
05461;ZUCHINNIS ESCAB.DIDIER 250G;FIAMBRERIA
